Date,UNP,CSX,NSC,NEE,SO,DUK,AEP,ED,EXC,XEL,CNP,ENB,KMI,ET,OKE,TRGP,PAA,JPM,BAC,C,WFC,GS,MS,PNC,BLK,BX,V,MA,LMT,RTX,NOC,GD,LHX,HII,BWXT
11/13/20, 203.44 , 30.20 , 239.26 , 77.19 , 63.90 , 94.98 , 89.87 , 81.63 , 30.58 , 74.08 , 24.25 , 28.43 , 13.13 , 5.36 , 31.66 , 20.53 , 7.66 , 114.08 , 27.00 , 48.66 , 24.07 , 219.08 , 56.61 , 122.78 , 669.77 , 56.16 , 210.48 , 335.03 , 375.14 , 66.15 , 311.71 , 151.15 , 194.30 , 164.01 , 56.37 
11/16/20, 206.71 , 31.00 , 246.77 , 77.75 , 64.12 , 95.01 , 89.21 , 82.71 , 30.90 , 74.71 , 25.09 , 28.99 , 13.67 , 5.44 , 32.35 , 21.58 , 8.16 , 117.30 , 27.58 , 50.40 , 24.90 , 222.38 , 58.11 , 126.29 , 676.43 , 57.09 , 212.70 , 335.45 , 377.13 , 68.66 , 312.73 , 152.93 , 200.00 , 163.26 , 56.53 
11/17/20, 205.85 , 30.83 , 245.64 , 76.61 , 62.36 , 92.92 , 86.73 , 79.25 , 30.71 , 72.63 , 25.17 , 29.68 , 14.03 , 5.63 , 33.31 , 22.65 , 8.36 , 116.11 , 27.55 , 50.73 , 25.04 , 224.65 , 58.81 , 126.89 , 667.49 , 57.69 , 210.71 , 336.50 , 375.90 , 68.87 , 312.63 , 151.47 , 198.43 , 162.82 , 56.67 
11/18/20, 204.03 , 30.44 , 241.87 , 75.79 , 61.78 , 91.53 , 84.13 , 77.69 , 30.45 , 70.50 , 23.75 , 29.08 , 13.76 , 5.65 , 32.31 , 22.68 , 8.19 , 115.25 , 26.98 , 51.05 , 25.06 , 224.30 , 58.81 , 129.30 , 669.89 , 57.81 , 207.83 , 335.94 , 377.56 , 69.51 , 310.60 , 153.50 , 196.35 , 163.02 , 56.96 
11/19/20, 204.55 , 30.57 , 242.10 , 75.13 , 61.07 , 91.70 , 82.45 , 77.10 , 30.20 , 69.35 , 23.43 , 29.14 , 14.40 , 6.12 , 33.30 , 23.24 , 8.26 , 115.56 , 26.98 , 52.14 , 26.16 , 224.57 , 58.63 , 130.30 , 673.48 , 58.64 , 207.57 , 333.88 , 376.46 , 71.11 , 309.48 , 149.99 , 195.76 , 162.21 , 57.01 
11/20/20, 203.39 , 30.51 , 240.80 , 75.55 , 60.88 , 92.58 , 82.49 , 77.39 , 29.86 , 69.31 , 23.46 , 29.25 , 14.25 , 6.08 , 32.96 , 23.08 , 7.93 , 114.57 , 26.81 , 51.65 , 25.48 , 223.35 , 57.81 , 128.90 , 672.71 , 58.65 , 203.88 , 323.00 , 368.02 , 69.76 , 306.42 , 148.36 , 191.50 , 158.74 , 55.89 
11/23/20, 207.39 , 30.69 , 242.85 , 74.57 , 60.45 , 93.33 , 83.41 , 77.57 , 29.64 , 68.36 , 23.98 , 29.94 , 14.62 , 6.43 , 35.18 , 24.76 , 8.51 , 117.87 , 27.39 , 53.30 , 26.30 , 228.83 , 60.27 , 133.65 , 682.87 , 59.11 , 208.16 , 332.04 , 370.85 , 72.64 , 306.49 , 150.02 , 194.10 , 165.11 , 57.05 
11/24/20, 208.70 , 30.97 , 242.52 , 74.98 , 61.19 , 96.26 , 84.82 , 78.38 , 30.48 , 68.14 , 24.36 , 31.32 , 14.97 , 6.71 , 37.66 , 25.20 , 8.66 , 123.32 , 28.98 , 57.06 , 28.61 , 237.50 , 63.60 , 140.11 , 699.30 , 59.83 , 209.68 , 342.39 , 378.48 , 74.36 , 309.98 , 153.67 , 195.83 , 170.87 , 58.64 
11/25/20, 207.24 , 30.75 , 241.46 , 75.97 , 60.89 , 96.15 , 85.37 , 78.66 , 30.11 , 68.11 , 24.51 , 31.82 , 14.85 , 6.49 , 37.54 , 24.98 , 8.63 , 122.03 , 29.03 , 57.06 , 28.59 , 236.54 , 63.48 , 140.65 , 703.61 , 60.48 , 210.89 , 341.32 , 378.34 , 73.81 , 312.26 , 152.04 , 194.98 , 165.53 , 58.11 
11/27/20, 205.64 , 30.43 , 242.72 , 75.13 , 60.65 , 94.60 , 84.92 , 77.77 , 29.76 , 67.62 , 24.07 , 31.86 , 14.75 , 6.36 , 37.23 , 24.50 , 8.28 , 121.22 , 28.99 , 56.67 , 28.46 , 235.40 , 63.84 , 139.79 , 715.11 , 60.53 , 211.00 , 339.07 , 374.34 , 73.91 , 306.03 , 152.06 , 194.47 , 164.53 , 57.56 
11/30/20, 204.08 , 30.02 , 237.02 , 73.59 , 59.85 , 92.66 , 84.89 , 76.25 , 29.29 , 67.36 , 23.19 , 31.21 , 14.38 , 6.18 , 35.87 , 23.50 , 7.94 , 117.88 , 28.16 , 55.07 , 27.35 , 230.58 , 61.83 , 138.07 , 698.35 , 59.55 , 210.35 , 336.51 , 365.00 , 71.72 , 302.26 , 149.35 , 191.99 , 160.19 , 56.88 
12/1/20, 202.40 , 30.21 , 238.75 , 74.15 , 60.57 , 93.26 , 85.21 , 76.91 , 29.41 , 68.41 , 22.83 , 31.34 , 14.10 , 6.17 , 36.47 , 23.61 , 8.10 , 119.74 , 28.69 , 55.47 , 28.06 , 232.08 , 63.28 , 140.72 , 715.23 , 60.42 , 211.20 , 338.88 , 364.99 , 71.23 , 301.10 , 151.76 , 191.84 , 164.42 , 56.94 
12/2/20, 203.56 , 30.23 , 239.67 , 74.31 , 61.88 , 93.87 , 85.87 , 77.03 , 29.64 , 68.68 , 22.93 , 32.17 , 14.34 , 6.33 , 37.47 , 24.17 , 8.30 , 122.04 , 29.06 , 57.20 , 28.87 , 237.65 , 64.02 , 141.38 , 718.36 , 61.60 , 210.18 , 340.22 , 361.36 , 71.94 , 298.77 , 153.35 , 191.54 , 163.17 , 56.71 
12/3/20, 202.26 , 30.14 , 237.15 , 73.35 , 61.88 , 92.35 , 84.74 , 75.91 , 29.27 , 67.31 , 22.79 , 32.73 , 14.49 , 6.55 , 38.49 , 24.90 , 9.00 , 121.24 , 28.91 , 56.58 , 29.16 , 235.47 , 64.06 , 141.25 , 715.42 , 61.40 , 208.05 , 335.14 , 362.03 , 73.29 , 303.43 , 153.88 , 192.70 , 163.73 , 56.74 
12/4/20, 206.05 , 30.62 , 240.19 , 72.52 , 61.52 , 91.15 , 83.39 , 75.31 , 29.19 , 65.75 , 22.86 , 33.38 , 14.93 , 6.93 , 40.63 , 26.52 , 9.68 , 122.34 , 29.29 , 58.62 , 29.55 , 239.58 , 65.00 , 142.53 , 703.47 , 62.04 , 212.68 , 344.35 , 366.61 , 73.91 , 307.23 , 156.04 , 195.04 , 167.69 , 57.64 
12/7/20, 204.99 , 30.68 , 239.06 , 73.27 , 61.73 , 91.87 , 83.84 , 74.84 , 29.37 , 66.61 , 23.14 , 33.28 , 14.80 , 6.70 , 40.31 , 25.72 , 9.35 , 121.88 , 29.09 , 58.13 , 29.34 , 238.45 , 64.26 , 141.81 , 709.49 , 61.98 , 212.65 , 340.96 , 362.13 , 73.04 , 301.00 , 153.00 , 191.63 , 170.04 , 58.61 
12/8/20, 205.21 , 30.50 , 238.67 , 73.68 , 61.00 , 91.51 , 83.49 , 74.56 , 29.46 , 66.04 , 22.50 , 33.42 , 14.76 , 6.74 , 40.79 , 26.27 , 9.04 , 122.00 , 28.93 , 58.36 , 28.94 , 238.84 , 63.91 , 141.43 , 713.92 , 62.45 , 212.77 , 340.79 , 359.23 , 74.48 , 301.96 , 153.57 , 189.25 , 171.59 , 60.14 
12/9/20, 205.88 , 30.58 , 240.86 , 73.67 , 60.77 , 91.39 , 83.60 , 74.24 , 29.30 , 65.56 , 22.23 , 33.55 , 14.61 , 6.49 , 40.22 , 26.00 , 8.69 , 121.05 , 28.80 , 58.95 , 29.05 , 242.82 , 64.37 , 143.28 , 701.68 , 62.39 , 209.58 , 336.85 , 361.35 , 73.54 , 303.73 , 154.14 , 188.30 , 173.44 , 60.62 
12/10/20, 202.52 , 30.00 , 236.50 , 73.28 , 60.50 , 91.76 , 82.48 , 73.35 , 29.38 , 65.18 , 21.80 , 34.23 , 14.79 , 6.82 , 41.75 , 28.06 , 8.86 , 120.27 , 29.11 , 60.50 , 29.49 , 244.40 , 64.44 , 143.99 , 698.41 , 62.85 , 207.61 , 331.52 , 355.39 , 72.98 , 298.43 , 150.37 , 187.50 , 174.46 , 62.10 
12/11/20, 203.06 , 30.14 , 235.25 , 73.80 , 60.42 , 91.54 , 82.76 , 73.16 , 29.37 , 65.00 , 21.75 , 34.10 , 14.75 , 7.01 , 41.57 , 28.25 , 8.76 , 119.56 , 28.57 , 58.93 , 29.08 , 239.99 , 63.32 , 143.66 , 695.20 , 63.84 , 206.24 , 327.42 , 361.71 , 72.89 , 300.57 , 151.33 , 189.18 , 177.70 , 62.60 
12/14/20, 198.00 , 29.64 , 229.25 , 73.55 , 59.66 , 91.13 , 82.21 , 72.41 , 29.28 , 65.04 , 21.64 , 33.35 , 14.31 , 6.95 , 40.14 , 27.44 , 8.59 , 118.30 , 28.22 , 58.74 , 28.64 , 237.79 , 61.88 , 141.79 , 683.92 , 63.11 , 207.25 , 331.15 , 357.66 , 70.80 , 298.00 , 153.34 , 189.95 , 174.98 , 61.10 
12/15/20, 200.30 , 30.07 , 229.80 , 74.91 , 60.86 , 92.11 , 84.29 , 73.00 , 30.46 , 66.02 , 22.24 , 33.71 , 14.77 , 6.99 , 41.31 , 28.18 , 8.90 , 120.32 , 28.64 , 59.67 , 29.73 , 242.43 , 63.95 , 143.15 , 698.18 , 65.14 , 208.36 , 333.65 , 357.57 , 71.04 , 298.51 , 154.60 , 188.32 , 176.07 , 62.13 
12/16/20, 198.85 , 29.70 , 228.70 , 74.44 , 60.43 , 90.61 , 82.83 , 71.75 , 30.26 , 65.59 , 21.87 , 33.27 , 14.60 , 6.87 , 40.65 , 28.28 , 8.77 , 120.67 , 28.72 , 59.75 , 29.65 , 243.77 , 64.23 , 145.25 , 698.37 , 64.93 , 208.27 , 332.10 , 354.57 , 70.57 , 302.01 , 153.40 , 186.13 , 174.62 , 61.03 
12/17/20, 202.20 , 30.18 , 230.69 , 75.06 , 61.07 , 91.52 , 83.86 , 71.62 , 30.41 , 67.01 , 21.88 , 33.14 , 14.30 , 6.88 , 40.73 , 27.75 , 8.78 , 119.67 , 28.83 , 60.05 , 29.47 , 244.43 , 64.67 , 145.02 , 706.01 , 65.34 , 211.18 , 336.90 , 352.60 , 70.64 , 300.68 , 151.59 , 185.71 , 170.47 , 60.52 
12/18/20, 203.60 , 30.22 , 232.39 , 74.51 , 60.14 , 90.32 , 83.29 , 71.15 , 30.36 , 66.10 , 21.87 , 32.79 , 14.21 , 6.78 , 39.87 , 26.95 , 8.76 , 119.08 , 28.67 , 59.06 , 29.01 , 242.13 , 64.18 , 144.91 , 698.80 , 64.60 , 211.31 , 340.33 , 356.03 , 70.17 , 303.13 , 152.67 , 187.21 , 169.62 , 60.16 
12/21/20, 202.49 , 29.90 , 230.14 , 74.40 , 60.00 , 89.10 , 82.12 , 69.95 , 29.60 , 65.39 , 21.05 , 32.33 , 13.99 , 6.60 , 39.39 , 27.08 , 8.57 , 123.55 , 29.74 , 61.23 , 29.55 , 256.98 , 67.83 , 144.60 , 698.83 , 64.45 , 209.01 , 334.37 , 349.35 , 69.67 , 297.61 , 149.67 , 185.04 , 165.27 , 59.48 
12/22/20, 201.52 , 29.85 , 230.50 , 74.71 , 59.72 , 89.53 , 81.40 , 69.65 , 29.78 , 64.83 , 20.82 , 31.90 , 13.78 , 6.46 , 38.63 , 26.66 , 8.78 , 121.67 , 29.21 , 59.26 , 28.96 , 250.09 , 66.64 , 143.73 , 693.52 , 64.84 , 205.84 , 332.24 , 347.92 , 69.25 , 296.32 , 146.50 , 184.11 , 163.63 , 59.00 
12/23/20, 201.17 , 29.89 , 233.12 , 74.33 , 59.38 , 89.04 , 80.71 , 70.07 , 29.74 , 64.31 , 21.50 , 32.10 , 13.83 , 6.52 , 38.80 , 26.85 , 8.98 , 125.07 , 30.05 , 60.78 , 30.35 , 256.45 , 68.21 , 146.70 , 703.64 , 65.05 , 205.30 , 329.23 , 351.60 , 70.72 , 300.66 , 148.15 , 185.85 , 166.55 , 61.20 
12/24/20, 203.39 , 30.02 , 234.39 , 74.98 , 59.80 , 89.67 , 81.42 , 70.44 , 29.83 , 64.63 , 21.58 , 32.19 , 13.83 , 6.44 , 38.80 , 26.55 , 8.85 , 124.52 , 29.96 , 60.57 , 29.84 , 256.16 , 68.09 , 146.15 , 707.18 , 64.99 , 208.70 , 336.00 , 351.97 , 70.27 , 299.60 , 149.01 , 185.16 , 165.40 , 60.14 
12/28/20, 205.65 , 30.21 , 236.71 , 75.49 , 59.99 , 90.25 , 81.28 , 71.26 , 30.10 , 65.32 , 21.41 , 31.80 , 13.64 , 6.23 , 38.41 , 25.73 , 8.65 , 125.34 , 30.13 , 61.13 , 29.93 , 259.59 , 68.05 , 146.54 , 710.18 , 64.67 , 212.63 , 344.47 , 354.18 , 70.63 , 303.02 , 148.72 , 187.32 , 166.89 , 60.31 
12/29/20, 204.42 , 29.78 , 233.99 , 75.33 , 60.07 , 89.86 , 81.18 , 70.76 , 29.83 , 65.42 , 21.30 , 31.83 , 13.57 , 6.20 , 38.13 , 26.12 , 8.54 , 125.01 , 30.01 , 60.91 , 29.78 , 258.01 , 67.71 , 144.87 , 706.28 , 64.54 , 214.37 , 346.66 , 353.90 , 70.34 , 300.99 , 147.55 , 186.29 , 166.58 , 59.64 
12/30/20, 205.98 , 30.11 , 235.98 , 75.91 , 60.61 , 90.56 , 81.51 , 71.02 , 29.90 , 65.65 , 21.42 , 31.97 , 13.57 , 6.16 , 38.12 , 26.18 , 8.37 , 125.36 , 29.98 , 60.86 , 29.75 , 259.45 , 67.84 , 146.89 , 708.94 , 64.70 , 218.36 , 355.55 , 354.16 , 71.36 , 302.61 , 148.30 , 187.65 , 168.54 , 60.16 
12/31/20, 208.22 , 30.25 , 237.61 , 77.15 , 61.43 , 91.56 , 83.27 , 72.27 , 30.11 , 66.67 , 21.64 , 31.99 , 13.67 , 6.18 , 38.38 , 26.38 , 8.24 , 127.07 , 30.31 , 61.66 , 30.18 , 263.71 , 68.53 , 149.00 , 721.54 , 64.81 , 218.73 , 356.94 , 354.98 , 71.51 , 304.72 , 148.82 , 189.02 , 170.48 , 60.28 
1/4/21, 203.01 , 29.33 , 233.44 , 74.22 , 59.36 , 89.71 , 81.54 , 70.66 , 29.36 , 65.66 , 21.34 , 31.97 , 13.56 , 6.10 , 37.50 , 26.16 , 8.20 , 125.87 , 30.03 , 60.14 , 29.70 , 265.00 , 68.33 , 149.15 , 710.82 , 63.00 , 217.76 , 351.49 , 344.64 , 68.43 , 294.76 , 145.94 , 180.44 , 164.05 , 58.95 
1/5/21, 205.50 , 29.83 , 235.71 , 74.77 , 59.75 , 89.75 , 81.43 , 69.87 , 29.31 , 65.02 , 21.57 , 33.34 , 13.90 , 6.46 , 39.38 , 27.78 , 8.69 , 125.65 , 30.26 , 61.70 , 30.53 , 270.93 , 69.49 , 148.36 , 714.58 , 62.81 , 214.51 , 347.42 , 348.79 , 69.42 , 296.59 , 146.01 , 182.35 , 165.56 , 59.22 
1/6/21, 209.80 , 30.62 , 243.35 , 78.43 , 61.21 , 90.91 , 82.08 , 71.36 , 30.27 , 66.46 , 21.95 , 32.98 , 14.36 , 6.62 , 39.83 , 28.55 , 9.16 , 131.55 , 32.15 , 65.25 , 32.69 , 285.55 , 73.68 , 156.51 , 734.96 , 61.66 , 212.62 , 347.55 , 348.03 , 70.28 , 299.14 , 149.74 , 182.77 , 170.98 , 61.00 
1/7/21, 212.72 , 31.34 , 249.85 , 79.29 , 61.14 , 89.89 , 79.89 , 69.91 , 29.97 , 65.16 , 20.88 , 33.70 , 14.60 , 6.65 , 40.70 , 30.47 , 9.63 , 135.87 , 32.86 , 66.02 , 33.43 , 291.65 , 74.94 , 159.00 , 750.42 , 63.23 , 213.81 , 349.86 , 342.55 , 69.78 , 292.58 , 151.72 , 181.25 , 169.74 , 58.91 
1/8/21, 218.82 , 31.95 , 254.04 , 81.13 , 61.57 , 90.05 , 79.18 , 69.93 , 30.10 , 65.76 , 20.71 , 33.35 , 14.49 , 6.73 , 39.93 , 29.20 , 9.44 , 136.02 , 32.53 , 65.37 , 33.19 , 290.08 , 75.25 , 158.19 , 756.45 , 62.90 , 215.45 , 353.85 , 336.10 , 69.86 , 288.33 , 150.77 , 180.70 , 169.09 , 59.23 
1/11/21, 217.35 , 32.00 , 254.37 , 79.69 , 61.21 , 89.29 , 78.78 , 68.73 , 29.85 , 64.40 , 20.79 , 33.24 , 14.74 , 6.83 , 41.23 , 29.21 , 9.53 , 138.05 , 33.07 , 66.44 , 33.24 , 293.83 , 76.06 , 159.38 , 766.68 , 62.69 , 212.89 , 348.20 , 337.68 , 69.80 , 294.74 , 151.78 , 183.49 , 169.20 , 59.80 
1/12/21, 218.64 , 31.96 , 256.44 , 79.75 , 58.82 , 88.93 , 77.84 , 67.92 , 30.01 , 63.40 , 20.70 , 33.72 , 15.21 , 7.14 , 43.51 , 31.01 , 10.18 , 140.22 , 33.66 , 66.67 , 33.94 , 302.21 , 75.80 , 161.73 , 777.74 , 62.58 , 208.86 , 342.92 , 341.85 , 71.52 , 297.54 , 153.50 , 184.98 , 172.21 , 60.33 
1/13/21, 216.61 , 31.55 , 254.48 , 81.84 , 59.71 , 91.56 , 78.15 , 69.61 , 30.52 , 65.01 , 20.82 , 34.60 , 15.31 , 7.24 , 43.71 , 30.69 , 10.27 , 140.35 , 33.46 , 66.86 , 33.80 , 302.94 , 75.56 , 159.10 , 779.75 , 63.97 , 209.35 , 346.33 , 345.49 , 70.50 , 299.46 , 152.63 , 186.73 , 171.30 , 60.09 
1/14/21, 216.16 , 31.16 , 252.46 , 82.53 , 59.04 , 91.66 , 78.83 , 68.46 , 30.36 , 63.56 , 20.85 , 35.60 , 15.64 , 7.13 , 44.76 , 31.07 , 10.52 , 141.17 , 33.99 , 69.01 , 34.75 , 307.87 , 76.47 , 161.50 , 743.50 , 63.50 , 201.86 , 326.93 , 347.44 , 70.94 , 303.02 , 154.09 , 190.77 , 172.02 , 61.22 
1/15/21, 216.60 , 31.14 , 252.95 , 82.04 , 59.66 , 92.11 , 80.47 , 69.60 , 30.92 , 64.96 , 21.46 , 35.26 , 15.49 , 7.01 , 44.17 , 30.03 , 10.33 , 138.64 , 33.01 , 64.23 , 32.04 , 301.01 , 75.24 , 154.78 , 727.76 , 63.35 , 201.59 , 323.26 , 347.27 , 69.20 , 300.75 , 153.17 , 188.58 , 171.47 , 59.85 
1/19/21, 215.28 , 30.89 , 249.84 , 82.81 , 61.06 , 90.38 , 80.71 , 69.48 , 30.53 , 64.71 , 21.69 , 35.08 , 15.55 , 6.85 , 44.11 , 30.08 , 10.17 , 138.04 , 32.77 , 63.69 , 32.63 , 294.20 , 74.99 , 156.00 , 733.65 , 64.41 , 201.66 , 325.94 , 341.50 , 69.36 , 298.02 , 153.13 , 190.10 , 170.57 , 59.99 
1/20/21, 218.18 , 31.07 , 253.43 , 84.05 , 60.65 , 90.78 , 80.75 , 69.94 , 30.70 , 65.43 , 21.48 , 35.56 , 15.59 , 6.83 , 44.01 , 29.77 , 9.91 , 135.97 , 32.34 , 63.25 , 32.46 , 290.47 , 74.84 , 156.26 , 741.54 , 65.22 , 206.01 , 334.91 , 341.67 , 68.84 , 298.78 , 154.03 , 188.38 , 168.46 , 58.88 
1/21/21, 207.90 , 30.54 , 245.36 , 83.71 , 59.88 , 90.18 , 80.97 , 69.15 , 30.68 , 65.11 , 21.69 , 35.05 , 15.26 , 6.62 , 42.87 , 28.77 , 9.12 , 134.83 , 31.77 , 61.87 , 32.00 , 289.37 , 74.70 , 153.69 , 742.20 , 65.69 , 205.14 , 334.44 , 339.67 , 68.11 , 296.87 , 151.06 , 183.13 , 166.89 , 58.31 
1/22/21, 207.13 , 29.21 , 244.22 , 84.21 , 60.14 , 90.29 , 82.08 , 68.83 , 30.33 , 64.76 , 21.44 , 34.66 , 15.32 , 6.50 , 42.84 , 28.77 , 9.10 , 133.79 , 31.55 , 61.33 , 31.90 , 289.39 , 74.13 , 152.57 , 735.05 , 65.03 , 202.02 , 328.99 , 339.88 , 67.58 , 298.16 , 152.77 , 183.80 , 167.64 , 58.18 
1/25/21, 206.46 , 29.29 , 245.96 , 86.87 , 61.02 , 92.91 , 82.59 , 70.64 , 30.91 , 66.50 , 21.67 , 34.58 , 15.26 , 6.57 , 42.23 , 27.97 , 9.03 , 132.12 , 31.16 , 60.56 , 32.24 , 283.04 , 72.38 , 150.47 , 722.98 , 64.98 , 200.98 , 329.19 , 343.51 , 66.28 , 299.35 , 153.16 , 185.23 , 166.51 , 57.96 
1/26/21, 200.05 , 28.94 , 238.09 , 85.23 , 59.69 , 92.92 , 81.82 , 70.28 , 30.56 , 65.81 , 21.95 , 34.86 , 15.22 , 6.62 , 42.12 , 27.59 , 8.95 , 131.58 , 30.94 , 60.91 , 31.38 , 281.76 , 71.21 , 148.06 , 721.85 , 64.90 , 202.01 , 327.70 , 330.69 , 67.20 , 293.11 , 150.33 , 179.92 , 160.88 , 57.31 
1/27/21, 194.33 , 27.96 , 235.64 , 80.19 , 58.54 , 91.71 , 80.44 , 71.54 , 29.25 , 63.82 , 20.86 , 33.84 , 14.82 , 6.47 , 40.55 , 26.99 , 8.60 , 127.86 , 29.83 , 59.40 , 30.17 , 273.33 , 68.42 , 144.44 , 697.79 , 65.16 , 194.97 , 315.49 , 332.51 , 65.50 , 292.24 , 152.73 , 179.14 , 163.20 , 54.89 
1/28/21, 201.29 , 28.90 , 241.79 , 82.46 , 59.04 , 91.48 , 80.56 , 70.21 , 29.98 , 63.64 , 21.58 , 34.00 , 14.69 , 6.41 , 42.11 , 28.05 , 8.58 , 130.11 , 30.32 , 60.34 , 30.81 , 275.02 , 69.32 , 147.79 , 719.91 , 67.05 , 198.22 , 324.28 , 327.93 , 68.17 , 293.03 , 150.43 , 176.66 , 161.95 , 55.13 
1/29/21, 197.47 , 28.58 , 236.62 , 80.87 , 58.92 , 94.00 , 80.91 , 70.78 , 29.64 , 63.99 , 21.09 , 33.60 , 14.08 , 6.27 , 39.83 , 27.37 , 8.37 , 128.67 , 29.65 , 57.99 , 29.88 , 271.17 , 67.05 , 143.52 , 701.26 , 67.19 , 193.25 , 316.29 , 321.82 , 66.73 , 286.61 , 146.68 , 171.51 , 157.33 , 53.92 
2/1/21, 198.60 , 29.02 , 239.91 , 81.70 , 59.11 , 93.16 , 81.18 , 70.75 , 30.01 , 63.94 , 21.24 , 33.85 , 14.02 , 6.36 , 40.02 , 28.00 , 8.40 , 129.62 , 29.96 , 58.43 , 29.99 , 274.73 , 67.67 , 145.86 , 713.17 , 69.33 , 198.36 , 321.56 , 324.03 , 66.96 , 292.31 , 147.67 , 173.56 , 157.77 , 54.94 
2/2/21, 205.93 , 29.88 , 246.35 , 82.93 , 59.64 , 93.10 , 82.11 , 70.26 , 30.56 , 64.20 , 21.50 , 34.45 , 13.81 , 6.53 , 41.21 , 29.21 , 8.59 , 133.61 , 31.03 , 59.58 , 30.75 , 286.97 , 70.95 , 150.40 , 729.50 , 70.99 , 202.61 , 334.37 , 332.70 , 70.14 , 300.00 , 149.82 , 180.54 , 159.62 , 56.03 
2/3/21, 204.36 , 29.77 , 246.25 , 83.05 , 59.45 , 93.39 , 81.28 , 70.51 , 30.29 , 63.18 , 21.15 , 34.85 , 14.24 , 6.67 , 42.48 , 30.03 , 8.60 , 135.14 , 31.58 , 61.10 , 31.70 , 288.55 , 70.60 , 152.20 , 724.08 , 69.95 , 201.36 , 332.82 , 332.39 , 70.58 , 300.74 , 153.08 , 179.51 , 161.20 , 55.44 
2/4/21, 204.45 , 29.47 , 245.57 , 83.00 , 60.34 , 94.35 , 82.21 , 70.59 , 31.14 , 63.59 , 21.43 , 35.27 , 14.03 , 6.75 , 42.46 , 29.81 , 8.86 , 138.25 , 32.50 , 62.41 , 32.66 , 293.75 , 72.29 , 156.68 , 732.45 , 70.99 , 209.25 , 340.83 , 337.23 , 72.68 , 301.85 , 157.53 , 184.90 , 161.25 , 56.45 
2/5/21, 204.20 , 29.52 , 245.66 , 83.60 , 60.88 , 94.74 , 82.19 , 71.50 , 31.15 , 63.44 , 21.40 , 35.17 , 14.15 , 6.72 , 42.84 , 30.23 , 8.93 , 137.98 , 32.37 , 62.58 , 32.56 , 293.50 , 73.22 , 156.94 , 726.33 , 70.84 , 208.77 , 338.75 , 337.04 , 72.33 , 298.79 , 158.82 , 182.83 , 163.90 , 56.11 
2/8/21, 204.12 , 29.09 , 243.80 , 83.40 , 60.73 , 93.60 , 80.98 , 71.28 , 31.19 , 62.25 , 21.03 , 35.81 , 14.73 , 7.06 , 43.43 , 31.26 , 9.27 , 140.14 , 33.09 , 63.65 , 33.40 , 300.15 , 74.23 , 158.79 , 726.45 , 70.55 , 206.89 , 337.03 , 337.84 , 72.49 , 300.13 , 159.64 , 186.27 , 165.02 , 56.99 
2/9/21, 204.65 , 29.49 , 245.82 , 83.83 , 60.64 , 93.32 , 79.84 , 71.35 , 31.07 , 62.12 , 21.28 , 35.73 , 14.57 , 6.78 , 43.36 , 30.31 , 9.28 , 139.58 , 32.95 , 63.12 , 33.26 , 300.46 , 74.24 , 158.14 , 728.80 , 70.89 , 206.52 , 333.44 , 342.34 , 73.04 , 303.78 , 162.14 , 186.17 , 167.22 , 56.71 
2/10/21, 203.50 , 29.39 , 245.29 , 83.91 , 60.93 , 93.70 , 80.01 , 72.31 , 30.89 , 62.28 , 21.46 , 36.08 , 14.79 , 6.83 , 44.75 , 31.05 , 8.39 , 139.66 , 32.98 , 63.62 , 33.20 , 304.28 , 74.33 , 160.11 , 723.17 , 70.86 , 206.44 , 334.21 , 342.19 , 72.47 , 303.63 , 163.13 , 187.52 , 167.77 , 57.10 
2/11/21, 207.23 , 29.58 , 248.91 , 83.95 , 61.29 , 90.42 , 78.95 , 71.82 , 30.48 , 61.57 , 21.25 , 35.08 , 14.69 , 6.78 , 44.28 , 30.42 , 8.25 , 139.27 , 32.88 , 63.20 , 32.72 , 302.32 , 73.72 , 159.31 , 721.43 , 70.66 , 210.66 , 342.87 , 339.14 , 72.33 , 299.63 , 163.45 , 187.50 , 170.53 , 58.56 
2/12/21, 213.16 , 30.05 , 254.84 , 83.13 , 60.10 , 89.82 , 78.61 , 71.06 , 30.10 , 61.54 , 21.38 , 34.57 , 14.84 , 6.82 , 45.11 , 30.74 , 8.43 , 141.25 , 33.37 , 63.63 , 33.53 , 306.32 , 74.61 , 162.27 , 722.98 , 70.21 , 209.96 , 341.00 , 337.73 , 72.61 , 297.36 , 164.83 , 185.92 , 176.13 , 59.15 
2/16/21, 213.99 , 30.25 , 256.40 , 81.19 , 59.30 , 88.38 , 78.19 , 70.05 , 29.93 , 60.51 , 21.54 , 34.76 , 15.04 , 6.96 , 45.95 , 31.04 , 8.68 , 144.65 , 34.27 , 64.12 , 34.79 , 311.96 , 76.05 , 169.91 , 730.31 , 70.34 , 207.90 , 341.21 , 335.03 , 72.61 , 290.88 , 163.32 , 184.49 , 175.16 , 59.43 
2/17/21, 211.23 , 30.00 , 253.03 , 80.68 , 59.27 , 89.20 , 78.49 , 70.16 , 30.07 , 60.90 , 21.53 , 34.52 , 15.13 , 6.89 , 45.99 , 30.99 , 8.62 , 145.10 , 34.41 , 64.76 , 36.59 , 312.74 , 75.45 , 167.55 , 721.39 , 69.88 , 207.51 , 337.33 , 337.00 , 73.06 , 297.18 , 164.49 , 188.46 , 178.42 , 59.69 
2/18/21, 207.06 , 30.01 , 251.71 , 80.73 , 59.85 , 89.53 , 80.48 , 70.02 , 30.45 , 62.30 , 21.80 , 34.46 , 14.78 , 6.78 , 44.86 , 29.55 , 8.18 , 145.59 , 34.19 , 63.48 , 36.96 , 309.90 , 74.83 , 166.91 , 703.53 , 69.68 , 209.35 , 338.46 , 337.92 , 72.88 , 297.86 , 163.23 , 189.21 , 178.43 , 58.91 
2/19/21, 209.06 , 30.70 , 258.03 , 78.10 , 59.31 , 88.43 , 79.08 , 68.18 , 29.51 , 62.07 , 21.43 , 34.66 , 14.96 , 7.00 , 45.82 , 29.96 , 8.36 , 148.02 , 34.54 , 65.78 , 37.83 , 315.62 , 76.00 , 170.41 , 710.11 , 69.97 , 204.73 , 333.17 , 335.42 , 74.26 , 297.24 , 164.78 , 189.09 , 182.13 , 58.59 
2/22/21, 206.83 , 30.86 , 260.24 , 75.10 , 59.29 , 88.35 , 76.77 , 67.97 , 28.95 , 60.43 , 20.67 , 35.06 , 15.17 , 7.47 , 46.10 , 30.37 , 8.47 , 149.41 , 35.15 , 65.52 , 37.26 , 316.87 , 77.40 , 170.52 , 703.14 , 69.52 , 208.32 , 340.66 , 340.47 , 73.00 , 297.94 , 166.42 , 188.32 , 190.64 , 57.73 
2/23/21, 206.96 , 30.56 , 257.89 , 74.71 , 58.92 , 89.04 , 78.09 , 67.67 , 29.09 , 61.93 , 20.78 , 35.62 , 15.29 , 7.72 , 45.62 , 31.32 , 8.52 , 150.61 , 35.52 , 66.74 , 37.14 , 319.21 , 77.50 , 173.22 , 703.16 , 69.30 , 212.11 , 350.42 , 346.23 , 73.99 , 298.68 , 167.35 , 187.83 , 186.42 , 57.45 
2/24/21, 211.15 , 31.12 , 261.78 , 73.76 , 58.38 , 87.34 , 77.10 , 66.65 , 28.66 , 60.21 , 20.81 , 35.75 , 15.72 , 8.12 , 46.71 , 32.55 , 8.96 , 153.26 , 36.38 , 68.60 , 38.29 , 330.64 , 79.88 , 178.48 , 712.10 , 69.86 , 219.43 , 367.32 , 346.53 , 77.67 , 301.73 , 168.06 , 191.38 , 188.10 , 60.29 
2/25/21, 208.67 , 30.73 , 254.10 , 74.06 , 57.76 , 87.12 , 76.30 , 67.15 , 27.75 , 59.84 , 19.75 , 34.98 , 15.29 , 8.06 , 45.40 , 31.90 , 8.84 , 151.18 , 35.93 , 67.41 , 37.56 , 327.76 , 78.43 , 173.26 , 694.79 , 68.41 , 213.75 , 354.57 , 341.69 , 73.32 , 301.89 , 166.20 , 187.00 , 183.23 , 59.34 
2/26/21, 205.96 , 30.52 , 252.06 , 73.48 , 56.72 , 85.59 , 74.85 , 65.65 , 27.52 , 58.59 , 19.44 , 33.81 , 14.70 , 7.64 , 44.29 , 30.93 , 8.44 , 147.17 , 34.71 , 65.88 , 36.17 , 319.48 , 76.87 , 168.36 , 694.50 , 69.23 , 212.39 , 353.85 , 330.25 , 71.99 , 291.66 , 163.47 , 181.91 , 175.91 , 58.01 
3/1/21, 209.18 , 30.98 , 257.83 , 75.91 , 57.78 , 87.04 , 76.71 , 67.04 , 28.03 , 59.15 , 19.60 , 34.75 , 15.04 , 8.12 , 47.47 , 32.06 , 9.04 , 150.50 , 35.79 , 69.54 , 37.09 , 329.92 , 79.16 , 173.07 , 719.20 , 70.73 , 216.63 , 362.90 , 333.47 , 74.36 , 293.46 , 167.06 , 184.62 , 178.41 , 60.00 
3/2/21, 209.30 , 30.72 , 256.38 , 75.54 , 57.83 , 87.24 , 76.45 , 67.08 , 28.03 , 58.98 , 19.57 , 35.02 , 15.09 , 7.98 , 46.89 , 32.17 , 9.26 , 150.01 , 35.53 , 68.91 , 37.14 , 330.94 , 80.79 , 173.09 , 716.31 , 69.96 , 215.77 , 362.82 , 338.59 , 74.67 , 298.78 , 167.68 , 186.00 , 179.63 , 60.45 
3/3/21, 206.23 , 30.36 , 254.11 , 72.52 , 57.59 , 87.27 , 76.32 , 67.43 , 28.19 , 58.03 , 19.45 , 35.14 , 15.17 , 7.87 , 47.77 , 32.28 , 9.53 , 152.91 , 36.42 , 70.38 , 37.69 , 334.43 , 82.06 , 173.35 , 701.49 , 69.59 , 214.85 , 360.25 , 340.91 , 75.07 , 299.10 , 167.95 , 186.07 , 182.23 , 59.90 
3/4/21, 201.08 , 29.42 , 244.71 , 71.29 , 57.41 , 86.46 , 77.25 , 66.96 , 28.36 , 58.92 , 19.87 , 35.20 , 15.69 , 8.04 , 48.25 , 33.40 , 9.71 , 150.56 , 36.50 , 69.81 , 37.16 , 329.29 , 81.11 , 172.58 , 683.21 , 67.08 , 211.50 , 349.50 , 338.25 , 74.42 , 297.51 , 165.77 , 183.73 , 179.37 , 58.04 
3/5/21, 209.71 , 30.54 , 256.00 , 70.70 , 58.35 , 88.53 , 78.90 , 68.30 , 28.27 , 61.35 , 20.66 , 35.44 , 15.87 , 8.15 , 49.57 , 34.55 , 9.76 , 150.91 , 36.93 , 70.23 , 37.43 , 327.37 , 80.87 , 176.46 , 702.28 , 66.02 , 215.41 , 360.88 , 340.43 , 75.18 , 300.91 , 170.52 , 187.09 , 185.61 , 59.75 
3/8/21, 210.89 , 30.84 , 259.22 , 70.86 , 59.61 , 90.22 , 80.49 , 69.50 , 29.01 , 61.96 , 20.81 , 35.85 , 16.22 , 8.10 , 49.54 , 34.32 , 9.67 , 152.91 , 37.13 , 72.22 , 38.67 , 334.19 , 81.10 , 178.82 , 698.96 , 67.53 , 220.27 , 371.33 , 341.45 , 75.61 , 305.62 , 172.69 , 191.04 , 191.10 , 59.99 
3/9/21, 211.70 , 30.91 , 259.11 , 74.02 , 59.41 , 90.95 , 80.60 , 69.69 , 29.61 , 62.15 , 20.90 , 35.62 , 15.67 , 8.05 , 48.64 , 33.39 , 9.39 , 151.83 , 36.32 , 70.99 , 38.13 , 330.59 , 80.85 , 173.63 , 722.00 , 69.35 , 220.36 , 376.52 , 337.50 , 74.83 , 298.30 , 168.74 , 187.97 , 185.09 , 59.63 
3/10/21, 213.12 , 31.20 , 259.29 , 74.46 , 59.78 , 90.79 , 81.20 , 70.37 , 29.85 , 62.18 , 21.32 , 35.91 , 16.24 , 8.58 , 50.95 , 34.40 , 9.76 , 155.13 , 37.37 , 73.75 , 39.58 , 342.02 , 83.09 , 177.78 , 728.50 , 70.76 , 223.17 , 381.70 , 340.84 , 76.56 , 300.00 , 172.42 , 190.99 , 187.86 , 61.03 
3/11/21, 214.52 , 31.27 , 260.75 , 74.86 , 59.28 , 90.69 , 80.00 , 69.82 , 29.97 , 61.86 , 21.29 , 36.34 , 16.20 , 8.36 , 50.40 , 34.44 , 9.64 , 154.32 , 37.24 , 73.31 , 38.88 , 342.10 , 83.25 , 176.93 , 722.12 , 74.01 , 226.15 , 384.38 , 339.73 , 77.05 , 299.41 , 172.67 , 188.25 , 189.91 , 61.90 
3/12/21, 214.09 , 31.28 , 261.44 , 75.67 , 59.84 , 91.40 , 81.04 , 70.94 , 30.37 , 62.08 , 21.97 , 36.41 , 16.35 , 8.48 , 51.60 , 34.77 , 9.68 , 156.15 , 37.94 , 75.18 , 39.97 , 348.81 , 84.34 , 181.41 , 716.19 , 74.84 , 224.36 , 382.71 , 340.19 , 78.52 , 301.79 , 176.29 , 192.02 , 195.09 , 63.08 
3/15/21, 212.67 , 31.16 , 260.27 , 75.52 , 60.98 , 92.33 , 82.28 , 71.82 , 30.92 , 63.07 , 22.57 , 36.60 , 16.33 , 8.31 , 51.29 , 33.98 , 9.87 , 155.37 , 37.75 , 74.22 , 39.70 , 346.05 , 83.86 , 178.53 , 719.01 , 74.93 , 223.27 , 381.76 , 346.41 , 79.57 , 305.74 , 176.71 , 192.00 , 198.28 , 64.34 
3/16/21, 211.70 , 30.65 , 256.39 , 75.38 , 61.25 , 93.02 , 83.50 , 72.08 , 30.92 , 63.41 , 22.44 , 36.45 , 15.92 , 8.09 , 49.54 , 32.94 , 9.50 , 153.51 , 37.64 , 73.33 , 39.35 , 341.71 , 82.54 , 176.58 , 723.07 , 74.87 , 224.70 , 382.38 , 347.13 , 78.24 , 305.84 , 175.32 , 190.52 , 195.13 , 63.66 
3/17/21, 212.30 , 30.71 , 258.16 , 72.96 , 60.70 , 91.85 , 82.12 , 71.79 , 30.64 , 62.69 , 22.27 , 36.63 , 16.22 , 8.14 , 50.32 , 33.34 , 9.61 , 155.09 , 37.95 , 73.60 , 39.84 , 344.95 , 83.86 , 178.43 , 728.22 , 76.09 , 223.02 , 378.68 , 351.02 , 79.56 , 310.57 , 177.52 , 192.04 , 197.94 , 64.77 
3/18/21, 215.36 , 30.84 , 263.07 , 71.13 , 60.40 , 92.33 , 82.60 , 72.22 , 30.45 , 62.40 , 21.94 , 35.84 , 15.76 , 7.77 , 48.20 , 32.39 , 9.31 , 157.65 , 38.94 , 73.84 , 40.81 , 348.00 , 83.94 , 179.86 , 723.73 , 73.03 , 220.66 , 367.00 , 358.45 , 77.94 , 314.94 , 179.24 , 196.47 , 198.47 , 64.47 
3/19/21, 210.80 , 30.26 , 260.46 , 70.84 , 59.70 , 92.72 , 83.67 , 72.30 , 30.64 , 62.99 , 22.26 , 36.27 , 15.92 , 7.98 , 48.46 , 32.45 , 9.33 , 155.14 , 38.53 , 73.01 , 39.63 , 344.20 , 82.94 , 175.79 , 729.64 , 72.47 , 206.90 , 356.51 , 355.07 , 78.36 , 308.65 , 177.62 , 197.50 , 197.26 , 64.87 
3/22/21, 206.27 , 31.26 , 260.62 , 71.69 , 59.69 , 93.12 , 83.63 , 72.05 , 30.51 , 63.75 , 21.96 , 36.27 , 15.78 , 8.10 , 48.49 , 32.01 , 9.35 , 150.97 , 37.66 , 71.96 , 38.97 , 339.33 , 81.92 , 171.22 , 730.92 , 73.55 , 208.00 , 358.40 , 357.66 , 76.92 , 314.21 , 176.56 , 198.04 , 196.07 , 64.56 
3/23/21, 208.05 , 30.97 , 260.27 , 74.02 , 60.63 , 94.02 , 84.64 , 73.24 , 30.52 , 65.44 , 21.88 , 36.20 , 15.68 , 7.72 , 47.45 , 30.72 , 8.91 , 149.46 , 36.90 , 70.91 , 38.24 , 331.77 , 79.12 , 169.40 , 716.57 , 73.19 , 208.15 , 355.27 , 353.61 , 75.18 , 314.14 , 174.87 , 196.15 , 191.48 , 63.34 
3/24/21, 212.90 , 31.39 , 264.31 , 72.83 , 60.69 , 94.39 , 84.99 , 73.43 , 30.61 , 65.58 , 21.75 , 36.82 , 16.19 , 7.63 , 48.74 , 31.23 , 8.91 , 150.62 , 36.90 , 70.08 , 38.12 , 328.65 , 79.33 , 170.25 , 722.75 , 72.15 , 208.07 , 359.65 , 356.12 , 75.55 , 316.03 , 176.42 , 195.96 , 194.12 , 63.99 
3/25/21, 216.09 , 31.85 , 268.00 , 73.45 , 61.38 , 95.53 , 84.72 , 74.27 , 30.93 , 66.00 , 22.30 , 36.68 , 16.36 , 7.76 , 49.69 , 31.85 , 9.00 , 152.55 , 37.66 , 71.72 , 39.30 , 330.55 , 80.13 , 177.00 , 727.50 , 72.99 , 207.97 , 358.36 , 361.22 , 77.53 , 321.19 , 180.06 , 198.61 , 200.14 , 64.28 
3/26/21, 222.92 , 32.55 , 272.91 , 74.06 , 61.66 , 95.83 , 84.99 , 74.44 , 31.04 , 66.31 , 21.97 , 37.08 , 16.80 , 7.93 , 51.18 , 32.45 , 9.34 , 155.09 , 38.68 , 73.02 , 39.76 , 327.39 , 79.98 , 179.68 , 756.90 , 74.31 , 213.53 , 366.14 , 364.71 , 78.17 , 319.02 , 181.54 , 198.94 , 203.16 , 64.79 
3/29/21, 222.98 , 32.20 , 270.99 , 74.80 , 62.32 , 97.58 , 85.84 , 75.45 , 31.20 , 67.00 , 22.65 , 37.20 , 16.75 , 7.82 , 50.57 , 31.67 , 9.05 , 152.68 , 38.31 , 71.58 , 38.44 , 325.73 , 77.88 , 174.49 , 757.86 , 74.28 , 214.51 , 362.91 , 372.79 , 77.68 , 323.15 , 183.30 , 202.84 , 207.36 , 65.82 
3/30/21, 221.13 , 32.12 , 270.29 , 74.22 , 61.54 , 96.24 , 84.73 , 74.38 , 31.02 , 66.01 , 22.80 , 36.64 , 16.62 , 7.76 , 50.26 , 31.77 , 8.88 , 154.48 , 38.99 , 72.96 , 39.39 , 332.01 , 79.09 , 177.62 , 749.26 , 74.25 , 211.90 , 358.20 , 370.54 , 77.82 , 322.68 , 182.10 , 203.08 , 205.67 , 66.00 
3/31/21, 220.41 , 32.14 , 268.52 , 75.61 , 62.16 , 96.53 , 84.70 , 74.80 , 31.19 , 66.51 , 22.65 , 36.40 , 16.65 , 7.68 , 50.66 , 31.75 , 9.10 , 152.23 , 38.69 , 72.75 , 39.07 , 327.00 , 77.66 , 175.41 , 753.96 , 74.53 , 211.73 , 356.05 , 369.50 , 77.27 , 323.64 , 181.56 , 202.68 , 205.85 , 65.94 
4/1/21, 220.21 , 32.42 , 271.18 , 75.77 , 62.33 , 96.28 , 85.54 , 74.29 , 31.31 , 66.79 , 22.65 , 36.83 , 16.84 , 7.85 , 51.35 , 32.10 , 9.19 , 153.71 , 39.49 , 73.14 , 39.63 , 327.64 , 78.22 , 177.41 , 766.83 , 75.19 , 216.86 , 363.30 , 371.02 , 77.28 , 322.24 , 180.83 , 203.62 , 204.23 , 66.87 
4/5/21, 223.47 , 32.86 , 274.63 , 76.78 , 62.66 , 96.93 , 86.29 , 75.28 , 31.72 , 68.11 , 22.94 , 36.98 , 16.66 , 7.82 , 51.03 , 31.28 , 8.99 , 153.62 , 39.80 , 72.75 , 39.48 , 323.54 , 78.00 , 178.76 , 784.02 , 75.00 , 219.04 , 368.32 , 378.75 , 77.91 , 330.65 , 185.59 , 207.85 , 207.60 , 67.88 
4/6/21, 221.10 , 32.37 , 271.22 , 77.56 , 63.11 , 97.57 , 86.77 , 75.69 , 31.77 , 68.16 , 23.24 , 36.77 , 16.70 , 7.81 , 51.26 , 31.16 , 9.14 , 152.54 , 39.69 , 72.60 , 39.85 , 327.06 , 79.09 , 177.40 , 781.71 , 74.62 , 218.65 , 369.57 , 378.97 , 77.51 , 331.16 , 185.11 , 209.32 , 207.37 , 68.10 
4/7/21, 221.34 , 32.32 , 271.48 , 77.41 , 62.80 , 97.82 , 86.69 , 75.31 , 32.05 , 68.05 , 23.36 , 36.74 , 16.93 , 7.80 , 51.14 , 32.22 , 9.36 , 154.93 , 40.05 , 72.69 , 39.99 , 326.55 , 79.04 , 178.25 , 788.00 , 75.23 , 219.27 , 371.08 , 380.19 , 77.60 , 333.97 , 184.79 , 208.65 , 205.03 , 67.21 
4/8/21, 220.18 , 32.16 , 267.67 , 77.76 , 62.86 , 97.62 , 86.07 , 75.12 , 32.02 , 67.72 , 23.23 , 37.11 , 16.83 , 7.88 , 50.46 , 31.51 , 9.21 , 155.12 , 39.70 , 72.33 , 40.03 , 331.14 , 80.20 , 178.11 , 800.60 , 76.75 , 220.70 , 377.74 , 386.02 , 77.48 , 336.12 , 184.11 , 207.49 , 206.64 , 67.71 
4/9/21, 223.24 , 32.76 , 272.49 , 77.94 , 62.73 , 97.54 , 85.89 , 75.17 , 31.97 , 67.43 , 23.24 , 36.88 , 16.53 , 8.04 , 50.92 , 31.04 , 9.00 , 156.28 , 39.99 , 72.42 , 40.50 , 330.81 , 80.72 , 180.21 , 808.35 , 76.90 , 222.52 , 380.08 , 386.23 , 78.29 , 339.95 , 183.00 , 208.12 , 206.87 , 67.32 
4/12/21, 223.55 , 32.87 , 271.55 , 77.64 , 62.89 , 97.64 , 86.00 , 75.32 , 31.90 , 67.91 , 23.34 , 36.73 , 16.50 , 8.07 , 50.91 , 31.28 , 8.95 , 155.95 , 40.06 , 72.69 , 40.77 , 331.84 , 80.18 , 180.81 , 807.98 , 77.37 , 221.47 , 379.84 , 387.85 , 78.72 , 340.69 , 184.94 , 209.59 , 210.27 , 67.95 
4/13/21, 221.99 , 32.60 , 270.33 , 79.04 , 63.56 , 98.50 , 86.72 , 75.87 , 32.21 , 68.48 , 23.66 , 36.73 , 16.49 , 8.00 , 51.09 , 31.64 , 8.91 , 154.09 , 39.32 , 72.06 , 39.79 , 327.68 , 79.53 , 177.62 , 802.49 , 78.39 , 221.02 , 378.13 , 387.11 , 77.70 , 338.61 , 182.28 , 208.97 , 206.15 , 67.03 
4/14/21, 222.60 , 32.79 , 271.84 , 79.13 , 63.89 , 98.79 , 87.07 , 76.16 , 32.41 , 68.68 , 23.71 , 37.09 , 16.65 , 8.02 , 51.51 , 32.84 , 9.13 , 151.21 , 39.88 , 72.91 , 41.99 , 335.35 , 80.79 , 179.34 , 801.07 , 78.00 , 221.98 , 378.32 , 388.67 , 77.96 , 341.82 , 183.48 , 208.99 , 207.86 , 67.25 
4/15/21, 223.10 , 32.96 , 272.14 , 80.18 , 64.49 , 99.75 , 87.81 , 77.19 , 32.64 , 69.96 , 24.05 , 37.31 , 16.72 , 8.06 , 52.39 , 33.34 , 9.34 , 152.17 , 38.74 , 72.54 , 42.24 , 338.55 , 80.82 , 174.79 , 817.84 , 79.65 , 226.28 , 386.49 , 390.63 , 77.97 , 344.59 , 183.93 , 210.76 , 208.35 , 67.56 
4/16/21, 222.71 , 32.88 , 270.86 , 80.94 , 65.01 , 100.67 , 88.55 , 78.21 , 32.92 , 70.37 , 24.06 , 37.32 , 16.54 , 7.87 , 51.60 , 33.38 , 9.12 , 153.30 , 39.15 , 72.45 , 43.84 , 342.31 , 78.59 , 178.86 , 811.45 , 79.28 , 226.41 , 386.17 , 391.81 , 78.22 , 346.43 , 184.47 , 210.72 , 208.06 , 68.02 
4/19/21, 223.47 , 32.90 , 270.46 , 79.79 , 64.92 , 100.20 , 88.65 , 78.35 , 32.44 , 70.49 , 23.78 , 37.38 , 16.62 , 8.04 , 51.78 , 32.98 , 9.13 , 152.65 , 39.17 , 72.13 , 43.88 , 343.09 , 80.03 , 177.72 , 811.09 , 79.30 , 225.79 , 382.16 , 391.73 , 78.59 , 344.64 , 184.79 , 209.73 , 210.00 , 67.67 
4/20/21, 220.67 , 32.82 , 273.31 , 80.53 , 66.09 , 101.41 , 90.14 , 79.35 , 32.66 , 71.55 , 24.23 , 36.80 , 16.55 , 7.93 , 50.63 , 32.23 , 9.01 , 149.27 , 38.08 , 69.79 , 42.54 , 331.88 , 77.29 , 171.73 , 804.96 , 79.50 , 223.28 , 376.63 , 387.33 , 77.09 , 345.14 , 184.07 , 210.20 , 207.57 , 67.35 
4/21/21, 223.43 , 34.23 , 280.46 , 77.97 , 65.73 , 101.09 , 89.35 , 78.36 , 32.57 , 71.32 , 24.29 , 37.33 , 16.69 , 7.98 , 52.16 , 32.71 , 9.16 , 150.54 , 38.72 , 70.65 , 43.24 , 335.27 , 79.25 , 175.13 , 811.53 , 80.31 , 227.45 , 383.10 , 387.24 , 78.87 , 345.52 , 185.85 , 212.05 , 208.57 , 67.77 
4/22/21, 217.98 , 33.94 , 278.54 , 78.32 , 65.10 , 100.08 , 87.95 , 78.11 , 32.15 , 71.12 , 24.17 , 37.01 , 16.36 , 8.06 , 51.04 , 32.77 , 9.06 , 147.37 , 38.36 , 69.81 , 42.70 , 330.85 , 78.29 , 173.84 , 795.32 , 82.96 , 227.57 , 383.36 , 380.09 , 78.74 , 343.43 , 184.50 , 210.71 , 203.89 , 67.18 
4/23/21, 223.54 , 34.37 , 282.00 , 78.24 , 65.33 , 99.85 , 87.70 , 77.45 , 32.02 , 71.08 , 24.13 , 37.09 , 16.78 , 8.19 , 50.60 , 33.94 , 9.24 , 150.19 , 39.18 , 71.38 , 43.86 , 339.35 , 80.95 , 178.04 , 813.17 , 87.22 , 230.00 , 387.06 , 377.29 , 80.54 , 342.04 , 186.48 , 211.02 , 206.13 , 67.37 
4/26/21, 224.59 , 34.11 , 281.14 , 77.93 , 64.66 , 99.20 , 87.60 , 76.87 , 31.84 , 70.60 , 23.99 , 37.18 , 16.91 , 8.18 , 50.46 , 34.19 , 9.23 , 150.56 , 39.41 , 72.20 , 44.14 , 343.52 , 81.52 , 180.24 , 818.32 , 87.09 , 230.34 , 387.47 , 371.98 , 81.00 , 337.80 , 185.19 , 207.65 , 206.97 , 67.19 
4/27/21, 225.73 , 33.97 , 281.85 , 77.28 , 64.33 , 98.61 , 87.20 , 76.19 , 31.76 , 70.00 , 23.81 , 37.67 , 17.00 , 8.41 , 50.88 , 33.91 , 9.23 , 151.25 , 39.88 , 72.99 , 45.09 , 346.63 , 81.96 , 183.58 , 820.51 , 88.59 , 229.91 , 389.07 , 373.22 , 82.81 , 339.87 , 185.89 , 207.73 , 207.45 , 67.58 
4/28/21, 226.19 , 33.83 , 284.09 , 77.09 , 64.34 , 98.57 , 86.73 , 76.21 , 31.81 , 69.81 , 23.94 , 38.15 , 17.44 , 8.60 , 52.13 , 34.53 , 9.47 , 152.23 , 40.03 , 72.91 , 45.08 , 348.11 , 82.73 , 185.26 , 816.28 , 89.03 , 233.45 , 395.65 , 372.94 , 83.08 , 338.37 , 185.26 , 205.01 , 210.24 , 67.25 
4/29/21, 224.48 , 33.73 , 280.70 , 77.22 , 65.16 , 99.55 , 88.09 , 76.71 , 32.01 , 70.56 , 24.51 , 38.57 , 17.29 , 8.84 , 52.60 , 34.80 , 9.39 , 155.19 , 41.11 , 73.84 , 46.24 , 352.97 , 83.64 , 189.17 , 827.32 , 89.50 , 236.86 , 388.95 , 380.35 , 82.87 , 352.22 , 190.71 , 209.22 , 212.97 , 67.67 
4/30/21, 222.09 , 33.58 , 279.24 , 77.51 , 66.17 , 100.69 , 88.71 , 77.41 , 32.05 , 71.30 , 24.49 , 38.57 , 17.05 , 8.61 , 52.34 , 34.69 , 9.08 , 153.81 , 40.53 , 71.24 , 45.05 , 348.45 , 82.55 , 186.95 , 819.30 , 88.49 , 233.56 , 382.06 , 380.56 , 83.24 , 354.44 , 190.23 , 209.23 , 212.32 , 66.92 
5/3/21, 223.74 , 33.79 , 283.06 , 76.70 , 66.05 , 100.71 , 88.68 , 77.75 , 32.01 , 71.62 , 24.42 , 38.77 , 17.26 , 8.63 , 52.72 , 35.54 , 9.23 , 153.36 , 40.56 , 71.71 , 45.48 , 350.16 , 82.46 , 188.12 , 825.62 , 88.48 , 232.61 , 379.40 , 385.31 , 84.14 , 361.00 , 191.69 , 211.74 , 215.14 , 67.27 
5/4/21, 225.67 , 33.88 , 287.68 , 75.69 , 66.42 , 100.78 , 88.38 , 78.12 , 31.93 , 71.84 , 24.56 , 38.98 , 17.17 , 8.81 , 52.58 , 35.48 , 9.11 , 155.48 , 41.00 , 72.33 , 45.74 , 349.84 , 82.64 , 193.32 , 836.43 , 88.33 , 232.03 , 375.91 , 387.48 , 83.94 , 368.12 , 191.99 , 216.40 , 214.39 , 67.18 
5/5/21, 223.56 , 33.73 , 287.01 , 73.78 , 65.45 , 99.36 , 87.47 , 76.89 , 31.04 , 70.75 , 24.28 , 39.94 , 17.51 , 8.95 , 53.15 , 36.43 , 9.14 , 157.52 , 41.39 , 73.71 , 45.94 , 357.62 , 84.51 , 194.61 , 851.01 , 88.07 , 229.21 , 369.14 , 386.37 , 84.13 , 372.99 , 190.68 , 217.68 , 212.87 , 65.62 
5/6/21, 227.21 , 34.19 , 286.97 , 74.01 , 66.05 , 100.54 , 88.12 , 77.86 , 31.72 , 71.55 , 24.38 , 39.79 , 17.65 , 9.20 , 53.41 , 37.16 , 9.49 , 160.69 , 42.01 , 74.78 , 46.63 , 365.97 , 86.83 , 198.18 , 867.10 , 88.33 , 231.32 , 375.48 , 387.34 , 84.68 , 370.05 , 192.68 , 216.99 , 218.31 , 65.38 
5/7/21, 229.48 , 34.38 , 289.81 , 74.53 , 66.26 , 100.86 , 87.19 , 78.09 , 31.86 , 71.32 , 24.49 , 39.66 , 17.84 , 9.84 , 53.38 , 38.23 , 9.48 , 161.24 , 42.18 , 75.08 , 46.54 , 370.89 , 87.70 , 198.91 , 873.83 , 90.04 , 232.12 , 375.40 , 390.34 , 85.71 , 370.63 , 194.82 , 219.25 , 216.99 , 66.00 
5/10/21, 228.44 , 34.39 , 290.35 , 74.80 , 66.31 , 103.74 , 87.56 , 79.85 , 31.75 , 72.59 , 24.50 , 40.05 , 18.25 , 9.79 , 53.96 , 37.73 , 9.86 , 161.22 , 42.05 , 75.13 , 46.60 , 368.68 , 86.47 , 198.56 , 857.45 , 88.61 , 225.97 , 366.34 , 393.14 , 85.04 , 373.80 , 194.60 , 217.02 , 219.37 , 65.85 
5/11/21, 226.61 , 33.85 , 286.66 , 74.07 , 65.80 , 103.63 , 86.41 , 79.34 , 31.69 , 71.03 , 23.96 , 39.86 , 17.97 , 9.53 , 53.27 , 37.55 , 9.88 , 158.54 , 41.57 , 74.87 , 45.72 , 359.92 , 84.92 , 194.04 , 844.10 , 87.83 , 225.48 , 367.61 , 387.82 , 84.33 , 368.30 , 191.54 , 213.33 , 214.70 , 65.13 
5/12/21, 222.00 , 33.21 , 281.70 , 71.54 , 64.36 , 101.22 , 84.98 , 77.90 , 30.74 , 70.17 , 23.65 , 39.83 , 18.10 , 9.55 , 52.56 , 37.75 , 9.76 , 157.45 , 41.18 , 74.23 , 45.64 , 354.40 , 83.68 , 190.41 , 823.50 , 84.30 , 220.63 , 356.62 , 380.62 , 82.28 , 363.15 , 186.88 , 211.06 , 212.14 , 63.31 
5/13/21, 225.18 , 33.58 , 287.01 , 72.63 , 65.73 , 103.00 , 86.52 , 79.28 , 31.67 , 71.12 , 24.47 , 38.39 , 18.02 , 9.98 , 52.78 , 37.48 , 10.01 , 161.50 , 41.84 , 75.29 , 46.40 , 358.81 , 84.86 , 196.01 , 838.99 , 85.41 , 223.74 , 360.02 , 387.77 , 83.78 , 370.06 , 191.29 , 214.63 , 215.29 , 63.59 
5/14/21, 227.86 , 33.90 , 289.83 , 73.12 , 65.11 , 103.06 , 86.76 , 78.97 , 32.15 , 71.72 , 25.02 , 38.95 , 18.36 , 10.11 , 54.35 , 38.52 , 10.14 , 164.01 , 42.36 , 76.56 , 46.96 , 368.77 , 87.35 , 199.38 , 856.87 , 87.48 , 226.94 , 363.91 , 390.78 , 85.88 , 371.61 , 191.94 , 217.04 , 216.21 , 65.01 
5/17/21, 224.76 , 33.47 , 285.74 , 71.90 , 64.44 , 102.45 , 85.45 , 78.73 , 32.15 , 70.80 , 25.03 , 38.78 , 18.80 , 10.41 , 55.01 , 39.05 , 10.45 , 164.67 , 42.74 , 77.42 , 47.90 , 369.25 , 88.09 , 199.03 , 849.46 , 87.78 , 226.44 , 363.30 , 391.12 , 86.57 , 372.87 , 191.65 , 218.10 , 216.84 , 64.44 
5/18/21, 222.44 , 32.97 , 280.22 , 72.29 , 64.16 , 102.49 , 85.75 , 77.74 , 32.55 , 70.81 , 24.70 , 38.86 , 18.71 , 10.37 , 53.98 , 38.52 , 10.34 , 162.35 , 42.16 , 76.62 , 46.86 , 364.56 , 86.97 , 193.91 , 840.14 , 88.09 , 225.57 , 363.07 , 387.22 , 85.38 , 368.62 , 189.35 , 214.92 , 213.37 , 62.47 
5/19/21, 222.30 , 32.79 , 279.45 , 72.66 , 63.98 , 101.16 , 85.92 , 77.98 , 32.47 , 70.57 , 24.48 , 37.96 , 18.47 , 10.05 , 52.86 , 38.12 , 10.14 , 161.11 , 41.97 , 76.46 , 46.17 , 358.38 , 86.05 , 192.89 , 838.52 , 87.56 , 224.59 , 360.98 , 385.54 , 85.21 , 370.90 , 188.52 , 214.34 , 213.18 , 62.04 
5/20/21, 221.95 , 32.76 , 276.91 , 74.29 , 64.06 , 102.27 , 86.26 , 78.42 , 32.62 , 71.58 , 24.70 , 38.59 , 18.70 , 10.02 , 53.69 , 38.65 , 10.41 , 160.83 , 41.87 , 76.20 , 45.73 , 359.78 , 86.47 , 191.05 , 844.88 , 89.15 , 226.44 , 367.70 , 388.32 , 85.23 , 371.96 , 189.06 , 216.09 , 212.56 , 62.35 
5/21/21, 221.52 , 32.76 , 277.34 , 74.44 , 64.38 , 102.86 , 86.65 , 78.96 , 32.69 , 72.04 , 24.71 , 38.61 , 18.72 , 10.19 , 53.26 , 38.56 , 10.33 , 162.66 , 42.40 , 77.65 , 45.88 , 366.26 , 88.34 , 193.48 , 860.77 , 90.74 , 226.77 , 367.60 , 387.22 , 85.81 , 370.46 , 189.88 , 216.04 , 213.67 , 62.43 
5/24/21, 223.56 , 33.12 , 280.48 , 74.03 , 64.42 , 102.31 , 86.57 , 78.38 , 32.82 , 71.67 , 25.03 , 38.90 , 18.83 , 10.29 , 54.14 , 38.65 , 10.50 , 163.54 , 42.63 , 78.03 , 46.24 , 368.29 , 89.69 , 193.99 , 872.36 , 91.22 , 229.32 , 372.38 , 387.71 , 86.48 , 372.18 , 189.60 , 216.29 , 215.95 , 61.98 
5/25/21, 221.94 , 33.02 , 277.96 , 73.37 , 64.08 , 101.31 , 85.93 , 77.81 , 32.02 , 71.24 , 24.94 , 38.45 , 18.54 , 9.89 , 52.66 , 37.28 , 10.44 , 161.85 , 42.01 , 77.28 , 46.09 , 364.51 , 88.86 , 191.70 , 874.27 , 91.01 , 229.02 , 367.22 , 385.85 , 86.26 , 369.99 , 188.91 , 216.55 , 211.88 , 62.00 
5/26/21, 223.85 , 33.48 , 279.65 , 73.47 , 63.72 , 101.11 , 85.75 , 78.00 , 32.21 , 71.00 , 25.11 , 38.59 , 18.35 , 10.06 , 52.51 , 37.88 , 10.50 , 161.83 , 42.04 , 77.52 , 46.40 , 367.40 , 89.35 , 191.90 , 876.73 , 92.12 , 227.07 , 362.65 , 384.13 , 86.50 , 366.72 , 189.02 , 214.83 , 212.78 , 62.38 
5/27/21, 223.90 , 33.29 , 279.33 , 73.00 , 63.66 , 100.01 , 85.55 , 76.87 , 31.80 , 70.27 , 25.08 , 38.65 , 18.26 , 10.01 , 52.80 , 38.76 , 10.61 , 164.35 , 42.55 , 78.76 , 46.76 , 371.37 , 90.30 , 194.12 , 876.43 , 92.15 , 226.86 , 362.00 , 387.39 , 88.61 , 370.46 , 190.67 , 218.91 , 215.62 , 62.55 
5/28/21, 224.73 , 33.37 , 280.90 , 73.22 , 63.92 , 100.22 , 86.00 , 77.24 , 32.17 , 70.88 , 25.30 , 38.48 , 18.34 , 9.90 , 52.74 , 38.86 , 10.53 , 164.24 , 42.39 , 78.71 , 46.72 , 372.02 , 90.95 , 194.68 , 877.04 , 92.67 , 227.30 , 360.58 , 382.20 , 88.71 , 365.87 , 189.91 , 218.06 , 216.21 , 62.54 
6/1/21, 225.03 , 33.43 , 281.44 , 72.12 , 63.43 , 100.08 , 85.10 , 76.43 , 32.19 , 70.00 , 25.11 , 38.67 , 18.51 , 10.26 , 53.77 , 39.88 , 10.96 , 166.05 , 42.92 , 79.76 , 47.26 , 382.44 , 92.11 , 195.82 , 876.91 , 92.42 , 226.63 , 359.79 , 381.92 , 88.99 , 365.62 , 189.54 , 217.19 , 218.09 , 63.10 
6/2/21, 224.45 , 33.19 , 279.13 , 72.71 , 63.90 , 100.68 , 85.65 , 76.79 , 32.23 , 70.24 , 25.09 , 38.90 , 18.77 , 10.47 , 54.25 , 40.59 , 11.27 , 166.06 , 42.94 , 79.86 , 46.81 , 383.44 , 92.76 , 195.42 , 887.42 , 92.23 , 229.66 , 366.85 , 385.09 , 88.63 , 367.21 , 191.54 , 218.72 , 218.92 , 63.25 
6/3/21, 224.95 , 33.23 , 279.57 , 72.37 , 64.46 , 101.67 , 85.96 , 77.26 , 32.64 , 70.48 , 25.39 , 38.63 , 18.77 , 10.49 , 53.72 , 41.20 , 11.30 , 166.17 , 43.25 , 79.63 , 46.46 , 388.72 , 93.35 , 195.88 , 881.01 , 92.32 , 228.11 , 361.82 , 387.35 , 88.68 , 366.51 , 190.81 , 219.94 , 220.61 , 63.62 
6/4/21, 226.17 , 33.21 , 279.30 , 72.34 , 64.35 , 101.48 , 86.03 , 77.24 , 32.52 , 70.08 , 25.40 , 39.06 , 18.78 , 10.78 , 53.95 , 46.26 , 11.33 , 166.44 , 43.27 , 79.49 , 46.96 , 391.45 , 93.96 , 194.00 , 886.85 , 93.20 , 230.14 , 366.02 , 394.10 , 89.02 , 377.51 , 193.57 , 222.75 , 222.25 , 63.99 
6/7/21, 222.95 , 32.69 , 274.82 , 72.47 , 64.67 , 101.86 , 85.67 , 77.31 , 32.70 , 70.12 , 25.58 , 39.52 , 18.77 , 10.91 , 55.17 , 47.34 , 11.62 , 165.66 , 43.12 , 79.31 , 47.11 , 388.16 , 93.21 , 193.11 , 884.96 , 94.40 , 231.32 , 364.08 , 391.51 , 88.97 , 371.84 , 191.77 , 218.55 , 221.28 , 64.14 
6/8/21, 221.83 , 32.72 , 275.46 , 72.14 , 63.44 , 100.59 , 82.97 , 76.29 , 32.62 , 68.80 , 25.46 , 39.62 , 18.80 , 10.87 , 55.78 , 47.13 , 12.07 , 165.00 , 42.88 , 79.08 , 46.61 , 384.70 , 92.79 , 194.10 , 884.52 , 94.61 , 232.05 , 365.26 , 388.53 , 89.45 , 371.11 , 192.72 , 219.06 , 222.66 , 64.12 
6/9/21, 221.50 , 32.61 , 273.76 , 72.45 , 63.63 , 101.39 , 84.45 , 76.88 , 33.06 , 69.35 , 25.77 , 39.77 , 18.83 , 10.87 , 54.84 , 45.21 , 12.08 , 162.94 , 42.32 , 78.14 , 45.92 , 382.78 , 92.67 , 190.79 , 870.94 , 94.20 , 232.31 , 363.33 , 386.80 , 88.85 , 372.60 , 191.87 , 217.51 , 221.03 , 64.17 
6/10/21, 219.59 , 32.22 , 270.12 , 73.51 , 63.88 , 101.71 , 84.73 , 77.04 , 33.31 , 69.63 , 25.95 , 39.75 , 19.00 , 11.05 , 54.78 , 46.55 , 12.11 , 160.40 , 41.69 , 76.89 , 45.09 , 373.94 , 91.68 , 188.75 , 867.44 , 93.66 , 233.95 , 364.30 , 387.72 , 88.25 , 372.51 , 191.48 , 219.58 , 220.75 , 63.89 
6/11/21, 221.33 , 32.41 , 271.49 , 73.49 , 63.85 , 101.93 , 84.76 , 77.23 , 33.45 , 69.54 , 26.15 , 39.68 , 19.14 , 11.30 , 55.06 , 46.93 , 12.09 , 160.29 , 41.86 , 76.48 , 45.68 , 378.05 , 92.05 , 189.20 , 880.66 , 95.41 , 234.96 , 365.50 , 387.72 , 88.81 , 375.06 , 191.49 , 223.30 , 221.00 , 64.05 
6/14/21, 222.62 , 32.43 , 271.52 , 73.31 , 63.79 , 102.53 , 85.13 , 77.75 , 33.59 , 69.08 , 25.98 , 40.71 , 18.84 , 11.15 , 55.44 , 47.07 , 12.28 , 157.57 , 41.36 , 75.16 , 45.15 , 372.92 , 90.72 , 187.11 , 876.78 , 95.61 , 234.08 , 366.52 , 389.11 , 88.72 , 372.23 , 190.84 , 222.18 , 219.80 , 64.28 
6/15/21, 222.84 , 32.80 , 273.23 , 73.43 , 64.32 , 103.22 , 85.24 , 77.75 , 33.59 , 69.19 , 25.99 , 40.78 , 19.03 , 11.22 , 55.98 , 47.70 , 12.13 , 155.18 , 41.39 , 73.82 , 45.46 , 371.30 , 90.70 , 189.27 , 881.01 , 97.32 , 232.98 , 368.12 , 389.80 , 89.40 , 375.00 , 192.45 , 223.72 , 220.09 , 63.65 
6/16/21, 222.06 , 32.41 , 271.40 , 73.30 , 62.98 , 101.81 , 84.40 , 76.22 , 32.94 , 67.76 , 25.53 , 40.69 , 18.85 , 11.35 , 57.02 , 48.96 , 12.10 , 156.27 , 41.62 , 71.46 , 45.57 , 371.00 , 91.10 , 190.11 , 869.35 , 98.48 , 229.60 , 363.82 , 383.60 , 88.43 , 372.21 , 190.08 , 221.98 , 216.79 , 62.72 
6/17/21, 219.07 , 32.08 , 266.92 , 74.58 , 63.35 , 102.42 , 84.39 , 76.28 , 32.80 , 68.35 , 25.34 , 40.41 , 18.31 , 10.67 , 54.16 , 45.36 , 11.37 , 151.76 , 39.80 , 68.86 , 42.79 , 361.50 , 87.91 , 182.45 , 868.82 , 97.13 , 232.15 , 367.29 , 382.90 , 87.13 , 368.70 , 187.68 , 220.38 , 211.64 , 60.44 
6/18/21, 214.81 , 31.58 , 261.43 , 73.28 , 61.45 , 99.61 , 82.35 , 74.49 , 31.77 , 66.60 , 24.63 , 39.60 , 17.66 , 10.56 , 53.02 , 44.18 , 11.02 , 147.92 , 38.78 , 67.61 , 41.75 , 348.83 , 84.09 , 178.33 , 840.78 , 96.38 , 230.41 , 367.42 , 379.19 , 85.92 , 367.19 , 185.15 , 218.86 , 207.18 , 59.21 
6/21/21, 217.51 , 31.94 , 264.76 , 74.33 , 62.50 , 101.31 , 83.19 , 75.19 , 31.88 , 67.14 , 24.94 , 40.00 , 18.29 , 11.01 , 55.59 , 45.71 , 11.59 , 150.43 , 39.75 , 68.45 , 43.28 , 357.54 , 85.94 , 184.15 , 861.26 , 98.31 , 234.32 , 373.09 , 382.50 , 88.00 , 373.29 , 190.78 , 222.68 , 213.05 , 60.46 
6/22/21, 218.99 , 31.76 , 264.08 , 74.11 , 62.08 , 100.40 , 83.26 , 74.46 , 31.61 , 66.75 , 24.79 , 40.00 , 18.20 , 10.94 , 55.47 , 45.39 , 11.60 , 150.21 , 39.97 , 68.96 , 43.54 , 357.53 , 85.70 , 183.91 , 864.76 , 98.41 , 235.93 , 378.04 , 382.48 , 87.38 , 372.57 , 189.58 , 221.69 , 211.60 , 60.01 
6/23/21, 219.11 , 31.55 , 263.20 , 73.35 , 61.47 , 99.23 , 82.65 , 73.47 , 31.48 , 66.23 , 24.70 , 39.84 , 18.09 , 10.82 , 55.23 , 45.25 , 11.48 , 151.12 , 40.20 , 69.65 , 43.96 , 361.05 , 85.87 , 185.13 , 865.42 , 99.58 , 234.68 , 375.14 , 377.33 , 86.60 , 370.28 , 186.81 , 221.45 , 209.49 , 58.86 
6/24/21, 218.47 , 31.72 , 264.94 , 72.88 , 60.98 , 99.07 , 82.85 , 73.43 , 31.55 , 66.26 , 24.51 , 40.08 , 18.24 , 10.93 , 55.89 , 45.59 , 11.38 , 152.51 , 40.83 , 71.32 , 45.18 , 368.75 , 87.08 , 189.18 , 867.34 , 99.62 , 236.24 , 374.75 , 377.73 , 86.85 , 369.68 , 188.11 , 219.65 , 211.07 , 58.74 
6/25/21, 221.27 , 31.97 , 265.85 , 73.86 , 61.53 , 99.72 , 84.77 , 73.87 , 31.82 , 67.10 , 24.75 , 40.24 , 18.29 , 10.72 , 56.55 , 45.31 , 11.19 , 154.05 , 41.62 , 71.55 , 46.38 , 368.77 , 88.40 , 193.36 , 874.03 , 98.55 , 237.32 , 379.61 , 382.01 , 86.72 , 373.31 , 189.81 , 221.03 , 213.28 , 59.28 
6/28/21, 219.13 , 31.77 , 263.51 , 75.15 , 61.49 , 100.01 , 84.90 , 73.82 , 32.00 , 67.06 , 24.63 , 39.84 , 17.97 , 10.37 , 55.44 , 44.05 , 11.17 , 154.33 , 41.56 , 71.51 , 45.79 , 368.71 , 87.70 , 191.60 , 878.74 , 99.25 , 234.09 , 367.68 , 380.07 , 85.11 , 370.21 , 188.87 , 219.51 , 211.16 , 58.35 
6/29/21, 218.65 , 31.56 , 262.09 , 74.08 , 60.46 , 98.12 , 83.93 , 72.05 , 31.77 , 65.71 , 24.49 , 39.84 , 17.85 , 10.55 , 55.18 , 43.90 , 11.02 , 154.14 , 40.89 , 69.68 , 44.79 , 372.62 , 90.64 , 190.47 , 873.53 , 98.95 , 235.95 , 368.00 , 373.42 , 84.44 , 360.31 , 186.70 , 215.40 , 207.83 , 57.67 
6/30/21, 219.93 , 32.08 , 265.41 , 73.28 , 60.51 , 98.72 , 84.59 , 71.72 , 31.60 , 65.88 , 24.52 , 40.04 , 18.23 , 10.63 , 55.64 , 44.45 , 11.36 , 155.54 , 41.23 , 70.75 , 45.29 , 379.53 , 91.69 , 190.76 , 874.97 , 97.14 , 233.82 , 365.09 , 378.35 , 85.31 , 363.43 , 188.26 , 216.15 , 210.75 , 58.12 
7/1/21, 223.55 , 32.28 , 269.28 , 74.19 , 61.48 , 99.55 , 85.26 , 72.54 , 32.07 , 67.03 , 24.73 , 40.39 , 18.43 , 10.70 , 56.93 , 44.78 , 11.71 , 157.08 , 41.54 , 71.01 , 45.41 , 374.99 , 92.02 , 191.74 , 879.23 , 97.11 , 235.15 , 370.71 , 380.22 , 86.22 , 367.62 , 188.05 , 218.66 , 212.15 , 58.12 
7/2/21, 224.72 , 32.58 , 270.91 , 74.28 , 61.53 , 99.51 , 85.20 , 72.47 , 32.18 , 66.82 , 24.91 , 40.69 , 18.57 , 10.71 , 57.39 , 44.80 , 11.54 , 156.03 , 41.15 , 70.41 , 45.07 , 374.16 , 92.03 , 192.79 , 893.63 , 97.65 , 238.63 , 375.03 , 381.49 , 86.70 , 369.20 , 188.54 , 219.44 , 211.97 , 58.52 
7/6/21, 223.81 , 32.40 , 269.34 , 75.13 , 61.64 , 99.83 , 85.24 , 72.94 , 32.00 , 67.07 , 24.89 , 40.20 , 18.44 , 10.66 , 56.49 , 43.98 , 11.07 , 153.41 , 40.07 , 68.21 , 43.49 , 369.86 , 90.21 , 187.96 , 892.68 , 97.54 , 239.60 , 376.12 , 378.67 , 85.75 , 367.65 , 186.91 , 219.50 , 205.86 , 58.15 
7/7/21, 228.35 , 32.98 , 273.35 , 75.33 , 61.69 , 100.37 , 85.62 , 73.34 , 32.18 , 67.69 , 25.01 , 40.17 , 18.30 , 10.47 , 55.44 , 43.14 , 10.82 , 153.59 , 39.75 , 67.93 , 43.40 , 367.67 , 90.03 , 186.58 , 900.94 , 98.88 , 240.00 , 373.92 , 383.48 , 85.83 , 371.26 , 189.79 , 224.00 , 206.89 , 58.18 
7/8/21, 218.34 , 30.95 , 253.78 , 75.13 , 61.55 , 100.56 , 85.31 , 73.36 , 32.04 , 67.50 , 25.26 , 39.84 , 18.17 , 10.37 , 55.38 , 43.31 , 10.75 , 150.94 , 38.78 , 66.73 , 42.32 , 358.94 , 87.64 , 183.23 , 876.50 , 98.26 , 236.61 , 370.19 , 379.92 , 85.44 , 369.94 , 188.02 , 222.30 , 203.55 , 57.24 
7/9/21, 221.69 , 31.83 , 263.64 , 74.99 , 61.47 , 100.66 , 85.39 , 73.30 , 32.02 , 67.67 , 25.47 , 40.25 , 18.67 , 10.59 , 57.52 , 45.04 , 11.12 , 155.77 , 40.04 , 68.45 , 43.91 , 371.76 , 90.33 , 189.67 , 901.31 , 99.73 , 238.47 , 372.94 , 383.11 , 86.38 , 371.82 , 190.22 , 223.99 , 206.22 , 58.39 
7/12/21, 221.22 , 31.74 , 261.79 , 75.09 , 61.80 , 101.53 , 85.41 , 73.36 , 32.29 , 67.84 , 25.21 , 40.15 , 18.52 , 10.46 , 56.92 , 44.66 , 10.74 , 158.00 , 40.63 , 69.44 , 44.16 , 380.50 , 92.75 , 191.91 , 915.92 , 101.93 , 237.87 , 375.56 , 379.07 , 86.22 , 370.33 , 189.33 , 224.25 , 204.69 , 58.01 
7/13/21, 219.18 , 31.70 , 261.28 , 74.86 , 61.34 , 101.53 , 85.24 , 72.63 , 31.94 , 67.58 , 24.68 , 39.90 , 18.28 , 10.28 , 55.92 , 44.39 , 10.66 , 155.65 , 39.86 , 68.37 , 43.23 , 375.98 , 93.21 , 189.28 , 908.07 , 99.83 , 242.35 , 383.71 , 377.84 , 85.33 , 367.39 , 188.74 , 224.58 , 202.66 , 57.95 
7/14/21, 220.05 , 31.64 , 261.76 , 75.70 , 61.89 , 102.70 , 86.18 , 73.19 , 32.19 , 68.09 , 24.77 , 39.54 , 17.93 , 10.08 , 54.88 , 43.03 , 10.53 , 155.12 , 38.86 , 68.17 , 44.95 , 374.40 , 92.46 , 188.34 , 880.32 , 98.65 , 245.99 , 390.80 , 376.82 , 84.91 , 363.94 , 189.46 , 223.97 , 201.66 , 57.30 
7/15/21, 219.94 , 31.81 , 263.40 , 76.82 , 62.67 , 103.94 , 87.18 , 74.36 , 32.61 , 68.72 , 25.32 , 39.21 , 17.86 , 9.79 , 54.47 , 41.98 , 10.21 , 155.46 , 38.83 , 68.45 , 45.00 , 373.35 , 92.63 , 189.50 , 880.00 , 102.50 , 248.55 , 390.23 , 378.25 , 84.98 , 364.12 , 189.35 , 223.86 , 201.38 , 57.05 
7/16/21, 218.42 , 31.51 , 260.55 , 77.92 , 63.11 , 104.76 , 87.49 , 74.93 , 32.79 , 69.13 , 25.59 , 39.08 , 17.64 , 9.68 , 53.31 , 41.33 , 10.02 , 151.91 , 37.92 , 66.90 , 44.28 , 364.80 , 91.25 , 183.43 , 875.02 , 102.20 , 248.12 , 387.12 , 377.14 , 83.53 , 362.81 , 189.28 , 223.76 , 200.74 , 57.17 
7/19/21, 214.34 , 30.82 , 253.82 , 76.99 , 62.79 , 103.89 , 85.77 , 73.77 , 32.32 , 68.27 , 24.87 , 37.80 , 17.18 , 9.31 , 50.20 , 40.04 , 9.56 , 146.97 , 36.93 , 65.08 , 43.05 , 354.72 , 89.35 , 177.80 , 845.16 , 99.73 , 240.41 , 365.45 , 372.02 , 81.05 , 355.00 , 184.09 , 218.23 , 195.31 , 55.35 
7/20/21, 215.48 , 31.18 , 256.83 , 77.17 , 62.95 , 103.74 , 85.74 , 73.57 , 32.84 , 68.16 , 25.24 , 37.94 , 17.47 , 9.77 , 52.38 , 41.47 , 9.80 , 149.71 , 37.69 , 66.29 , 44.84 , 364.76 , 92.32 , 181.60 , 878.84 , 103.84 , 242.70 , 374.39 , 379.98 , 84.80 , 359.97 , 190.01 , 225.51 , 202.89 , 58.07 
7/21/21, 217.19 , 31.57 , 260.65 , 75.88 , 62.82 , 103.16 , 84.72 , 72.78 , 32.69 , 67.06 , 25.17 , 38.60 , 17.85 , 9.97 , 53.46 , 42.83 , 10.13 , 152.86 , 38.46 , 67.89 , 45.80 , 373.50 , 95.68 , 184.87 , 882.68 , 105.79 , 243.66 , 380.06 , 380.89 , 86.58 , 361.46 , 191.63 , 227.10 , 204.76 , 57.83 
7/22/21, 219.54 , 32.67 , 263.90 , 76.12 , 62.98 , 102.92 , 84.88 , 73.04 , 32.81 , 67.24 , 25.03 , 38.68 , 17.47 , 9.94 , 53.09 , 42.83 , 10.26 , 150.93 , 37.96 , 66.93 , 45.03 , 372.71 , 95.57 , 181.72 , 866.86 , 110.13 , 244.14 , 382.16 , 379.93 , 85.82 , 359.26 , 190.57 , 226.12 , 202.17 , 57.47 
7/23/21, 220.15 , 32.81 , 265.32 , 77.20 , 63.86 , 104.47 , 85.98 , 74.18 , 33.17 , 68.27 , 25.18 , 38.81 , 17.37 , 10.00 , 52.95 , 42.52 , 10.28 , 150.64 , 37.70 , 66.71 , 44.59 , 374.05 , 94.55 , 183.02 , 868.95 , 111.30 , 249.02 , 393.26 , 380.77 , 85.81 , 361.31 , 191.86 , 227.25 , 203.75 , 57.70 
7/26/21, 220.19 , 32.89 , 265.28 , 76.91 , 63.73 , 104.58 , 87.68 , 73.96 , 33.09 , 68.31 , 25.35 , 38.90 , 17.83 , 10.03 , 53.83 , 43.49 , 10.47 , 151.65 , 38.13 , 67.77 , 45.01 , 375.90 , 96.54 , 184.52 , 871.49 , 113.29 , 250.25 , 392.80 , 368.05 , 85.95 , 358.26 , 191.92 , 226.00 , 205.17 , 57.60 
7/27/21, 218.03 , 32.38 , 262.93 , 77.86 , 64.54 , 106.36 , 89.39 , 75.53 , 33.69 , 69.46 , 25.69 , 38.98 , 17.75 , 9.75 , 52.92 , 42.08 , 10.11 , 151.45 , 37.98 , 67.98 , 45.14 , 374.84 , 96.48 , 184.27 , 861.88 , 114.21 , 250.93 , 390.27 , 374.73 , 88.22 , 362.20 , 194.05 , 228.08 , 204.43 , 57.36 
7/28/21, 216.56 , 31.91 , 256.92 , 77.85 , 63.99 , 105.65 , 88.99 , 74.59 , 33.50 , 68.70 , 25.66 , 39.34 , 17.77 , 9.95 , 53.34 , 42.86 , 10.16 , 151.70 , 38.13 , 68.10 , 45.51 , 374.23 , 96.07 , 183.76 , 860.71 , 114.36 , 246.94 , 383.44 , 372.81 , 87.20 , 360.11 , 195.51 , 227.68 , 204.86 , 57.50 
7/29/21, 217.32 , 32.09 , 256.04 , 78.16 , 64.46 , 105.68 , 89.14 , 74.52 , 33.74 , 68.79 , 25.81 , 39.63 , 17.90 , 9.97 , 53.80 , 42.93 , 10.02 , 153.00 , 38.68 , 68.81 , 46.50 , 377.55 , 96.28 , 185.16 , 869.39 , 116.70 , 247.92 , 388.81 , 372.60 , 87.65 , 365.66 , 198.14 , 228.55 , 207.23 , 57.81 
7/30/21, 218.76 , 32.32 , 257.83 , 77.90 , 63.87 , 105.11 , 88.12 , 73.77 , 33.37 , 68.25 , 25.46 , 39.35 , 17.38 , 9.86 , 51.97 , 42.11 , 10.01 , 151.78 , 38.36 , 67.62 , 45.94 , 374.88 , 95.98 , 182.41 , 867.17 , 115.27 , 246.39 , 385.94 , 371.67 , 86.95 , 363.02 , 196.03 , 226.74 , 205.13 , 57.43 
8/2/21, 217.52 , 32.09 , 256.16 , 78.81 , 64.08 , 106.19 , 88.34 , 74.50 , 33.54 , 68.56 , 25.55 , 39.07 , 17.32 , 9.70 , 51.35 , 41.53 , 9.72 , 151.17 , 37.96 , 67.73 , 45.79 , 378.19 , 96.23 , 181.78 , 873.26 , 115.19 , 239.78 , 375.26 , 368.30 , 86.61 , 361.84 , 195.83 , 225.95 , 203.42 , 56.92 
8/3/21, 220.06 , 32.43 , 258.74 , 79.42 , 64.13 , 106.61 , 89.09 , 74.85 , 33.79 , 68.70 , 25.87 , 39.47 , 17.48 , 9.71 , 51.43 , 42.12 , 9.80 , 152.89 , 38.55 , 68.88 , 46.83 , 380.36 , 96.60 , 186.34 , 880.21 , 115.16 , 237.09 , 367.60 , 369.45 , 87.97 , 364.44 , 197.32 , 231.37 , 204.36 , 55.17 
8/4/21, 217.62 , 31.92 , 253.60 , 79.87 , 64.03 , 106.73 , 88.83 , 74.87 , 33.35 , 68.95 , 25.70 , 39.18 , 17.14 , 9.27 , 51.72 , 41.41 , 9.51 , 151.24 , 38.27 , 68.52 , 46.15 , 377.86 , 96.29 , 185.02 , 882.01 , 116.75 , 236.67 , 368.01 , 361.64 , 85.82 , 357.25 , 195.87 , 229.41 , 200.41 , 52.88 
8/5/21, 219.16 , 32.15 , 254.47 , 80.49 , 64.78 , 107.93 , 89.66 , 75.32 , 33.99 , 69.24 , 26.24 , 39.51 , 17.02 , 9.12 , 52.21 , 42.40 , 9.61 , 153.15 , 39.02 , 69.69 , 46.99 , 384.30 , 97.83 , 186.68 , 889.28 , 115.70 , 240.21 , 371.94 , 360.78 , 86.88 , 358.72 , 196.69 , 231.24 , 203.20 , 52.65 
8/6/21, 220.50 , 32.30 , 256.01 , 80.61 , 64.70 , 106.96 , 89.34 , 75.52 , 33.94 , 69.08 , 26.48 , 39.54 , 17.12 , 9.27 , 52.56 , 42.88 , 9.67 , 157.50 , 40.15 , 71.07 , 48.77 , 397.89 , 99.73 , 190.27 , 896.09 , 114.29 , 241.40 , 374.53 , 362.05 , 87.58 , 362.11 , 199.08 , 231.29 , 205.58 , 53.94 
8/9/21, 219.95 , 32.39 , 255.67 , 80.56 , 64.85 , 106.15 , 88.76 , 76.07 , 33.82 , 69.12 , 26.54 , 39.24 , 17.04 , 9.23 , 51.75 , 42.64 , 9.46 , 157.33 , 40.67 , 71.52 , 48.65 , 399.88 , 100.74 , 190.01 , 901.97 , 114.24 , 240.00 , 370.68 , 361.04 , 87.08 , 360.99 , 197.24 , 229.00 , 205.13 , 54.19 
8/10/21, 221.71 , 32.95 , 259.07 , 80.53 , 65.21 , 106.90 , 88.75 , 76.40 , 33.92 , 68.71 , 26.62 , 39.78 , 17.19 , 9.40 , 52.70 , 44.40 , 9.77 , 159.26 , 41.43 , 72.98 , 49.63 , 407.97 , 102.04 , 191.70 , 912.56 , 113.82 , 238.07 , 367.84 , 362.24 , 87.65 , 362.68 , 199.02 , 232.62 , 206.94 , 55.38 
8/11/21, 226.39 , 33.98 , 265.71 , 82.37 , 65.63 , 107.14 , 89.17 , 77.12 , 34.37 , 69.07 , 26.81 , 40.28 , 17.24 , 9.54 , 52.83 , 44.19 , 9.85 , 161.16 , 41.95 , 74.30 , 50.66 , 413.89 , 103.88 , 193.90 , 917.09 , 114.46 , 235.06 , 364.24 , 363.30 , 88.62 , 366.10 , 200.69 , 232.89 , 208.93 , 55.66 
8/12/21, 227.66 , 34.13 , 269.01 , 83.00 , 65.72 , 105.69 , 88.95 , 77.25 , 34.25 , 68.79 , 26.75 , 39.19 , 17.30 , 9.72 , 53.37 , 44.32 , 10.05 , 161.79 , 42.15 , 74.13 , 51.15 , 415.00 , 104.67 , 193.40 , 918.54 , 113.50 , 231.79 , 361.98 , 359.75 , 87.98 , 363.86 , 199.17 , 230.77 , 207.49 , 55.66 
8/13/21, 227.80 , 33.87 , 268.92 , 83.45 , 65.53 , 106.00 , 89.69 , 77.74 , 34.48 , 69.04 , 26.90 , 39.19 , 17.21 , 9.51 , 52.45 , 43.94 , 10.00 , 159.98 , 41.63 , 73.11 , 50.37 , 410.78 , 103.94 , 190.38 , 916.86 , 114.80 , 232.65 , 362.75 , 357.98 , 87.25 , 363.11 , 198.37 , 229.83 , 205.94 , 55.28 
8/16/21, 227.49 , 33.87 , 269.73 , 83.95 , 66.38 , 107.81 , 90.30 , 78.25 , 34.64 , 69.77 , 26.79 , 39.21 , 17.00 , 9.51 , 51.75 , 43.02 , 9.73 , 158.93 , 41.29 , 72.10 , 49.41 , 408.35 , 103.72 , 189.65 , 924.89 , 114.76 , 235.36 , 363.56 , 360.25 , 87.14 , 368.62 , 200.46 , 234.15 , 205.75 , 55.39 
8/17/21, 225.86 , 33.74 , 266.73 , 83.96 , 66.45 , 107.71 , 90.54 , 77.24 , 34.48 , 69.95 , 26.85 , 38.69 , 16.75 , 9.32 , 51.28 , 43.23 , 9.69 , 157.01 , 41.09 , 71.62 , 48.71 , 404.97 , 102.87 , 187.75 , 909.62 , 112.81 , 234.53 , 363.23 , 361.60 , 86.61 , 368.63 , 199.32 , 233.88 , 205.67 , 55.66 
8/18/21, 224.82 , 33.76 , 265.29 , 84.42 , 66.01 , 107.05 , 89.75 , 76.60 , 34.38 , 69.33 , 26.40 , 38.18 , 16.29 , 9.10 , 50.56 , 42.46 , 9.42 , 155.58 , 40.79 , 71.12 , 47.97 , 398.80 , 101.26 , 185.56 , 901.91 , 111.43 , 231.63 , 360.95 , 356.60 , 85.48 , 363.16 , 196.80 , 231.23 , 201.17 , 54.88 
8/19/21, 223.77 , 33.59 , 262.20 , 84.55 , 66.38 , 106.88 , 90.40 , 76.69 , 34.79 , 70.12 , 25.92 , 37.31 , 15.89 , 8.95 , 49.27 , 41.12 , 9.11 , 154.28 , 40.19 , 69.84 , 47.25 , 393.57 , 99.73 , 184.34 , 903.78 , 110.37 , 231.57 , 357.31 , 354.03 , 83.35 , 361.09 , 195.49 , 230.12 , 200.16 , 53.90 
8/20/21, 223.71 , 33.73 , 262.27 , 86.28 , 67.32 , 107.21 , 91.08 , 76.95 , 35.20 , 70.61 , 26.34 , 37.84 , 15.94 , 9.02 , 50.43 , 41.85 , 9.41 , 154.72 , 40.37 , 70.25 , 47.42 , 395.87 , 100.66 , 185.82 , 917.17 , 113.30 , 231.36 , 354.99 , 357.17 , 84.05 , 363.00 , 197.30 , 231.14 , 202.73 , 55.84 
8/23/21, 223.78 , 33.87 , 263.61 , 84.40 , 66.67 , 105.83 , 90.12 , 75.79 , 34.98 , 68.99 , 26.18 , 38.73 , 16.28 , 9.21 , 51.98 , 43.07 , 9.52 , 156.70 , 40.91 , 70.89 , 47.61 , 401.45 , 102.16 , 187.27 , 927.86 , 115.77 , 234.14 , 361.01 , 357.35 , 84.96 , 362.92 , 198.01 , 232.49 , 205.98 , 56.43 
8/24/21, 221.25 , 33.37 , 259.43 , 84.14 , 65.73 , 105.15 , 89.23 , 75.02 , 34.88 , 68.29 , 25.84 , 39.00 , 16.48 , 9.33 , 52.96 , 43.91 , 9.60 , 157.67 , 41.48 , 72.04 , 48.36 , 408.56 , 103.09 , 188.48 , 929.19 , 118.07 , 234.24 , 361.78 , 359.00 , 85.43 , 362.77 , 198.92 , 232.44 , 206.04 , 57.26 
8/25/21, 221.29 , 33.46 , 261.16 , 84.53 , 65.87 , 105.38 , 89.33 , 75.27 , 34.86 , 68.31 , 25.72 , 39.13 , 16.47 , 9.48 , 53.46 , 44.36 , 9.21 , 160.92 , 42.15 , 73.18 , 49.29 , 413.12 , 104.09 , 192.13 , 939.52 , 119.52 , 232.59 , 359.10 , 358.75 , 85.73 , 362.66 , 199.30 , 233.26 , 206.22 , 57.61 
8/26/21, 220.98 , 33.28 , 259.56 , 83.81 , 66.14 , 104.85 , 89.25 , 75.22 , 34.78 , 68.30 , 25.37 , 38.92 , 16.14 , 9.20 , 52.55 , 43.57 , 9.49 , 161.75 , 42.04 , 72.44 , 49.05 , 412.41 , 103.84 , 191.00 , 935.88 , 121.88 , 230.52 , 352.86 , 361.62 , 84.76 , 366.76 , 199.07 , 234.50 , 204.42 , 57.49 
8/27/21, 221.43 , 33.45 , 260.81 , 83.41 , 65.99 , 104.67 , 89.29 , 75.64 , 35.00 , 68.70 , 25.62 , 39.44 , 16.59 , 9.49 , 53.84 , 45.15 , 9.25 , 163.05 , 42.49 , 72.99 , 49.81 , 419.69 , 105.45 , 194.51 , 954.94 , 124.22 , 232.69 , 355.73 , 361.99 , 85.40 , 364.84 , 199.72 , 232.20 , 206.99 , 57.47 
8/30/21, 219.08 , 33.10 , 258.23 , 83.95 , 65.75 , 104.79 , 89.62 , 75.70 , 35.12 , 69.03 , 25.38 , 39.53 , 16.34 , 9.30 , 53.04 , 44.18 , 9.33 , 160.44 , 41.66 , 71.67 , 48.41 , 413.60 , 104.09 , 190.61 , 948.08 , 124.41 , 231.23 , 353.05 , 362.05 , 84.80 , 367.62 , 199.19 , 232.62 , 207.01 , 57.00 
8/31/21, 216.84 , 32.53 , 253.54 , 83.99 , 65.73 , 104.66 , 89.57 , 75.45 , 34.95 , 68.75 , 25.09 , 39.31 , 16.27 , 9.30 , 52.52 , 43.92 , 9.39 , 159.95 , 41.75 , 71.91 , 45.70 , 413.51 , 104.43 , 191.10 , 943.29 , 125.73 , 229.10 , 346.23 , 359.80 , 84.76 , 367.70 , 200.31 , 233.01 , 204.17 , 57.43 
9/1/21, 216.93 , 32.54 , 252.25 , 85.34 , 66.48 , 106.12 , 90.50 , 76.44 , 35.37 , 69.75 , 25.51 , 39.47 , 16.16 , 9.44 , 52.08 , 43.79 , 9.66 , 159.72 , 41.19 , 71.31 , 43.45 , 413.66 , 104.31 , 189.48 , 943.82 , 127.52 , 230.12 , 349.57 , 356.66 , 84.10 , 364.98 , 199.79 , 232.70 , 202.99 , 57.05 
9/2/21, 217.53 , 32.58 , 253.68 , 86.48 , 66.85 , 106.65 , 90.93 , 77.13 , 35.72 , 70.32 , 25.77 , 39.82 , 16.42 , 9.67 , 53.29 , 45.05 , 9.64 , 160.46 , 41.02 , 71.50 , 44.57 , 414.50 , 104.83 , 191.71 , 950.67 , 128.32 , 224.18 , 341.28 , 358.05 , 84.54 , 368.30 , 202.30 , 234.18 , 205.13 , 57.66 
9/3/21, 214.91 , 32.00 , 250.40 , 85.69 , 66.27 , 105.68 , 90.41 , 76.30 , 35.53 , 69.80 , 25.94 , 40.03 , 16.34 , 9.65 , 53.17 , 45.05 , 9.58 , 159.49 , 41.05 , 71.17 , 44.17 , 411.31 , 104.25 , 191.52 , 937.28 , 129.00 , 225.11 , 340.23 , 356.00 , 83.65 , 365.93 , 202.46 , 231.74 , 203.17 , 57.48 
9/7/21, 213.00 , 31.51 , 248.15 , 85.03 , 66.19 , 103.20 , 88.91 , 74.88 , 35.30 , 67.90 , 25.80 , 39.96 , 16.16 , 9.50 , 52.47 , 44.42 , 9.66 , 159.21 , 41.32 , 70.82 , 44.31 , 410.32 , 104.18 , 192.21 , 924.83 , 127.07 , 226.27 , 344.71 , 349.20 , 83.00 , 358.88 , 202.39 , 229.73 , 199.24 , 57.40 
9/8/21, 215.25 , 31.69 , 249.63 , 86.44 , 67.31 , 105.33 , 90.68 , 76.92 , 35.91 , 69.31 , 26.47 , 40.41 , 16.09 , 9.44 , 52.36 , 44.30 , 9.62 , 158.50 , 40.78 , 70.04 , 43.82 , 405.00 , 103.57 , 191.72 , 924.34 , 128.31 , 229.09 , 351.04 , 351.46 , 82.87 , 360.40 , 204.40 , 230.85 , 199.49 , 57.04 
9/9/21, 210.05 , 31.35 , 247.62 , 85.84 , 67.18 , 104.62 , 90.40 , 76.38 , 35.82 , 69.27 , 26.56 , 40.08 , 15.98 , 9.32 , 52.40 , 43.96 , 9.67 , 159.19 , 40.93 , 70.46 , 44.36 , 404.58 , 103.84 , 192.28 , 922.14 , 129.41 , 227.49 , 351.41 , 348.93 , 83.66 , 356.78 , 203.81 , 232.05 , 199.33 , 56.87 
9/10/21, 207.76 , 30.95 , 247.15 , 84.93 , 66.21 , 103.20 , 88.83 , 74.69 , 35.59 , 67.76 , 26.22 , 39.80 , 15.97 , 9.30 , 52.49 , 43.49 , 9.93 , 157.36 , 40.27 , 69.57 , 44.33 , 403.48 , 103.62 , 191.66 , 916.62 , 128.74 , 224.91 , 347.39 , 345.88 , 83.00 , 354.10 , 201.60 , 231.63 , 198.18 , 56.50 
9/13/21, 206.75 , 30.90 , 245.54 , 84.58 , 66.33 , 102.73 , 88.32 , 74.41 , 36.05 , 67.08 , 26.16 , 40.14 , 16.14 , 9.34 , 53.41 , 44.74 , 9.90 , 159.86 , 40.94 , 70.52 , 45.76 , 409.26 , 104.40 , 194.46 , 916.26 , 129.21 , 224.63 , 347.82 , 346.31 , 83.64 , 353.70 , 199.42 , 228.52 , 200.98 , 56.95 
9/14/21, 203.41 , 30.50 , 244.79 , 84.64 , 65.97 , 101.61 , 87.83 , 74.19 , 35.92 , 66.11 , 25.66 , 39.80 , 16.01 , 9.30 , 53.05 , 44.20 , 10.01 , 157.07 , 39.84 , 68.78 , 46.05 , 403.69 , 101.91 , 188.35 , 901.95 , 130.60 , 223.03 , 345.80 , 344.34 , 82.74 , 351.73 , 196.66 , 226.98 , 197.75 , 54.61 
9/15/21, 204.25 , 30.85 , 248.62 , 84.61 , 66.01 , 102.03 , 87.33 , 73.99 , 36.26 , 65.45 , 25.10 , 40.27 , 16.38 , 9.24 , 55.71 , 46.71 , 9.80 , 158.16 , 40.14 , 70.45 , 46.64 , 401.95 , 103.04 , 190.18 , 909.65 , 134.60 , 223.81 , 344.75 , 345.07 , 84.87 , 355.74 , 198.48 , 228.70 , 199.20 , 54.71 
9/16/21, 203.44 , 30.91 , 248.00 , 84.00 , 65.38 , 101.41 , 85.98 , 73.66 , 35.78 , 65.00 , 24.63 , 40.06 , 16.16 , 9.14 , 55.57 , 46.22 , 9.47 , 158.09 , 40.45 , 70.00 , 46.28 , 396.68 , 102.47 , 189.90 , 890.44 , 135.04 , 224.33 , 346.31 , 341.50 , 84.02 , 349.66 , 194.88 , 221.03 , 195.08 , 55.36 
9/17/21, 201.47 , 30.31 , 246.04 , 81.64 , 64.14 , 99.67 , 84.10 , 73.07 , 35.55 , 64.00 , 24.43 , 39.65 , 15.96 , 9.10 , 55.17 , 45.04 , 9.24 , 157.68 , 40.50 , 69.96 , 46.47 , 391.46 , 101.75 , 188.92 , 876.63 , 133.63 , 221.75 , 343.04 , 340.98 , 83.39 , 350.24 , 195.12 , 222.46 , 194.99 , 55.20 
9/20/21, 197.87 , 29.77 , 241.56 , 81.69 , 63.96 , 99.64 , 83.30 , 73.31 , 35.45 , 63.44 , 24.71 , 38.87 , 15.68 , 8.73 , 52.99 , 44.12 , 9.24 , 152.96 , 39.11 , 67.30 , 45.81 , 378.13 , 98.63 , 184.67 , 857.27 , 123.96 , 220.05 , 339.69 , 338.46 , 83.45 , 348.81 , 193.43 , 222.04 , 193.63 , 54.79 
9/21/21, 196.61 , 29.71 , 239.24 , 81.92 , 63.81 , 98.92 , 82.99 , 73.05 , 34.95 , 63.29 , 24.92 , 39.22 , 15.78 , 8.85 , 53.31 , 44.74 , 9.52 , 152.98 , 39.13 , 66.94 , 45.85 , 375.84 , 98.30 , 183.97 , 845.24 , 127.57 , 220.17 , 337.38 , 336.05 , 83.11 , 345.14 , 191.19 , 219.99 , 189.32 , 54.68 
9/22/21, 198.07 , 29.86 , 239.52 , 81.90 , 63.61 , 98.54 , 82.72 , 73.25 , 35.21 , 63.19 , 24.56 , 39.52 , 16.13 , 9.25 , 54.85 , 46.02 , 10.02 , 155.91 , 40.14 , 68.24 , 47.08 , 385.47 , 100.80 , 187.67 , 851.05 , 125.82 , 222.75 , 343.41 , 341.73 , 85.27 , 348.52 , 193.75 , 222.73 , 191.47 , 54.55 
9/23/21, 201.72 , 30.21 , 242.17 , 81.27 , 63.40 , 98.40 , 82.31 , 73.11 , 35.40 , 62.90 , 24.80 , 40.08 , 16.49 , 9.49 , 57.46 , 47.44 , 10.03 , 161.18 , 41.69 , 70.88 , 47.80 , 391.86 , 103.55 , 193.61 , 876.17 , 127.09 , 228.31 , 354.07 , 344.20 , 86.75 , 350.91 , 196.75 , 221.24 , 194.54 , 55.57 
9/24/21, 203.80 , 30.42 , 245.07 , 80.70 , 63.16 , 98.46 , 82.05 , 73.00 , 35.11 , 63.32 , 25.41 , 40.03 , 16.53 , 9.28 , 57.47 , 47.42 , 10.36 , 163.04 , 42.14 , 71.18 , 47.92 , 390.85 , 102.91 , 194.50 , 874.62 , 125.10 , 231.59 , 358.16 , 349.52 , 87.16 , 355.70 , 197.42 , 223.49 , 195.37 , 55.31 
9/27/21, 203.96 , 30.56 , 245.62 , 78.76 , 62.44 , 97.63 , 81.36 , 72.53 , 34.86 , 62.25 , 25.42 , 40.39 , 16.98 , 9.63 , 58.90 , 49.46 , 10.17 , 166.98 , 43.26 , 72.26 , 47.56 , 399.81 , 105.10 , 200.20 , 875.47 , 123.34 , 229.60 , 356.77 , 353.36 , 87.34 , 357.21 , 197.76 , 223.18 , 197.06 , 55.79 
9/28/21, 201.12 , 30.50 , 245.22 , 77.27 , 61.94 , 97.05 , 81.28 , 72.16 , 34.37 , 61.42 , 24.95 , 39.80 , 16.89 , 9.51 , 58.28 , 49.32 , 10.31 , 166.08 , 43.16 , 71.37 , 45.92 , 389.50 , 102.04 , 197.72 , 860.57 , 118.18 , 225.56 , 351.18 , 352.15 , 86.84 , 358.30 , 197.10 , 221.88 , 196.54 , 54.97 
9/29/21, 201.68 , 30.36 , 244.24 , 78.35 , 62.64 , 98.34 , 82.17 , 73.45 , 34.68 , 62.67 , 25.11 , 39.82 , 16.92 , 9.58 , 58.81 , 49.50 , 10.17 , 165.95 , 43.07 , 71.53 , 47.03 , 384.89 , 99.55 , 197.44 , 856.57 , 118.92 , 226.68 , 353.19 , 350.29 , 86.99 , 362.98 , 198.39 , 223.03 , 197.33 , 54.38 
9/30/21, 196.01 , 29.74 , 239.25 , 78.52 , 61.97 , 97.59 , 81.18 , 72.59 , 34.47 , 62.50 , 24.60 , 39.80 , 16.73 , 9.58 , 57.99 , 49.21 , 10.21 , 163.69 , 42.45 , 70.18 , 46.41 , 378.03 , 97.31 , 195.64 , 838.66 , 116.34 , 222.75 , 347.68 , 345.10 , 85.96 , 360.15 , 196.03 , 220.24 , 193.06 , 53.86 
10/1/21, 201.74 , 30.34 , 243.54 , 79.21 , 61.75 , 98.46 , 81.38 , 71.60 , 34.08 , 62.49 , 24.90 , 40.02 , 16.91 , 9.75 , 59.45 , 50.77 , 10.19 , 167.13 , 43.08 , 71.18 , 47.02 , 380.00 , 99.05 , 198.31 , 841.89 , 115.75 , 230.46 , 360.18 , 347.80 , 87.48 , 360.92 , 198.22 , 219.48 , 194.18 , 55.03 
10/4/21, 205.51 , 30.51 , 247.88 , 79.36 , 62.43 , 100.76 , 83.04 , 73.22 , 34.48 , 63.90 , 25.49 , 40.42 , 16.94 , 10.08 , 60.06 , 52.07 , 10.19 , 166.95 , 43.34 , 71.29 , 47.02 , 374.15 , 97.15 , 198.09 , 825.56 , 110.95 , 224.73 , 344.20 , 345.99 , 87.69 , 365.67 , 197.51 , 218.44 , 195.06 , 55.85 
10/5/21, 209.97 , 31.43 , 255.14 , 79.48 , 62.06 , 100.17 , 83.02 , 73.04 , 34.47 , 63.30 , 25.47 , 40.18 , 16.92 , 9.86 , 60.22 , 52.22 , 9.93 , 168.66 , 44.22 , 72.53 , 47.96 , 385.81 , 99.20 , 200.49 , 838.78 , 114.81 , 224.28 , 343.21 , 347.75 , 88.72 , 369.88 , 198.16 , 222.33 , 194.93 , 56.92 
10/6/21, 212.44 , 32.54 , 262.53 , 81.18 , 62.73 , 101.85 , 84.56 , 74.61 , 35.02 , 64.33 , 25.79 , 40.55 , 16.74 , 9.42 , 60.10 , 51.88 , 10.22 , 169.02 , 44.24 , 72.42 , 47.87 , 388.05 , 99.10 , 200.82 , 837.55 , 113.87 , 226.51 , 348.69 , 349.99 , 89.27 , 377.32 , 199.36 , 226.87 , 196.78 , 57.75 
10/7/21, 211.88 , 32.18 , 259.66 , 80.92 , 62.67 , 100.96 , 84.14 , 74.38 , 34.73 , 63.97 , 25.57 , 40.80 , 16.94 , 9.64 , 60.75 , 52.31 , 10.42 , 170.09 , 44.12 , 72.19 , 47.76 , 390.62 , 98.80 , 201.80 , 842.35 , 115.28 , 230.55 , 353.91 , 351.78 , 90.15 , 382.70 , 201.73 , 230.64 , 202.86 , 58.02 
10/8/21, 216.48 , 32.71 , 264.88 , 80.21 , 62.56 , 100.53 , 83.58 , 73.47 , 34.48 , 63.20 , 25.54 , 41.37 , 17.47 , 9.94 , 61.63 , 52.71 , 10.49 , 170.22 , 44.34 , 72.35 , 48.00 , 392.81 , 100.04 , 202.76 , 844.40 , 116.43 , 230.27 , 354.96 , 353.75 , 90.62 , 389.72 , 202.12 , 233.17 , 206.39 , 57.69 
10/11/21, 214.91 , 32.50 , 264.44 , 77.83 , 61.92 , 99.71 , 82.51 , 73.92 , 33.92 , 62.44 , 25.54 , 41.34 , 17.74 , 9.93 , 61.90 , 53.02 , 10.57 , 166.64 , 43.78 , 71.68 , 47.28 , 385.24 , 97.29 , 201.05 , 839.73 , 114.54 , 225.11 , 347.15 , 357.08 , 89.89 , 393.16 , 202.88 , 235.37 , 210.82 , 58.11 
10/12/21, 213.41 , 32.13 , 261.07 , 78.87 , 62.10 , 99.82 , 82.55 , 75.69 , 34.43 , 63.00 , 26.04 , 41.84 , 17.94 , 9.90 , 62.95 , 53.77 , 10.72 , 165.36 , 43.54 , 70.64 , 46.65 , 386.53 , 97.78 , 203.30 , 836.19 , 115.94 , 224.05 , 345.34 , 358.12 , 89.72 , 390.07 , 203.55 , 237.12 , 212.17 , 58.22 
10/13/21, 215.85 , 32.58 , 262.25 , 80.19 , 62.51 , 100.70 , 83.46 , 76.05 , 35.00 , 64.39 , 25.90 , 42.11 , 17.97 , 9.96 , 63.27 , 54.23 , 10.90 , 161.00 , 43.14 , 70.26 , 46.05 , 386.31 , 98.57 , 201.76 , 867.81 , 118.69 , 222.46 , 342.35 , 361.76 , 89.68 , 388.70 , 203.39 , 234.58 , 207.97 , 56.20 
10/14/21, 221.34 , 33.43 , 269.83 , 81.46 , 63.26 , 101.65 , 84.05 , 75.67 , 35.75 , 65.43 , 26.57 , 42.53 , 18.38 , 9.94 , 64.55 , 55.21 , 11.10 , 163.47 , 45.07 , 70.80 , 45.31 , 391.20 , 101.01 , 202.50 , 892.51 , 122.03 , 225.18 , 344.58 , 362.07 , 89.17 , 389.94 , 205.14 , 236.67 , 208.46 , 56.87 
10/15/21, 225.16 , 34.16 , 275.58 , 81.67 , 63.13 , 100.35 , 83.49 , 74.47 , 35.52 , 65.93 , 26.75 , 42.56 , 18.46 , 9.99 , 65.12 , 55.71 , 11.15 , 166.61 , 46.37 , 72.29 , 48.38 , 406.07 , 102.14 , 199.13 , 907.26 , 123.03 , 230.99 , 356.00 , 365.62 , 90.92 , 395.36 , 208.06 , 239.07 , 210.52 , 56.43 
10/18/21, 225.93 , 34.23 , 275.75 , 80.99 , 62.45 , 99.86 , 82.99 , 72.89 , 35.58 , 64.68 , 26.19 , 42.65 , 18.47 , 10.05 , 65.19 , 56.36 , 11.19 , 166.55 , 46.28 , 71.61 , 49.43 , 413.69 , 101.41 , 200.84 , 896.31 , 123.81 , 230.65 , 358.44 , 365.00 , 90.80 , 393.89 , 206.66 , 238.78 , 207.45 , 56.55 
10/19/21, 225.76 , 34.11 , 274.98 , 82.03 , 62.97 , 101.13 , 83.80 , 73.73 , 35.88 , 64.93 , 26.16 , 42.89 , 18.45 , 10.07 , 65.14 , 56.20 , 11.37 , 168.57 , 46.48 , 71.76 , 50.34 , 412.16 , 101.75 , 206.83 , 901.65 , 126.79 , 233.52 , 362.10 , 371.07 , 91.23 , 399.30 , 208.62 , 241.93 , 209.42 , 56.78 
10/20/21, 228.01 , 34.46 , 279.26 , 83.92 , 63.71 , 102.23 , 84.90 , 75.51 , 36.52 , 65.57 , 26.63 , 43.18 , 18.65 , 10.19 , 65.13 , 56.77 , 10.98 , 170.84 , 47.09 , 71.82 , 50.16 , 407.89 , 100.66 , 212.80 , 902.93 , 128.69 , 231.42 , 356.77 , 371.13 , 91.68 , 400.88 , 208.44 , 243.17 , 211.72 , 57.96 
10/21/21, 231.28 , 35.01 , 282.80 , 83.81 , 64.16 , 103.00 , 85.20 , 75.44 , 36.42 , 65.61 , 26.51 , 42.52 , 17.53 , 9.89 , 64.31 , 55.70 , 10.94 , 169.50 , 46.83 , 70.51 , 50.33 , 407.59 , 100.28 , 212.73 , 903.72 , 132.52 , 230.24 , 356.21 , 373.14 , 91.61 , 402.77 , 208.04 , 241.75 , 211.13 , 58.16 
10/22/21, 237.59 , 35.42 , 286.54 , 84.42 , 62.95 , 103.78 , 85.58 , 76.09 , 36.59 , 65.55 , 26.54 , 42.80 , 17.67 , 9.88 , 64.81 , 56.21 , 10.85 , 171.78 , 47.57 , 71.37 , 50.66 , 414.32 , 101.80 , 216.08 , 914.97 , 137.63 , 231.23 , 358.67 , 374.60 , 91.86 , 406.21 , 209.52 , 244.73 , 212.83 , 58.12 
10/25/21, 240.28 , 35.73 , 287.33 , 84.29 , 62.81 , 102.84 , 84.67 , 75.88 , 36.79 , 64.66 , 26.77 , 42.66 , 17.85 , 9.98 , 65.87 , 56.79 , 10.52 , 170.94 , 47.51 , 70.83 , 50.62 , 414.75 , 101.91 , 216.56 , 924.74 , 139.57 , 233.88 , 360.86 , 376.33 , 91.30 , 406.62 , 207.91 , 244.27 , 212.48 , 58.32 
10/26/21, 240.72 , 35.69 , 286.74 , 85.47 , 63.28 , 103.29 , 84.42 , 76.28 , 37.09 , 64.48 , 26.68 , 42.57 , 17.62 , 9.86 , 65.85 , 56.19 , 10.48 , 171.40 , 47.96 , 70.65 , 50.63 , 417.61 , 103.47 , 216.07 , 931.58 , 142.16 , 231.82 , 357.32 , 331.91 , 89.16 , 396.57 , 204.57 , 233.39 , 204.34 , 57.15 
10/27/21, 239.38 , 35.86 , 287.06 , 85.01 , 62.64 , 102.76 , 84.30 , 75.99 , 37.07 , 63.39 , 26.31 , 42.16 , 17.30 , 9.73 , 65.21 , 54.82 , 10.24 , 167.83 , 47.04 , 70.31 , 50.05 , 410.99 , 101.87 , 212.91 , 917.27 , 136.49 , 215.78 , 335.72 , 330.94 , 89.16 , 388.15 , 205.79 , 228.49 , 202.64 , 55.88 
10/28/21, 242.30 , 36.24 , 293.17 , 86.42 , 62.74 , 102.49 , 84.71 , 76.29 , 37.61 , 64.33 , 26.29 , 42.28 , 17.35 , 9.68 , 65.50 , 55.24 , 10.12 , 170.36 , 47.78 , 70.88 , 51.36 , 414.82 , 102.50 , 213.05 , 935.48 , 139.37 , 209.84 , 333.03 , 331.39 , 89.19 , 358.64 , 202.61 , 224.03 , 204.52 , 57.00 
10/29/21, 241.40 , 36.17 , 293.05 , 85.33 , 62.32 , 102.01 , 84.71 , 75.40 , 37.93 , 64.59 , 26.04 , 41.86 , 16.75 , 9.51 , 63.62 , 54.67 , 10.59 , 169.89 , 47.78 , 69.16 , 51.16 , 413.35 , 102.78 , 211.03 , 943.46 , 138.42 , 211.77 , 335.52 , 332.32 , 88.86 , 357.22 , 202.75 , 230.54 , 202.73 , 56.74 
11/1/21, 239.46 , 35.69 , 288.69 , 85.59 , 62.48 , 102.31 , 85.13 , 76.11 , 38.43 , 64.50 , 26.29 , 42.40 , 17.05 , 9.93 , 64.14 , 55.85 , 10.60 , 169.80 , 47.85 , 69.61 , 51.71 , 416.70 , 104.00 , 210.64 , 936.23 , 137.57 , 212.46 , 334.05 , 330.93 , 88.55 , 354.85 , 201.89 , 221.35 , 202.08 , 57.61 
11/2/21, 240.44 , 35.69 , 286.02 , 85.42 , 62.49 , 102.45 , 85.30 , 76.44 , 38.32 , 64.71 , 26.19 , 42.13 , 16.96 , 9.83 , 64.07 , 55.60 , 10.54 , 170.47 , 47.88 , 68.60 , 51.30 , 423.85 , 104.66 , 210.10 , 947.85 , 143.93 , 209.14 , 328.48 , 326.31 , 87.80 , 353.20 , 201.75 , 218.42 , 199.90 , 53.23 
11/3/21, 239.46 , 35.68 , 287.62 , 85.24 , 62.55 , 102.54 , 84.93 , 76.98 , 38.54 , 63.50 , 26.29 , 42.15 , 16.85 , 9.68 , 63.92 , 54.98 , 10.60 , 170.53 , 48.37 , 69.00 , 52.00 , 417.90 , 102.61 , 212.70 , 951.70 , 144.50 , 208.10 , 329.43 , 331.35 , 88.67 , 354.11 , 201.21 , 221.10 , 199.95 , 54.85 
11/4/21, 237.20 , 35.43 , 284.55 , 84.76 , 62.50 , 101.02 , 83.89 , 76.28 , 38.58 , 63.07 , 26.50 , 41.93 , 16.75 , 9.23 , 63.44 , 55.98 , 10.65 , 168.29 , 47.33 , 67.00 , 50.62 , 408.07 , 99.79 , 207.71 , 954.04 , 144.53 , 208.78 , 335.43 , 335.50 , 88.06 , 356.66 , 198.16 , 222.14 , 191.31 , 54.37 
11/5/21, 238.83 , 35.41 , 283.90 , 85.53 , 63.10 , 101.68 , 85.04 , 78.21 , 38.61 , 63.80 , 26.67 , 43.30 , 16.95 , 9.30 , 64.72 , 56.68 , 10.79 , 168.05 , 46.97 , 66.99 , 50.44 , 407.08 , 99.87 , 207.10 , 955.11 , 142.55 , 216.67 , 348.79 , 339.89 , 91.18 , 364.37 , 201.00 , 223.97 , 194.02 , 55.08 
11/8/21, 239.45 , 35.47 , 284.64 , 84.59 , 62.62 , 101.42 , 83.90 , 77.05 , 37.88 , 62.74 , 26.52 , 42.33 , 16.84 , 9.35 , 64.88 , 57.83 , 10.87 , 169.06 , 47.34 , 68.45 , 50.87 , 408.34 , 100.07 , 208.17 , 965.87 , 142.04 , 220.49 , 349.67 , 341.78 , 90.71 , 363.27 , 202.64 , 223.84 , 194.13 , 53.48 
11/9/21, 241.00 , 35.54 , 284.60 , 84.94 , 63.35 , 101.96 , 83.04 , 77.83 , 38.57 , 63.60 , 26.52 , 42.29 , 16.82 , 9.36 , 64.67 , 57.24 , 10.65 , 167.78 , 46.88 , 67.99 , 49.89 , 405.35 , 99.71 , 207.04 , 966.75 , 146.39 , 213.39 , 344.65 , 338.17 , 90.99 , 364.52 , 202.88 , 224.72 , 194.75 , 53.19 
11/10/21, 241.54 , 35.47 , 281.71 , 85.20 , 63.86 , 101.62 , 84.18 , 77.96 , 38.83 , 64.39 , 26.58 , 42.20 , 16.70 , 9.08 , 62.86 , 54.83 , 10.67 , 167.62 , 47.23 , 68.21 , 50.36 , 399.12 , 97.77 , 205.41 , 959.21 , 139.46 , 215.56 , 357.94 , 337.63 , 90.18 , 362.10 , 201.33 , 223.46 , 193.82 , 52.66 
11/11/21, 240.56 , 35.12 , 275.91 , 85.37 , 63.05 , 100.25 , 82.61 , 77.58 , 39.00 , 63.50 , 26.77 , 41.80 , 16.79 , 9.17 , 63.35 , 55.25 , 10.62 , 167.61 , 47.49 , 68.87 , 50.59 , 402.34 , 98.88 , 205.60 , 965.60 , 141.32 , 210.42 , 354.34 , 335.89 , 89.05 , 359.94 , 199.09 , 218.98 , 188.87 , 52.07 
11/12/21, 242.44 , 35.23 , 275.59 , 86.31 , 61.89 , 99.88 , 82.02 , 77.15 , 38.79 , 63.13 , 26.60 , 40.41 , 16.68 , 9.13 , 63.09 , 54.22 , 10.59 , 166.86 , 46.91 , 69.16 , 50.96 , 404.91 , 99.85 , 203.61 , 971.49 , 143.00 , 212.09 , 363.50 , 339.06 , 88.86 , 359.65 , 200.97 , 220.30 , 192.02 , 53.24 
11/15/21, 241.46 , 35.19 , 275.40 , 87.34 , 62.20 , 100.60 , 82.88 , 78.77 , 39.05 , 64.31 , 26.95 , 40.43 , 16.86 , 9.29 , 63.36 , 55.14 , 10.61 , 166.56 , 47.05 , 68.74 , 51.08 , 404.81 , 100.21 , 204.82 , 953.24 , 142.80 , 212.30 , 361.36 , 340.92 , 89.35 , 360.00 , 201.07 , 221.23 , 190.41 , 53.36 
11/16/21, 241.48 , 35.15 , 273.97 , 86.98 , 62.00 , 99.08 , 82.56 , 77.52 , 38.68 , 64.11 , 26.78 , 40.33 , 16.66 , 9.24 , 63.16 , 54.68 , 10.41 , 165.36 , 47.08 , 67.74 , 50.37 , 403.09 , 100.69 , 205.53 , 948.95 , 144.22 , 215.18 , 369.56 , 340.37 , 88.90 , 354.60 , 198.74 , 220.00 , 188.32 , 52.05 
11/17/21, 239.75 , 35.54 , 274.60 , 87.78 , 62.17 , 98.99 , 83.24 , 77.50 , 38.21 , 64.97 , 26.70 , 40.22 , 16.51 , 8.98 , 63.50 , 54.62 , 10.41 , 164.47 , 46.51 , 66.85 , 49.84 , 391.55 , 97.68 , 202.46 , 931.54 , 145.08 , 205.06 , 359.17 , 341.99 , 87.45 , 353.96 , 199.46 , 221.19 , 186.69 , 51.72 
11/18/21, 240.24 , 36.21 , 275.82 , 87.60 , 61.63 , 98.37 , 82.82 , 77.66 , 38.18 , 64.33 , 26.42 , 40.07 , 16.28 , 8.88 , 63.55 , 54.56 , 10.05 , 163.05 , 46.32 , 67.11 , 49.90 , 391.37 , 97.68 , 200.91 , 922.77 , 146.85 , 203.33 , 348.22 , 342.08 , 86.91 , 351.42 , 198.00 , 220.00 , 185.19 , 51.47 
11/19/21, 241.31 , 36.08 , 273.72 , 88.31 , 62.67 , 98.42 , 83.38 , 78.03 , 38.23 , 65.10 , 26.55 , 39.72 , 16.16 , 8.70 , 61.38 , 53.55 , 9.88 , 160.92 , 45.40 , 66.34 , 48.82 , 387.39 , 96.91 , 199.36 , 914.95 , 146.44 , 200.86 , 339.72 , 341.44 , 85.43 , 353.13 , 196.31 , 220.00 , 184.78 , 51.36 
11/22/21, 243.91 , 36.05 , 277.06 , 87.36 , 63.12 , 100.25 , 84.30 , 78.57 , 38.48 , 66.31 , 26.62 , 39.47 , 16.11 , 8.82 , 61.94 , 53.81 , 10.06 , 164.35 , 46.28 , 67.04 , 50.34 , 396.16 , 99.32 , 204.15 , 919.33 , 144.39 , 195.58 , 321.30 , 344.98 , 86.80 , 363.15 , 199.36 , 222.13 , 190.50 , 51.41 
11/23/21, 247.37 , 36.48 , 279.73 , 87.31 , 63.01 , 100.74 , 84.31 , 79.17 , 38.78 , 65.84 , 26.61 , 39.81 , 16.33 , 8.95 , 64.01 , 55.57 , 10.16 , 168.28 , 47.50 , 68.07 , 51.40 , 406.34 , 101.86 , 209.09 , 935.43 , 145.52 , 198.49 , 329.00 , 345.18 , 87.31 , 364.21 , 200.29 , 221.51 , 189.22 , 51.23 
11/24/21, 246.60 , 36.25 , 277.78 , 87.21 , 63.10 , 100.18 , 83.82 , 79.22 , 38.87 , 65.55 , 26.77 , 39.90 , 16.52 , 9.04 , 64.81 , 56.67 , 9.90 , 166.96 , 47.63 , 67.28 , 51.31 , 399.19 , 101.12 , 208.63 , 930.72 , 148.23 , 203.25 , 340.00 , 343.58 , 87.19 , 361.37 , 198.74 , 218.74 , 186.48 , 50.50 
11/26/21, 239.79 , 35.57 , 269.65 , 86.09 , 62.04 , 99.28 , 82.55 , 78.67 , 38.10 , 64.76 , 26.23 , 38.99 , 16.26 , 8.84 , 62.47 , 54.47 , 9.70 , 161.93 , 45.76 , 65.50 , 48.43 , 389.39 , 97.93 , 200.10 , 901.64 , 143.81 , 197.65 , 324.17 , 342.72 , 83.00 , 353.98 , 193.37 , 215.12 , 183.27 , 49.35 
11/29/21, 239.46 , 35.62 , 268.74 , 88.66 , 62.82 , 100.22 , 83.31 , 80.35 , 38.63 , 65.59 , 26.59 , 38.21 , 16.01 , 8.61 , 62.46 , 53.96 , 9.30 , 161.23 , 45.59 , 65.04 , 49.16 , 386.54 , 97.23 , 200.88 , 928.00 , 148.88 , 196.29 , 323.01 , 341.23 , 82.94 , 356.39 , 194.44 , 214.68 , 181.72 , 48.57 
11/30/21, 235.64 , 34.66 , 265.27 , 86.78 , 61.10 , 97.01 , 81.05 , 77.64 , 37.60 , 63.73 , 25.91 , 37.54 , 15.46 , 8.42 , 59.84 , 51.63 , 9.21 , 158.83 , 44.47 , 63.70 , 47.78 , 380.99 , 94.82 , 197.00 , 904.61 , 141.45 , 193.77 , 314.92 , 333.32 , 80.92 , 348.80 , 188.97 , 209.08 , 177.51 , 47.70 
12/1/21, 233.25 , 34.44 , 269.06 , 87.84 , 61.14 , 96.62 , 80.28 , 77.94 , 37.29 , 64.21 , 25.76 , 37.07 , 15.27 , 8.16 , 58.65 , 50.85 , 9.40 , 157.89 , 43.84 , 62.52 , 47.21 , 376.48 , 95.26 , 195.45 , 900.33 , 137.65 , 190.16 , 306.28 , 328.42 , 79.05 , 345.98 , 189.45 , 207.32 , 176.58 , 46.81 
12/2/21, 240.08 , 35.57 , 278.82 , 88.62 , 62.01 , 97.65 , 81.31 , 78.69 , 37.74 , 64.65 , 26.22 , 37.39 , 15.73 , 8.32 , 60.69 , 52.44 , 9.29 , 161.21 , 44.89 , 63.81 , 48.91 , 387.54 , 98.86 , 201.85 , 918.85 , 141.24 , 198.29 , 320.20 , 330.53 , 81.66 , 352.57 , 194.48 , 211.15 , 178.29 , 48.17 
12/3/21, 240.43 , 35.84 , 281.24 , 88.03 , 62.83 , 99.88 , 82.34 , 80.53 , 37.61 , 65.17 , 26.95 , 37.28 , 15.59 , 8.23 , 60.01 , 51.24 , 9.37 , 158.29 , 43.87 , 62.76 , 47.75 , 382.73 , 98.21 , 197.73 , 899.57 , 135.25 , 196.32 , 322.11 , 333.81 , 81.11 , 357.84 , 197.63 , 212.00 , 181.16 , 47.49 
12/6/21, 246.06 , 36.76 , 287.23 , 89.15 , 64.66 , 101.21 , 83.49 , 81.35 , 38.17 , 65.18 , 27.72 , 37.87 , 15.78 , 8.18 , 60.89 , 52.25 , 9.59 , 160.16 , 44.15 , 62.52 , 48.81 , 389.30 , 99.27 , 199.96 , 896.70 , 134.72 , 202.68 , 333.33 , 339.96 , 83.76 , 363.96 , 199.57 , 215.30 , 185.87 , 48.45 
12/7/21, 247.47 , 37.09 , 287.46 , 90.41 , 64.47 , 101.17 , 83.91 , 81.56 , 38.45 , 66.04 , 27.88 , 38.70 , 16.23 , 8.36 , 62.68 , 53.38 , 9.53 , 162.57 , 44.71 , 62.90 , 50.25 , 400.11 , 102.50 , 203.30 , 920.92 , 139.33 , 207.37 , 339.51 , 339.17 , 85.01 , 362.67 , 199.32 , 214.68 , 184.69 , 48.27 
12/8/21, 247.60 , 36.95 , 286.50 , 90.32 , 64.75 , 100.85 , 84.02 , 81.53 , 38.10 , 67.11 , 27.63 , 38.46 , 16.24 , 8.52 , 62.36 , 53.11 , 9.36 , 160.71 , 44.16 , 62.46 , 49.41 , 397.32 , 101.25 , 202.09 , 923.86 , 135.34 , 208.99 , 342.34 , 341.08 , 86.50 , 364.09 , 200.88 , 216.63 , 186.34 , 48.22 
12/9/21, 247.25 , 36.61 , 286.95 , 89.91 , 64.57 , 100.28 , 83.52 , 81.68 , 37.89 , 66.80 , 27.54 , 37.78 , 16.01 , 8.57 , 61.73 , 52.18 , 9.26 , 160.46 , 44.49 , 62.14 , 49.69 , 396.49 , 100.58 , 200.73 , 919.08 , 133.99 , 211.39 , 344.52 , 343.60 , 86.16 , 367.86 , 201.93 , 216.52 , 185.95 , 47.89 
12/10/21, 248.46 , 36.74 , 289.53 , 90.28 , 65.08 , 101.51 , 83.99 , 82.61 , 38.44 , 66.51 , 27.87 , 37.79 , 16.16 , 8.48 , 62.00 , 52.21 , 8.98 , 159.82 , 44.52 , 60.71 , 50.20 , 391.06 , 98.43 , 201.56 , 925.16 , 133.80 , 213.40 , 349.92 , 344.88 , 86.16 , 371.06 , 204.93 , 216.80 , 185.97 , 47.83 
12/13/21, 245.74 , 36.01 , 284.49 , 91.74 , 66.18 , 103.04 , 84.98 , 83.47 , 38.61 , 67.46 , 28.00 , 37.55 , 15.93 , 8.23 , 60.20 , 50.69 , 8.99 , 157.92 , 43.58 , 60.18 , 48.56 , 384.64 , 97.17 , 196.21 , 917.66 , 129.00 , 211.02 , 345.31 , 345.55 , 84.33 , 377.33 , 203.49 , 217.94 , 187.35 , 47.80 
12/14/21, 244.61 , 35.92 , 283.74 , 90.03 , 65.97 , 102.77 , 85.13 , 83.17 , 38.40 , 67.39 , 27.82 , 37.37 , 15.82 , 8.25 , 59.37 , 50.40 , 9.13 , 159.13 , 44.13 , 60.64 , 48.89 , 388.82 , 98.82 , 198.81 , 902.38 , 126.71 , 209.98 , 340.55 , 345.64 , 83.50 , 376.22 , 203.47 , 213.00 , 186.20 , 47.66 
12/15/21, 247.12 , 36.47 , 287.77 , 92.00 , 66.75 , 103.82 , 87.23 , 84.52 , 39.00 , 68.82 , 28.09 , 37.08 , 15.87 , 8.36 , 59.56 , 50.92 , 9.21 , 157.94 , 43.94 , 60.24 , 48.94 , 389.91 , 99.43 , 198.08 , 914.91 , 127.87 , 212.31 , 346.35 , 344.42 , 83.43 , 378.82 , 206.24 , 213.00 , 189.41 , 48.07 
12/16/21, 248.35 , 36.57 , 290.41 , 92.23 , 67.55 , 104.54 , 88.00 , 84.69 , 38.76 , 68.95 , 27.98 , 37.35 , 15.86 , 8.49 , 58.31 , 50.39 , 9.03 , 160.41 , 45.00 , 61.07 , 50.30 , 397.37 , 100.30 , 201.79 , 921.55 , 123.93 , 214.37 , 352.92 , 344.84 , 82.70 , 378.72 , 206.18 , 210.76 , 188.73 , 47.89 
12/17/21, 242.69 , 35.72 , 284.79 , 90.94 , 66.84 , 103.04 , 86.54 , 83.82 , 38.16 , 67.00 , 26.98 , 36.92 , 15.60 , 8.35 , 57.85 , 49.78 , 8.76 , 156.76 , 43.88 , 59.54 , 47.95 , 381.80 , 97.13 , 197.24 , 913.57 , 123.27 , 211.88 , 349.31 , 344.14 , 82.28 , 377.46 , 202.20 , 207.93 , 184.11 , 47.39 
12/20/21, 240.64 , 35.31 , 281.45 , 89.94 , 67.12 , 103.67 , 87.23 , 84.04 , 38.08 , 67.12 , 27.00 , 36.89 , 15.24 , 8.25 , 56.53 , 48.98 , 9.02 , 153.94 , 43.16 , 58.28 , 46.85 , 371.61 , 95.37 , 192.55 , 897.29 , 119.72 , 208.74 , 337.02 , 337.42 , 81.03 , 369.95 , 198.68 , 202.02 , 179.58 , 46.25 
12/21/21, 242.22 , 35.95 , 285.17 , 90.45 , 66.39 , 103.02 , 86.75 , 83.37 , 38.46 , 66.34 , 27.30 , 37.39 , 15.66 , 8.18 , 57.91 , 50.55 , 9.06 , 156.09 , 44.19 , 59.38 , 47.81 , 380.32 , 97.77 , 196.87 , 910.87 , 123.42 , 215.38 , 350.74 , 340.77 , 83.68 , 378.49 , 203.29 , 207.13 , 183.14 , 47.55 
12/22/21, 242.89 , 36.08 , 285.29 , 90.80 , 66.65 , 103.16 , 86.62 , 83.85 , 38.77 , 66.73 , 27.48 , 37.61 , 15.57 , 8.21 , 57.78 , 50.88 , 9.10 , 156.70 , 44.28 , 59.60 , 48.03 , 382.33 , 98.30 , 197.12 , 911.54 , 130.51 , 217.96 , 357.48 , 343.14 , 84.07 , 379.81 , 203.76 , 206.75 , 180.34 , 47.17 
12/23/21, 245.64 , 36.79 , 287.53 , 90.70 , 66.54 , 102.97 , 86.52 , 83.77 , 38.86 , 66.61 , 27.52 , 38.00 , 15.64 , 8.22 , 58.02 , 50.81 , 9.29 , 157.26 , 44.42 , 60.21 , 48.36 , 385.04 , 99.34 , 197.93 , 913.92 , 135.00 , 216.62 , 360.58 , 347.02 , 84.90 , 381.17 , 204.69 , 208.26 , 182.21 , 47.85 
12/27/21, 247.95 , 37.19 , 291.53 , 91.32 , 66.96 , 103.29 , 87.08 , 83.73 , 39.08 , 66.82 , 27.58 , 38.44 , 15.82 , 8.30 , 59.41 , 52.54 , 9.22 , 158.16 , 44.64 , 60.65 , 48.77 , 388.04 , 100.40 , 201.07 , 922.57 , 135.10 , 217.63 , 360.31 , 350.28 , 85.24 , 384.21 , 207.13 , 210.33 , 184.18 , 47.96 
12/28/21, 249.23 , 37.42 , 293.29 , 91.88 , 67.73 , 104.57 , 88.21 , 84.40 , 39.65 , 67.62 , 27.85 , 38.30 , 15.86 , 8.27 , 59.40 , 52.34 , 9.17 , 158.64 , 44.70 , 60.62 , 48.42 , 387.61 , 99.97 , 201.17 , 921.82 , 131.38 , 218.05 , 360.78 , 353.75 , 86.02 , 385.33 , 207.67 , 212.16 , 186.28 , 48.18 
12/29/21, 251.03 , 37.58 , 295.75 , 91.99 , 68.07 , 104.76 , 88.58 , 85.10 , 40.40 , 67.96 , 27.95 , 38.39 , 15.83 , 8.15 , 58.77 , 51.94 , 9.27 , 158.56 , 44.63 , 60.54 , 48.45 , 386.20 , 98.73 , 201.24 , 909.72 , 128.51 , 218.17 , 361.29 , 354.27 , 85.89 , 384.99 , 207.89 , 212.37 , 185.48 , 48.19 
12/30/21, 249.54 , 37.32 , 294.73 , 92.77 , 68.36 , 104.79 , 88.69 , 85.18 , 40.89 , 68.23 , 27.83 , 38.65 , 15.80 , 8.16 , 58.48 , 51.50 , 9.34 , 158.48 , 44.53 , 60.43 , 48.10 , 385.52 , 98.80 , 201.00 , 913.76 , 128.50 , 217.87 , 360.99 , 353.58 , 85.80 , 384.53 , 207.54 , 212.94 , 185.23 , 48.02 
12/31/21, 251.93 , 37.60 , 297.71 , 93.36 , 68.58 , 104.90 , 88.97 , 85.32 , 41.19 , 67.70 , 27.91 , 39.08 , 15.86 , 8.23 , 58.76 , 52.24 , 9.81 , 158.35 , 44.49 , 60.39 , 47.98 , 382.55 , 98.16 , 200.52 , 915.56 , 129.39 , 216.71 , 359.32 , 355.41 , 86.06 , 387.07 , 208.47 , 213.24 , 186.74 , 47.88 
1/3/22, 247.77 , 37.08 , 292.35 , 91.66 , 68.17 , 103.49 , 88.61 , 85.13 , 40.69 , 67.94 , 27.62 , 39.23 , 16.35 , 8.71 , 59.99 , 53.24 , 9.91 , 161.70 , 46.18 , 63.10 , 50.73 , 395.33 , 100.19 , 208.22 , 911.73 , 126.63 , 221.43 , 370.95 , 354.36 , 86.97 , 385.53 , 207.46 , 211.57 , 186.04 , 48.53 
1/4/22, 252.03 , 37.63 , 294.72 , 90.68 , 68.17 , 103.41 , 88.65 , 84.97 , 40.65 , 68.37 , 27.45 , 38.97 , 16.58 , 8.92 , 61.40 , 54.37 , 9.84 , 167.83 , 47.99 , 63.59 , 52.75 , 407.48 , 104.26 , 215.89 , 917.22 , 124.94 , 222.46 , 375.39 , 361.99 , 90.02 , 396.99 , 212.05 , 214.01 , 189.49 , 49.18 
1/5/22, 252.79 , 37.44 , 294.71 , 89.73 , 68.25 , 103.64 , 89.47 , 85.55 , 40.62 , 69.04 , 27.39 , 39.36 , 16.67 , 8.81 , 60.64 , 54.06 , 10.04 , 163.78 , 47.18 , 62.85 , 52.29 , 398.63 , 101.68 , 212.39 , 891.77 , 117.79 , 220.00 , 373.90 , 358.14 , 89.57 , 394.99 , 210.31 , 209.38 , 186.99 , 47.84 
1/6/22, 253.49 , 37.71 , 296.64 , 85.77 , 68.17 , 103.47 , 89.18 , 85.37 , 40.45 , 68.50 , 27.65 , 40.02 , 17.02 , 9.08 , 61.65 , 55.56 , 10.07 , 165.52 , 48.13 , 64.91 , 53.63 , 396.93 , 103.42 , 220.57 , 895.49 , 119.16 , 219.75 , 370.00 , 358.00 , 90.06 , 397.27 , 211.74 , 217.55 , 190.60 , 48.20 
1/7/22, 254.78 , 37.51 , 296.81 , 86.41 , 68.64 , 104.50 , 90.80 , 85.67 , 40.39 , 69.10 , 27.66 , 40.58 , 17.27 , 9.24 , 62.46 , 55.91 , 10.15 , 167.16 , 49.18 , 65.78 , 54.77 , 397.51 , 104.05 , 223.73 , 892.27 , 116.65 , 216.96 , 369.65 , 360.14 , 90.44 , 400.42 , 212.09 , 219.77 , 192.96 , 49.03 
1/10/22, 250.28 , 36.54 , 287.97 , 84.29 , 68.53 , 104.56 , 90.50 , 84.78 , 40.52 , 69.86 , 27.69 , 40.74 , 17.43 , 9.12 , 60.78 , 54.57 , 10.38 , 167.32 , 48.93 , 66.03 , 55.35 , 399.17 , 104.13 , 222.45 , 873.34 , 114.72 , 211.97 , 363.91 , 363.25 , 89.73 , 402.23 , 210.61 , 223.44 , 196.20 , 48.30 
1/11/22, 246.42 , 36.30 , 286.42 , 84.79 , 67.65 , 103.23 , 89.77 , 83.07 , 39.66 , 68.60 , 27.40 , 41.34 , 17.61 , 9.33 , 62.48 , 56.40 , 10.51 , 167.49 , 49.21 , 67.11 , 56.06 , 403.05 , 105.92 , 223.84 , 888.19 , 121.30 , 214.38 , 366.29 , 364.14 , 90.72 , 400.60 , 211.58 , 222.02 , 198.89 , 48.82 
1/12/22, 247.00 , 36.64 , 288.18 , 85.09 , 67.78 , 103.62 , 90.29 , 83.19 , 39.92 , 68.59 , 27.42 , 41.69 , 17.65 , 9.63 , 62.50 , 56.97 , 10.70 , 168.44 , 48.86 , 67.28 , 56.40 , 390.31 , 103.05 , 224.93 , 885.11 , 122.34 , 215.71 , 367.31 , 361.30 , 91.07 , 395.53 , 211.93 , 220.09 , 197.16 , 48.14 
1/13/22, 247.62 , 36.74 , 290.06 , 84.90 , 68.35 , 104.15 , 90.86 , 83.94 , 40.28 , 69.02 , 27.55 , 41.75 , 17.57 , 9.44 , 61.65 , 57.11 , 10.95 , 168.23 , 48.76 , 67.78 , 56.00 , 390.80 , 102.55 , 226.45 , 867.58 , 118.94 , 215.00 , 369.52 , 365.18 , 91.56 , 397.61 , 211.37 , 222.60 , 195.61 , 48.13 
1/14/22, 246.27 , 36.44 , 288.28 , 83.20 , 68.66 , 104.04 , 90.98 , 83.52 , 40.10 , 68.97 , 27.61 , 41.66 , 17.89 , 9.59 , 62.61 , 57.78 , 11.06 , 157.89 , 47.91 , 66.93 , 58.06 , 380.94 , 98.88 , 222.20 , 848.60 , 116.12 , 214.67 , 372.14 , 372.62 , 92.33 , 403.45 , 213.10 , 227.86 , 197.68 , 48.30 
1/18/22, 238.04 , 35.25 , 275.81 , 81.25 , 68.01 , 101.87 , 90.32 , 81.99 , 39.96 , 68.39 , 27.34 , 42.17 , 17.70 , 9.70 , 61.42 , 57.43 , 10.77 , 151.27 , 46.26 , 65.30 , 56.69 , 354.40 , 94.01 , 216.88 , 832.00 , 113.92 , 215.71 , 366.30 , 376.54 , 90.75 , 401.63 , 211.16 , 228.95 , 195.57 , 48.46 
1/19/22, 239.49 , 35.25 , 278.06 , 82.59 , 68.33 , 102.17 , 90.30 , 82.15 , 40.28 , 68.12 , 27.35 , 42.13 , 17.43 , 9.59 , 60.21 , 56.31 , 10.51 , 148.93 , 46.44 , 64.24 , 55.57 , 347.32 , 95.73 , 208.52 , 825.50 , 112.26 , 214.68 , 360.73 , 377.33 , 89.70 , 401.65 , 210.36 , 227.67 , 193.68 , 49.18 
1/20/22, 242.07 , 35.24 , 279.21 , 83.51 , 67.88 , 102.31 , 89.92 , 82.04 , 40.63 , 68.18 , 27.21 , 41.77 , 17.43 , 9.53 , 59.39 , 55.56 , 10.17 , 147.66 , 45.75 , 64.46 , 55.00 , 348.10 , 99.83 , 206.90 , 826.55 , 111.56 , 214.35 , 364.00 , 375.13 , 88.36 , 397.41 , 208.98 , 224.46 , 191.64 , 48.62 
1/21/22, 246.33 , 34.10 , 276.42 , 82.60 , 67.81 , 102.98 , 89.97 , 82.66 , 40.48 , 68.22 , 27.34 , 40.81 , 17.37 , 9.17 , 58.53 , 55.45 , 10.11 , 145.08 , 44.92 , 63.27 , 53.67 , 343.91 , 98.86 , 200.96 , 800.92 , 109.78 , 205.93 , 355.08 , 371.20 , 87.21 , 398.81 , 206.54 , 220.75 , 191.10 , 48.42 
1/24/22, 245.10 , 34.36 , 276.31 , 81.92 , 67.37 , 102.58 , 89.12 , 81.99 , 40.00 , 67.43 , 27.16 , 40.23 , 17.32 , 9.18 , 58.63 , 55.56 , 10.48 , 144.95 , 44.55 , 62.70 , 53.32 , 343.39 , 98.08 , 204.11 , 786.82 , 109.39 , 201.85 , 349.42 , 373.33 , 88.12 , 403.06 , 207.08 , 225.05 , 195.65 , 48.04 
1/25/22, 244.12 , 33.72 , 274.81 , 75.10 , 67.25 , 102.32 , 88.96 , 81.81 , 39.55 , 67.88 , 27.28 , 41.02 , 17.50 , 9.29 , 59.59 , 56.87 , 10.64 , 146.53 , 45.43 , 64.11 , 53.59 , 341.55 , 99.04 , 204.20 , 798.55 , 110.24 , 202.00 , 338.76 , 387.17 , 90.31 , 403.18 , 205.96 , 224.45 , 194.67 , 47.65 
1/26/22, 244.88 , 33.65 , 269.03 , 72.64 , 67.02 , 101.95 , 88.83 , 81.38 , 39.72 , 67.62 , 27.30 , 41.26 , 17.52 , 9.69 , 59.85 , 57.36 , 10.73 , 147.92 , 45.90 , 64.75 , 54.14 , 342.68 , 100.17 , 206.01 , 795.47 , 111.47 , 205.87 , 344.66 , 391.24 , 88.98 , 403.23 , 204.92 , 222.63 , 191.92 , 45.57 
1/27/22, 244.59 , 33.56 , 269.75 , 72.51 , 68.03 , 103.25 , 89.40 , 82.76 , 40.02 , 68.94 , 27.37 , 41.19 , 17.48 , 9.60 , 60.17 , 57.74 , 10.68 , 145.31 , 45.47 , 64.15 , 53.76 , 341.03 , 101.15 , 204.96 , 787.96 , 119.04 , 206.15 , 350.53 , 389.08 , 89.28 , 373.99 , 208.80 , 216.27 , 188.43 , 44.23 
1/28/22, 245.93 , 34.43 , 271.99 , 72.50 , 69.00 , 104.73 , 90.13 , 84.63 , 40.88 , 69.84 , 27.86 , 41.49 , 17.20 , 9.50 , 59.29 , 57.95 , 10.77 , 146.61 , 45.87 , 64.69 , 54.19 , 347.01 , 101.80 , 208.22 , 808.14 , 124.28 , 228.00 , 382.51 , 393.15 , 90.33 , 380.20 , 212.82 , 218.67 , 187.67 , 43.62 
1/31/22, 244.55 , 34.22 , 271.99 , 78.12 , 69.49 , 105.06 , 90.40 , 86.45 , 41.32 , 69.66 , 28.36 , 42.27 , 17.36 , 9.57 , 60.68 , 59.08 , 11.31 , 148.60 , 46.14 , 65.12 , 53.80 , 354.68 , 102.54 , 205.99 , 822.94 , 131.97 , 226.17 , 386.38 , 389.13 , 90.19 , 369.90 , 212.10 , 209.29 , 187.20 , 44.51 
2/1/22, 246.71 , 34.72 , 274.40 , 77.23 , 67.99 , 103.45 , 88.35 , 86.05 , 41.24 , 68.49 , 28.08 , 42.54 , 17.41 , 9.80 , 61.87 , 60.73 , 11.60 , 151.15 , 46.94 , 66.56 , 55.60 , 364.06 , 103.95 , 209.74 , 825.95 , 134.95 , 232.36 , 392.06 , 387.01 , 90.73 , 370.58 , 212.87 , 209.92 , 185.52 , 44.26 
2/2/22, 251.26 , 35.21 , 280.08 , 77.73 , 68.81 , 105.00 , 89.88 , 87.15 , 42.86 , 69.59 , 28.32 , 43.09 , 17.41 , 9.96 , 62.89 , 61.26 , 11.73 , 149.94 , 46.89 , 66.23 , 55.93 , 363.06 , 103.92 , 210.87 , 822.51 , 137.98 , 235.42 , 396.75 , 387.34 , 92.54 , 370.98 , 214.08 , 211.74 , 187.01 , 44.38 
2/3/22, 244.35 , 34.61 , 275.82 , 75.77 , 69.25 , 105.43 , 90.19 , 86.99 , 43.79 , 69.47 , 28.15 , 42.93 , 17.27 , 10.24 , 62.07 , 60.32 , 12.02 , 148.70 , 46.43 , 65.26 , 55.17 , 358.88 , 102.29 , 208.01 , 805.77 , 134.09 , 231.54 , 390.07 , 389.70 , 92.81 , 373.81 , 212.17 , 213.57 , 183.53 , 44.04 
2/4/22, 242.39 , 34.30 , 270.42 , 76.01 , 68.69 , 104.25 , 89.17 , 86.09 , 43.52 , 68.78 , 27.89 , 42.87 , 17.35 , 10.24 , 62.89 , 61.06 , 11.97 , 152.56 , 48.28 , 66.08 , 56.33 , 367.60 , 104.11 , 210.35 , 809.82 , 132.25 , 228.39 , 382.20 , 389.33 , 93.01 , 369.75 , 212.29 , 213.24 , 182.61 , 43.34 
2/7/22, 241.15 , 33.65 , 264.04 , 75.68 , 67.65 , 104.34 , 89.81 , 86.60 , 43.64 , 68.75 , 28.08 , 43.38 , 17.46 , 9.93 , 63.26 , 61.51 , 11.65 , 153.07 , 48.51 , 66.36 , 57.33 , 368.15 , 105.18 , 209.70 , 816.92 , 131.64 , 227.16 , 376.13 , 392.34 , 94.03 , 373.16 , 212.12 , 217.46 , 184.02 , 43.72 
2/8/22, 242.95 , 34.11 , 270.02 , 75.46 , 67.89 , 104.41 , 90.20 , 86.42 , 43.02 , 68.84 , 28.19 , 42.74 , 17.29 , 9.97 , 62.73 , 61.45 , 11.62 , 155.95 , 49.38 , 67.12 , 58.75 , 370.10 , 106.35 , 211.36 , 807.39 , 128.71 , 227.94 , 374.37 , 396.04 , 95.07 , 379.32 , 214.46 , 218.94 , 186.00 , 44.20 
2/9/22, 246.49 , 34.74 , 273.96 , 76.66 , 68.08 , 104.71 , 89.38 , 86.38 , 42.60 , 69.19 , 28.25 , 42.94 , 17.37 , 9.98 , 63.64 , 62.40 , 10.56 , 156.60 , 49.28 , 67.84 , 59.06 , 374.53 , 108.73 , 210.76 , 813.00 , 134.60 , 230.87 , 381.37 , 394.54 , 96.00 , 384.36 , 215.44 , 220.56 , 187.19 , 45.31 
2/10/22, 242.12 , 33.99 , 272.33 , 75.45 , 65.95 , 99.79 , 87.39 , 84.03 , 42.04 , 67.08 , 27.62 , 42.85 , 17.20 , 10.00 , 63.02 , 62.13 , 10.81 , 155.95 , 49.05 , 67.50 , 59.05 , 370.57 , 107.57 , 210.63 , 778.19 , 134.53 , 225.59 , 374.39 , 385.43 , 95.06 , 382.02 , 211.52 , 215.22 , 179.65 , 43.78 
2/11/22, 238.81 , 33.37 , 267.21 , 74.96 , 66.79 , 99.75 , 87.65 , 84.26 , 42.13 , 66.96 , 27.40 , 43.60 , 17.54 , 10.30 , 64.51 , 64.06 , 10.69 , 153.92 , 47.92 , 67.15 , 58.31 , 363.06 , 104.57 , 207.36 , 772.49 , 123.57 , 224.69 , 369.77 , 396.19 , 95.27 , 399.32 , 213.76 , 222.97 , 183.87 , 44.15 
2/14/22, 242.55 , 33.92 , 272.27 , 74.92 , 65.85 , 99.95 , 86.18 , 83.02 , 42.20 , 66.40 , 26.91 , 41.45 , 17.19 , 10.10 , 62.92 , 62.54 , 10.63 , 152.49 , 47.42 , 66.46 , 57.85 , 360.24 , 102.57 , 204.57 , 760.31 , 121.20 , 225.34 , 374.16 , 386.97 , 93.57 , 390.60 , 211.17 , 219.82 , 181.26 , 44.08 
2/15/22, 249.32 , 34.55 , 275.13 , 75.09 , 65.02 , 99.30 , 85.44 , 81.36 , 41.74 , 66.12 , 26.89 , 41.30 , 17.01 , 10.17 , 62.43 , 62.44 , 10.51 , 154.72 , 47.79 , 67.00 , 58.38 , 363.94 , 103.43 , 207.19 , 781.19 , 124.95 , 227.82 , 381.54 , 382.22 , 94.04 , 384.77 , 212.77 , 217.04 , 180.13 , 44.79 
2/16/22, 253.81 , 35.17 , 276.76 , 75.23 , 64.87 , 99.51 , 85.41 , 81.08 , 42.00 , 65.94 , 26.88 , 41.64 , 17.13 , 10.13 , 62.65 , 62.98 , 10.20 , 155.00 , 47.68 , 66.95 , 58.14 , 360.05 , 101.15 , 208.59 , 783.42 , 126.78 , 228.82 , 382.93 , 386.90 , 94.75 , 393.66 , 214.41 , 221.62 , 182.58 , 44.76 
2/17/22, 250.99 , 35.10 , 273.23 , 75.38 , 64.79 , 98.73 , 85.49 , 81.45 , 41.75 , 66.10 , 26.81 , 41.51 , 16.76 , 10.22 , 62.60 , 62.46 , 10.13 , 151.43 , 46.07 , 64.71 , 56.15 , 349.06 , 96.15 , 201.30 , 762.50 , 122.63 , 224.61 , 373.70 , 388.77 , 94.36 , 398.11 , 214.40 , 221.00 , 184.92 , 44.48 
2/18/22, 251.19 , 34.66 , 270.22 , 74.15 , 63.77 , 99.81 , 85.71 , 84.61 , 41.63 , 66.00 , 26.61 , 41.18 , 16.60 , 10.05 , 61.81 , 62.09 , 9.95 , 152.14 , 45.96 , 64.14 , 55.63 , 346.04 , 95.42 , 201.17 , 756.02 , 123.86 , 222.69 , 369.95 , 386.46 , 93.37 , 391.25 , 215.82 , 217.62 , 186.09 , 43.84 
2/22/22, 246.27 , 34.24 , 258.35 , 73.78 , 64.29 , 99.45 , 85.99 , 84.75 , 41.65 , 65.94 , 27.20 , 41.27 , 16.54 , 9.76 , 60.16 , 60.79 , 10.11 , 151.87 , 45.56 , 63.89 , 55.28 , 344.27 , 94.75 , 203.08 , 745.48 , 121.62 , 221.32 , 368.29 , 386.20 , 93.54 , 390.73 , 216.82 , 218.96 , 186.88 , 42.78 
2/23/22, 244.82 , 33.40 , 253.66 , 72.32 , 62.84 , 97.67 , 84.64 , 84.40 , 40.97 , 64.93 , 26.49 , 41.54 , 16.77 , 9.78 , 60.78 , 61.14 , 9.99 , 148.69 , 44.78 , 63.22 , 53.95 , 341.19 , 93.55 , 199.01 , 732.49 , 120.83 , 215.95 , 361.23 , 388.90 , 92.24 , 386.08 , 216.27 , 216.29 , 187.39 , 45.15 
2/24/22, 242.09 , 33.60 , 254.04 , 75.44 , 62.88 , 97.04 , 86.56 , 83.31 , 41.30 , 64.83 , 26.55 , 41.49 , 16.67 , 9.70 , 61.53 , 62.10 , 10.16 , 144.55 , 43.60 , 60.67 , 52.71 , 340.19 , 91.81 , 195.61 , 731.79 , 121.28 , 217.30 , 369.38 , 395.71 , 94.25 , 395.49 , 218.53 , 228.47 , 191.99 , 48.60 
2/25/22, 246.41 , 34.31 , 260.43 , 77.16 , 65.04 , 100.22 , 89.46 , 85.94 , 42.60 , 67.23 , 27.38 , 42.60 , 17.07 , 9.79 , 64.00 , 63.74 , 10.57 , 147.97 , 45.02 , 61.98 , 54.11 , 350.12 , 94.55 , 202.67 , 750.87 , 128.78 , 219.27 , 369.09 , 409.49 , 98.12 , 409.67 , 227.98 , 233.51 , 199.86 , 49.59 
2/28/22, 245.95 , 33.91 , 256.52 , 78.27 , 64.77 , 100.41 , 90.65 , 85.77 , 42.56 , 67.33 , 27.35 , 43.18 , 17.40 , 10.14 , 65.30 , 65.37 , 10.61 , 141.80 , 44.20 , 59.23 , 53.37 , 341.29 , 90.74 , 199.25 , 743.89 , 127.47 , 216.12 , 360.82 , 433.80 , 102.70 , 442.14 , 234.45 , 252.31 , 204.40 , 53.42 
3/1/22, 242.43 , 33.34 , 255.07 , 77.44 , 64.10 , 99.83 , 90.21 , 85.38 , 42.23 , 66.51 , 26.88 , 43.38 , 17.59 , 10.42 , 63.82 , 65.55 , 10.98 , 136.45 , 42.47 , 58.59 , 50.29 , 328.20 , 87.63 , 187.19 , 714.81 , 123.76 , 208.97 , 344.48 , 456.61 , 102.73 , 456.10 , 233.32 , 255.08 , 204.15 , 54.04 
3/2/22, 252.37 , 34.61 , 269.22 , 77.55 , 64.57 , 100.79 , 91.24 , 86.91 , 42.76 , 67.56 , 27.72 , 44.40 , 18.14 , 10.49 , 67.09 , 67.59 , 10.88 , 139.28 , 43.16 , 59.56 , 52.22 , 336.38 , 88.38 , 193.70 , 738.04 , 130.22 , 208.48 , 344.09 , 450.00 , 100.74 , 453.39 , 235.75 , 253.57 , 208.50 , 53.03 
3/3/22, 255.46 , 35.29 , 272.00 , 78.79 , 66.40 , 102.64 , 93.98 , 88.29 , 43.13 , 69.13 , 28.24 , 44.42 , 18.39 , 10.37 , 67.71 , 68.01 , 10.86 , 138.29 , 42.49 , 57.62 , 51.24 , 333.42 , 87.78 , 191.59 , 737.71 , 125.85 , 207.23 , 340.99 , 447.82 , 99.83 , 449.69 , 238.13 , 255.48 , 211.00 , 53.18 
3/4/22, 264.63 , 37.43 , 284.57 , 80.21 , 67.58 , 105.26 , 96.33 , 89.88 , 44.28 , 71.26 , 28.99 , 44.75 , 18.84 , 10.43 , 68.42 , 69.53 , 10.83 , 134.40 , 40.95 , 56.59 , 48.79 , 329.67 , 86.36 , 184.87 , 696.59 , 121.16 , 200.29 , 330.76 , 458.15 , 99.59 , 468.57 , 245.29 , 266.88 , 218.04 , 53.29 
3/7/22, 261.46 , 37.01 , 278.31 , 84.18 , 69.23 , 106.70 , 97.26 , 90.14 , 43.83 , 71.55 , 28.73 , 44.24 , 18.72 , 10.34 , 68.51 , 68.62 , 11.31 , 129.21 , 38.34 , 55.55 , 45.81 , 321.89 , 83.45 , 178.70 , 677.07 , 109.04 , 190.70 , 312.92 , 466.15 , 98.19 , 477.95 , 247.29 , 270.74 , 218.73 , 55.73 
3/8/22, 253.47 , 34.99 , 265.67 , 81.95 , 67.82 , 105.47 , 95.25 , 88.75 , 43.49 , 70.19 , 28.54 , 43.86 , 18.67 , 10.42 , 66.74 , 67.01 , 10.83 , 128.30 , 38.59 , 54.87 , 46.46 , 321.37 , 83.31 , 181.60 , 662.87 , 108.62 , 191.71 , 314.33 , 448.99 , 94.85 , 449.21 , 235.31 , 261.86 , 209.44 , 53.68 
3/9/22, 253.67 , 34.61 , 263.79 , 80.32 , 67.12 , 105.33 , 95.01 , 88.38 , 43.55 , 69.84 , 28.38 , 44.10 , 18.33 , 10.18 , 66.61 , 68.32 , 11.20 , 133.44 , 41.04 , 55.95 , 49.16 , 333.59 , 87.40 , 186.75 , 693.25 , 116.14 , 199.76 , 328.13 , 448.72 , 98.52 , 449.92 , 236.81 , 255.53 , 208.15 , 52.92 
3/10/22, 259.65 , 34.89 , 269.85 , 80.16 , 68.61 , 106.19 , 95.99 , 89.47 , 43.60 , 70.16 , 28.70 , 44.44 , 18.55 , 10.31 , 67.51 , 69.68 , 10.80 , 131.86 , 40.67 , 54.88 , 49.01 , 329.90 , 85.86 , 184.96 , 697.20 , 116.86 , 197.97 , 324.59 , 444.36 , 98.51 , 444.61 , 235.52 , 254.00 , 210.67 , 53.41 
3/11/22, 261.52 , 34.69 , 267.34 , 79.30 , 68.69 , 106.14 , 95.54 , 89.34 , 43.63 , 70.37 , 28.45 , 44.46 , 18.10 , 10.10 , 66.06 , 68.51 , 10.55 , 128.89 , 40.33 , 54.16 , 48.47 , 327.00 , 85.18 , 182.15 , 687.04 , 116.05 , 196.71 , 324.79 , 439.04 , 96.92 , 436.30 , 232.48 , 250.00 , 206.07 , 52.60 
3/14/22, 257.66 , 34.23 , 266.09 , 79.28 , 68.66 , 106.30 , 94.74 , 89.52 , 43.58 , 69.51 , 28.41 , 43.92 , 17.54 , 9.82 , 64.52 , 65.60 , 10.58 , 130.17 , 41.20 , 54.23 , 49.86 , 324.98 , 84.72 , 183.36 , 697.53 , 108.76 , 200.33 , 328.59 , 444.45 , 97.04 , 441.42 , 233.83 , 250.11 , 201.94 , 51.96 
3/15/22, 260.13 , 34.36 , 268.06 , 81.98 , 68.66 , 106.69 , 96.11 , 90.40 , 43.76 , 70.23 , 28.88 , 44.06 , 17.32 , 9.75 , 64.26 , 64.94 , 10.54 , 132.48 , 41.50 , 55.11 , 50.11 , 329.16 , 86.33 , 185.24 , 707.67 , 109.72 , 206.14 , 335.00 , 448.67 , 97.62 , 447.82 , 237.62 , 258.11 , 202.50 , 52.95 
3/16/22, 264.15 , 35.61 , 273.32 , 82.51 , 68.52 , 105.97 , 95.07 , 89.64 , 43.44 , 69.25 , 28.87 , 44.02 , 17.25 , 9.84 , 64.66 , 65.67 , 10.77 , 138.40 , 42.80 , 56.80 , 51.60 , 340.76 , 91.76 , 192.39 , 731.11 , 116.05 , 211.87 , 344.68 , 421.34 , 95.80 , 424.43 , 227.69 , 243.43 , 194.36 , 52.49 
3/17/22, 263.56 , 36.30 , 274.39 , 82.69 , 68.41 , 106.50 , 94.94 , 90.01 , 43.45 , 69.70 , 29.08 , 44.75 , 17.56 , 9.90 , 66.86 , 67.63 , 10.52 , 140.15 , 43.03 , 57.29 , 51.48 , 343.27 , 93.86 , 193.07 , 740.93 , 119.93 , 213.45 , 346.44 , 428.59 , 97.75 , 428.80 , 230.51 , 248.79 , 197.33 , 53.41 
3/18/22, 261.32 , 36.31 , 274.83 , 82.37 , 68.03 , 105.05 , 94.07 , 88.70 , 43.25 , 68.79 , 29.05 , 44.84 , 17.36 , 9.79 , 67.00 , 69.26 , 10.85 , 140.10 , 42.90 , 57.35 , 51.42 , 345.38 , 94.82 , 192.97 , 738.59 , 122.85 , 219.11 , 350.09 , 426.18 , 97.52 , 427.95 , 230.23 , 246.45 , 193.69 , 54.01 
3/21/22, 264.51 , 36.86 , 278.15 , 81.80 , 68.89 , 106.16 , 94.69 , 89.57 , 43.66 , 69.32 , 29.47 , 45.25 , 18.07 , 9.90 , 68.52 , 71.63 , 10.71 , 139.65 , 42.84 , 56.98 , 51.14 , 339.00 , 92.61 , 193.01 , 733.83 , 122.62 , 217.04 , 345.58 , 440.00 , 99.94 , 446.60 , 236.07 , 253.86 , 200.67 , 54.46 
3/22/22, 265.86 , 36.78 , 278.95 , 82.85 , 68.82 , 106.19 , 95.25 , 89.29 , 43.63 , 69.21 , 29.47 , 45.21 , 17.93 , 10.20 , 68.30 , 71.13 , 10.84 , 142.62 , 44.18 , 57.50 , 53.39 , 343.01 , 94.22 , 197.37 , 746.87 , 126.13 , 218.47 , 349.53 , 440.59 , 101.38 , 446.30 , 237.83 , 251.99 , 201.04 , 54.78 
3/23/22, 267.68 , 36.39 , 277.23 , 82.57 , 68.79 , 106.83 , 96.01 , 89.94 , 43.70 , 69.30 , 29.62 , 45.06 , 18.12 , 10.09 , 68.97 , 72.23 , 11.06 , 139.78 , 43.09 , 56.35 , 51.12 , 335.61 , 92.38 , 192.67 , 736.46 , 123.78 , 214.68 , 342.18 , 445.25 , 101.23 , 446.92 , 239.69 , 255.26 , 203.04 , 54.75 
3/24/22, 270.21 , 36.68 , 279.55 , 83.70 , 69.30 , 107.47 , 96.44 , 91.41 , 44.47 , 69.88 , 29.78 , 45.41 , 18.30 , 10.25 , 70.43 , 72.88 , 11.33 , 140.69 , 43.07 , 56.42 , 51.33 , 336.23 , 92.13 , 193.25 , 738.28 , 125.70 , 217.31 , 349.35 , 449.73 , 101.71 , 454.57 , 241.00 , 256.88 , 203.59 , 54.78 
3/25/22, 273.38 , 36.92 , 283.36 , 83.94 , 70.93 , 109.13 , 96.84 , 92.68 , 45.51 , 70.70 , 30.41 , 46.36 , 19.07 , 10.57 , 72.27 , 75.65 , 10.92 , 141.92 , 43.73 , 56.74 , 52.56 , 337.49 , 92.38 , 196.47 , 741.04 , 123.80 , 218.43 , 349.02 , 453.66 , 102.43 , 458.18 , 244.36 , 257.85 , 205.97 , 55.37 
3/28/22, 275.34 , 37.53 , 284.62 , 84.43 , 71.00 , 110.04 , 97.61 , 93.05 , 46.02 , 71.24 , 30.38 , 45.94 , 18.75 , 10.88 , 71.04 , 74.70 , 10.91 , 140.87 , 43.55 , 55.92 , 51.81 , 335.30 , 91.27 , 194.71 , 749.88 , 124.53 , 220.77 , 350.49 , 444.98 , 101.59 , 446.80 , 240.89 , 249.45 , 200.35 , 54.59 
3/29/22, 273.61 , 37.68 , 285.66 , 84.62 , 72.06 , 110.97 , 98.69 , 93.52 , 46.99 , 71.83 , 30.80 , 46.13 , 18.89 , 11.05 , 71.24 , 74.84 , 10.83 , 141.18 , 43.44 , 56.47 , 51.60 , 339.66 , 91.84 , 194.06 , 773.24 , 131.78 , 228.12 , 367.55 , 437.15 , 101.08 , 446.31 , 241.09 , 246.60 , 202.26 , 54.03 
3/30/22, 276.69 , 37.80 , 289.15 , 85.50 , 72.50 , 111.48 , 99.42 , 94.73 , 47.23 , 72.32 , 30.78 , 46.35 , 19.09 , 11.53 , 71.71 , 76.25 , 10.76 , 140.54 , 43.00 , 54.97 , 50.11 , 335.59 , 90.27 , 190.73 , 777.36 , 127.23 , 223.95 , 362.24 , 445.95 , 100.83 , 453.33 , 244.32 , 251.81 , 203.32 , 54.96 
3/31/22, 273.21 , 37.45 , 285.22 , 84.71 , 72.51 , 111.66 , 99.77 , 94.68 , 47.63 , 72.17 , 30.64 , 46.09 , 18.91 , 11.19 , 70.63 , 75.47 , 10.89 , 136.32 , 41.22 , 53.40 , 48.46 , 330.10 , 87.40 , 184.45 , 764.17 , 126.94 , 221.77 , 357.38 , 441.40 , 99.07 , 447.22 , 241.18 , 248.47 , 199.44 , 53.86 
4/1/22, 259.96 , 35.51 , 265.84 , 85.71 , 74.12 , 112.82 , 101.51 , 96.11 , 47.66 , 72.75 , 31.15 , 46.40 , 19.22 , 11.52 , 71.43 , 77.34 , 10.99 , 135.31 , 40.90 , 52.33 , 48.71 , 330.22 , 86.99 , 181.14 , 769.76 , 128.13 , 226.36 , 363.97 , 445.98 , 100.17 , 454.79 , 242.51 , 253.17 , 202.63 , 54.18 
4/4/22, 257.74 , 35.61 , 266.90 , 85.62 , 73.12 , 111.79 , 100.65 , 95.45 , 47.34 , 72.70 , 30.93 , 46.63 , 19.30 , 11.45 , 71.17 , 76.99 , 10.79 , 135.91 , 40.83 , 52.80 , 48.46 , 328.21 , 87.28 , 182.81 , 782.23 , 130.57 , 227.74 , 366.91 , 444.01 , 99.30 , 452.29 , 239.23 , 252.64 , 201.87 , 54.01 
4/5/22, 252.11 , 35.27 , 262.25 , 86.33 , 74.35 , 112.52 , 101.31 , 96.15 , 47.80 , 73.07 , 31.03 , 46.51 , 18.92 , 11.19 , 69.84 , 75.71 , 10.89 , 133.34 , 40.14 , 51.58 , 48.12 , 323.96 , 85.28 , 182.39 , 764.43 , 123.61 , 226.09 , 363.32 , 447.24 , 98.81 , 454.01 , 239.15 , 256.44 , 201.12 , 53.42 
4/6/22, 242.93 , 34.67 , 256.93 , 86.49 , 76.51 , 115.15 , 104.49 , 98.40 , 49.71 , 74.99 , 31.77 , 46.54 , 19.01 , 11.09 , 70.80 , 76.41 , 11.10 , 131.49 , 39.70 , 50.53 , 47.89 , 316.26 , 83.13 , 180.96 , 745.23 , 118.24 , 219.01 , 353.55 , 454.58 , 98.46 , 461.46 , 240.76 , 257.90 , 202.11 , 53.98 
4/7/22, 244.86 , 34.74 , 258.66 , 87.08 , 75.76 , 114.86 , 103.37 , 97.56 , 50.02 , 74.57 , 32.01 , 46.14 , 19.27 , 11.04 , 70.89 , 75.90 , 11.15 , 131.09 , 39.39 , 50.03 , 47.74 , 314.15 , 83.13 , 181.38 , 748.89 , 115.64 , 216.15 , 349.55 , 465.51 , 100.98 , 470.77 , 243.61 , 260.80 , 207.92 , 55.41 
4/8/22, 241.98 , 34.33 , 258.15 , 86.09 , 76.49 , 115.35 , 102.99 , 97.91 , 50.13 , 74.82 , 32.49 , 46.71 , 19.48 , 11.23 , 71.61 , 77.27 , 10.98 , 133.49 , 39.67 , 50.88 , 48.73 , 321.39 , 84.06 , 184.70 , 736.10 , 114.97 , 216.98 , 352.27 , 461.52 , 100.40 , 463.66 , 242.04 , 258.03 , 205.90 , 54.94 
4/11/22, 243.11 , 34.24 , 255.81 , 84.58 , 74.48 , 114.23 , 101.40 , 96.60 , 48.24 , 74.36 , 32.23 , 46.10 , 19.26 , 11.05 , 70.26 , 75.76 , 11.30 , 133.00 , 39.59 , 50.55 , 49.33 , 320.76 , 84.02 , 183.98 , 728.38 , 112.80 , 214.75 , 347.37 , 464.25 , 102.11 , 462.14 , 243.55 , 256.57 , 205.24 , 54.65 
4/12/22, 245.06 , 34.41 , 258.72 , 83.89 , 75.54 , 115.42 , 102.31 , 97.80 , 48.05 , 74.73 , 32.25 , 46.13 , 19.14 , 11.36 , 70.81 , 76.95 , 11.31 , 131.54 , 39.17 , 50.34 , 48.42 , 319.78 , 83.93 , 179.75 , 716.83 , 113.43 , 211.40 , 345.80 , 467.55 , 102.60 , 463.28 , 243.82 , 257.20 , 209.97 , 54.75 
4/13/22, 244.63 , 34.89 , 260.93 , 83.55 , 75.36 , 115.11 , 102.25 , 97.90 , 48.64 , 74.37 , 32.32 , 46.38 , 19.29 , 11.56 , 71.30 , 77.99 , 11.16 , 127.30 , 38.82 , 50.15 , 48.54 , 321.97 , 84.13 , 178.44 , 715.74 , 116.44 , 213.27 , 355.14 , 469.19 , 103.37 , 464.52 , 243.71 , 254.25 , 212.94 , 54.95 
4/14/22, 246.21 , 35.06 , 263.06 , 82.81 , 75.99 , 114.85 , 102.04 , 98.03 , 49.03 , 74.34 , 32.40 , 46.22 , 19.37 , 11.53 , 71.30 , 78.64 , 11.25 , 126.12 , 37.57 , 50.93 , 46.35 , 321.64 , 84.76 , 175.00 , 688.17 , 112.98 , 212.79 , 357.82 , 467.66 , 104.27 , 467.20 , 243.74 , 257.41 , 222.67 , 55.83 
4/18/22, 242.12 , 34.75 , 262.51 , 81.71 , 75.83 , 114.24 , 101.66 , 96.94 , 49.23 , 74.20 , 32.28 , 46.19 , 19.55 , 11.62 , 72.50 , 78.80 , 11.32 , 128.46 , 38.85 , 52.31 , 47.17 , 329.88 , 86.48 , 175.75 , 680.00 , 111.99 , 213.17 , 356.80 , 467.44 , 104.30 , 465.58 , 243.86 , 259.73 , 222.88 , 55.94 
4/19/22, 245.62 , 35.29 , 264.86 , 81.83 , 76.27 , 114.47 , 102.43 , 98.01 , 49.50 , 74.84 , 32.17 , 46.42 , 19.60 , 11.72 , 72.17 , 79.05 , 11.44 , 131.12 , 39.57 , 52.92 , 47.83 , 335.95 , 88.91 , 178.05 , 701.57 , 117.48 , 215.70 , 363.87 , 459.90 , 104.55 , 464.41 , 246.59 , 257.73 , 224.11 , 56.24 
4/20/22, 247.07 , 35.30 , 267.91 , 81.51 , 76.50 , 115.43 , 102.83 , 98.41 , 50.25 , 75.35 , 32.75 , 46.83 , 19.77 , 11.89 , 73.62 , 80.63 , 11.35 , 131.58 , 39.66 , 53.10 , 48.65 , 341.06 , 90.61 , 179.64 , 699.00 , 120.39 , 217.79 , 365.29 , 453.87 , 104.97 , 463.40 , 247.69 , 257.82 , 227.29 , 56.66 
4/21/22, 244.40 , 36.30 , 269.82 , 76.18 , 76.46 , 115.28 , 102.12 , 98.19 , 49.74 , 75.30 , 32.26 , 46.31 , 19.79 , 11.65 , 71.47 , 78.63 , 11.10 , 130.56 , 38.91 , 52.63 , 47.78 , 334.30 , 88.91 , 177.58 , 681.46 , 112.62 , 216.45 , 364.44 , 439.54 , 101.73 , 443.45 , 242.06 , 246.09 , 221.98 , 55.45 
4/22/22, 234.30 , 34.52 , 258.59 , 73.95 , 75.91 , 114.28 , 100.25 , 96.49 , 48.65 , 74.30 , 31.83 , 44.86 , 19.15 , 11.28 , 69.28 , 76.17 , 10.53 , 126.81 , 37.56 , 51.23 , 46.34 , 319.77 , 84.74 , 173.25 , 662.94 , 110.59 , 208.17 , 351.18 , 445.79 , 100.49 , 447.40 , 238.79 , 247.88 , 222.17 , 54.65 
4/25/22, 236.42 , 34.64 , 259.74 , 74.04 , 74.97 , 113.77 , 100.50 , 96.05 , 48.77 , 73.70 , 31.75 , 44.15 , 18.61 , 11.11 , 66.30 , 73.07 , 10.70 , 126.77 , 37.29 , 51.13 , 45.83 , 321.42 , 85.05 , 172.50 , 668.28 , 112.52 , 209.95 , 354.60 , 442.89 , 99.61 , 444.02 , 239.18 , 242.92 , 218.53 , 53.37 
4/26/22, 233.59 , 34.11 , 254.64 , 73.57 , 73.74 , 113.50 , 99.24 , 95.16 , 48.42 , 73.38 , 31.29 , 43.76 , 18.44 , 11.27 , 65.27 , 73.56 , 10.72 , 123.02 , 36.45 , 50.23 , 44.58 , 313.12 , 82.37 , 169.46 , 647.05 , 107.28 , 201.10 , 344.11 , 446.09 , 99.19 , 442.51 , 236.93 , 240.35 , 218.66 , 52.27 
4/27/22, 236.79 , 34.48 , 262.53 , 73.27 , 73.48 , 113.09 , 99.53 , 94.73 , 47.79 , 72.97 , 31.33 , 43.82 , 18.40 , 11.25 , 65.50 , 75.16 , 10.70 , 121.42 , 36.25 , 49.60 , 44.58 , 313.23 , 82.21 , 170.43 , 643.02 , 107.47 , 214.11 , 361.57 , 444.98 , 98.84 , 439.77 , 239.98 , 241.06 , 219.85 , 52.15 
4/28/22, 239.25 , 35.21 , 265.85 , 73.49 , 75.58 , 113.80 , 102.43 , 95.44 , 48.34 , 74.88 , 31.44 , 44.61 , 18.81 , 11.40 , 66.92 , 76.26 , 10.36 , 123.34 , 36.81 , 50.02 , 45.17 , 318.41 , 83.40 , 171.08 , 650.97 , 108.29 , 220.66 , 378.83 , 441.71 , 98.08 , 445.17 , 241.20 , 239.09 , 218.08 , 52.78 
4/29/22, 234.29 , 34.34 , 257.88 , 71.02 , 73.39 , 110.16 , 99.11 , 92.74 , 46.78 , 73.26 , 30.61 , 43.64 , 18.15 , 11.08 , 63.33 , 73.41 , 10.39 , 119.36 , 35.68 , 48.21 , 43.63 , 305.49 , 80.59 , 166.10 , 624.68 , 101.57 , 213.13 , 363.38 , 432.12 , 94.91 , 439.40 , 236.53 , 232.26 , 212.74 , 51.92 
5/2/22, 232.87 , 34.29 , 256.61 , 69.87 , 73.21 , 108.70 , 98.13 , 92.01 , 46.65 , 72.67 , 30.22 , 43.43 , 18.18 , 11.28 , 63.87 , 74.26 , 10.72 , 120.45 , 36.14 , 48.71 , 43.67 , 310.42 , 81.96 , 167.54 , 624.80 , 105.80 , 211.53 , 359.04 , 430.81 , 94.22 , 438.62 , 233.25 , 235.21 , 212.33 , 50.76 
5/3/22, 232.10 , 34.53 , 256.08 , 70.76 , 73.12 , 108.36 , 98.58 , 92.28 , 46.69 , 72.13 , 30.54 , 43.86 , 18.68 , 11.74 , 65.12 , 76.36 , 11.11 , 123.03 , 37.13 , 50.10 , 44.16 , 314.66 , 83.75 , 169.66 , 631.06 , 107.62 , 208.56 , 357.79 , 434.77 , 95.40 , 451.25 , 233.38 , 237.53 , 214.76 , 50.75 
5/4/22, 237.09 , 35.50 , 264.67 , 73.06 , 74.57 , 110.51 , 100.72 , 93.50 , 47.92 , 73.40 , 31.34 , 45.19 , 19.28 , 12.08 , 67.35 , 78.02 , 10.93 , 127.10 , 38.62 , 52.23 , 45.98 , 324.11 , 87.22 , 173.72 , 665.23 , 111.60 , 214.52 , 368.52 , 445.74 , 97.76 , 462.57 , 242.92 , 241.80 , 222.14 , 52.46 
5/5/22, 231.48 , 34.65 , 256.87 , 71.84 , 74.06 , 110.05 , 99.66 , 92.66 , 46.90 , 72.79 , 30.94 , 44.58 , 18.85 , 11.88 , 64.05 , 74.70 , 10.92 , 123.92 , 37.54 , 51.31 , 44.76 , 313.07 , 84.94 , 168.87 , 633.81 , 104.96 , 205.24 , 353.37 , 443.15 , 96.32 , 466.66 , 239.24 , 241.48 , 219.74 , 51.19 
5/6/22, 229.59 , 34.78 , 255.74 , 72.47 , 74.67 , 111.32 , 99.65 , 93.98 , 47.06 , 73.08 , 30.73 , 45.43 , 19.30 , 11.63 , 65.60 , 75.47 , 10.40 , 123.72 , 37.45 , 51.62 , 44.55 , 312.96 , 84.23 , 166.62 , 628.62 , 101.49 , 202.82 , 347.12 , 449.43 , 95.30 , 468.70 , 239.60 , 243.83 , 216.25 , 50.33 
5/9/22, 225.25 , 33.62 , 249.50 , 70.71 , 74.23 , 110.80 , 99.69 , 94.38 , 46.73 , 73.65 , 30.38 , 43.38 , 18.60 , 10.83 , 61.71 , 67.59 , 10.37 , 121.86 , 36.37 , 49.89 , 43.96 , 308.89 , 81.15 , 163.67 , 605.56 , 96.66 , 193.00 , 327.99 , 438.84 , 91.75 , 453.98 , 229.37 , 239.25 , 209.98 , 47.85 
5/10/22, 222.60 , 32.78 , 245.75 , 69.99 , 73.20 , 108.91 , 99.08 , 92.65 , 46.76 , 73.49 , 30.48 , 42.94 , 18.52 , 10.69 , 62.48 , 68.02 , 10.24 , 118.89 , 35.76 , 48.75 , 43.08 , 305.06 , 80.26 , 161.84 , 610.23 , 99.02 , 193.58 , 325.33 , 439.13 , 91.69 , 449.97 , 229.30 , 237.68 , 209.65 , 48.14 
5/11/22, 223.88 , 33.17 , 246.54 , 70.20 , 73.98 , 109.91 , 99.78 , 94.28 , 47.62 , 73.97 , 30.40 , 43.13 , 18.52 , 10.73 , 61.78 , 68.79 , 10.21 , 118.14 , 35.57 , 47.66 , 42.57 , 301.55 , 78.89 , 159.83 , 600.35 , 96.70 , 196.72 , 325.87 , 440.41 , 91.00 , 446.48 , 226.94 , 238.48 , 206.03 , 46.44 
5/12/22, 225.93 , 33.00 , 246.06 , 68.51 , 74.08 , 108.85 , 98.53 , 94.35 , 45.85 , 73.55 , 30.39 , 42.68 , 18.43 , 10.66 , 62.79 , 68.33 , 10.52 , 118.04 , 35.07 , 46.56 , 41.81 , 299.41 , 78.59 , 159.30 , 600.40 , 99.42 , 193.97 , 321.24 , 434.59 , 91.48 , 450.78 , 223.49 , 235.56 , 203.77 , 47.36 
5/13/22, 230.76 , 33.43 , 249.32 , 69.80 , 73.65 , 109.30 , 99.69 , 95.40 , 46.73 , 74.49 , 31.03 , 43.79 , 18.74 , 11.05 , 64.65 , 71.28 , 10.71 , 119.09 , 35.17 , 47.64 , 42.64 , 306.99 , 80.54 , 157.44 , 615.33 , 107.82 , 199.23 , 332.80 , 435.17 , 91.92 , 452.83 , 226.31 , 236.18 , 203.78 , 48.75 
5/16/22, 227.89 , 33.26 , 247.10 , 70.12 , 74.25 , 110.03 , 99.39 , 95.04 , 46.87 , 74.83 , 30.97 , 44.58 , 19.39 , 11.34 , 65.19 , 72.14 , 10.97 , 118.26 , 34.81 , 47.46 , 42.21 , 303.44 , 79.90 , 155.27 , 598.60 , 104.70 , 197.81 , 329.73 , 437.55 , 92.48 , 458.08 , 227.80 , 238.96 , 204.78 , 49.35 
5/17/22, 232.19 , 33.76 , 251.70 , 72.02 , 74.15 , 109.35 , 100.40 , 95.50 , 47.54 , 75.30 , 31.37 , 44.89 , 19.74 , 11.73 , 66.57 , 72.96 , 10.91 , 122.18 , 35.99 , 51.05 , 43.71 , 312.97 , 82.93 , 160.43 , 611.72 , 107.73 , 204.00 , 338.86 , 441.00 , 94.95 , 459.28 , 231.62 , 241.61 , 208.97 , 50.29 
5/18/22, 224.99 , 32.32 , 237.57 , 71.00 , 73.82 , 108.90 , 99.88 , 95.22 , 47.13 , 74.89 , 30.67 , 44.24 , 19.30 , 11.23 , 64.79 , 69.77 , 10.82 , 120.09 , 34.88 , 49.32 , 42.11 , 306.73 , 80.69 , 155.93 , 591.86 , 103.54 , 199.99 , 335.90 , 434.33 , 92.61 , 454.87 , 225.98 , 237.85 , 202.84 , 50.01 
5/19/22, 216.50 , 30.94 , 228.03 , 70.46 , 73.33 , 108.95 , 99.04 , 94.82 , 47.35 , 75.01 , 30.66 , 44.44 , 19.02 , 11.06 , 63.29 , 68.91 , 10.80 , 118.31 , 34.45 , 49.78 , 42.00 , 308.20 , 79.96 , 154.75 , 593.08 , 104.58 , 197.37 , 332.22 , 425.62 , 90.25 , 448.50 , 217.78 , 232.74 , 200.73 , 50.12 
5/20/22, 213.58 , 30.94 , 228.86 , 71.22 , 73.41 , 109.83 , 99.70 , 95.81 , 47.15 , 74.22 , 30.58 , 44.54 , 19.03 , 11.11 , 63.54 , 69.44 , 11.05 , 117.34 , 33.86 , 49.75 , 41.67 , 306.80 , 79.37 , 155.98 , 600.44 , 107.57 , 199.03 , 336.18 , 424.15 , 90.08 , 443.33 , 213.50 , 229.40 , 197.76 , 49.30 
5/23/22, 216.89 , 31.23 , 232.79 , 72.55 , 74.15 , 110.81 , 100.27 , 97.68 , 47.89 , 74.87 , 30.84 , 44.91 , 19.16 , 11.27 , 63.56 , 69.26 , 10.90 , 124.60 , 35.87 , 52.77 , 43.82 , 316.61 , 82.31 , 162.17 , 611.51 , 108.45 , 207.56 , 348.43 , 433.03 , 91.83 , 456.77 , 216.70 , 233.83 , 200.60 , 49.61 
5/24/22, 217.09 , 30.91 , 232.31 , 74.67 , 75.69 , 112.98 , 102.22 , 100.39 , 48.83 , 76.26 , 31.31 , 44.98 , 19.14 , 11.17 , 63.73 , 68.97 , 11.20 , 126.36 , 35.65 , 52.68 , 43.29 , 313.95 , 81.96 , 163.26 , 618.35 , 107.90 , 202.63 , 340.69 , 442.78 , 93.21 , 471.10 , 219.82 , 237.66 , 204.08 , 50.28 
5/25/22, 217.42 , 31.15 , 232.61 , 74.79 , 75.69 , 112.39 , 102.48 , 100.32 , 49.02 , 75.70 , 31.84 , 45.10 , 19.39 , 11.44 , 65.14 , 70.49 , 11.32 , 127.24 , 35.84 , 52.70 , 44.12 , 314.90 , 82.23 , 167.63 , 626.60 , 111.05 , 203.84 , 344.76 , 447.54 , 93.56 , 467.62 , 220.05 , 236.65 , 206.12 , 50.30 
5/26/22, 221.29 , 31.58 , 236.70 , 75.04 , 75.29 , 113.23 , 102.58 , 99.87 , 49.16 , 74.96 , 31.98 , 45.85 , 19.62 , 11.57 , 65.82 , 71.05 , 11.48 , 129.44 , 36.67 , 54.09 , 45.60 , 323.63 , 85.00 , 172.95 , 652.44 , 118.30 , 208.55 , 349.89 , 447.99 , 95.00 , 467.43 , 221.26 , 236.79 , 211.50 , 50.62 
5/27/22, 222.50 , 32.05 , 241.03 , 77.43 , 76.07 , 114.40 , 103.57 , 100.58 , 49.85 , 76.34 , 32.42 , 46.20 , 19.94 , 11.65 , 67.05 , 72.82 , 11.39 , 131.27 , 37.02 , 53.62 , 45.89 , 328.58 , 86.45 , 175.05 , 666.53 , 121.04 , 212.88 , 357.78 , 450.56 , 96.71 , 470.76 , 226.51 , 240.92 , 214.40 , 51.75 
5/31/22, 219.78 , 31.79 , 239.66 , 75.69 , 75.66 , 112.52 , 102.03 , 99.26 , 49.15 , 75.34 , 32.05 , 46.15 , 19.69 , 11.66 , 65.85 , 72.02 , 11.71 , 132.23 , 37.20 , 53.41 , 45.77 , 326.85 , 86.14 , 175.41 , 669.08 , 117.79 , 212.17 , 357.87 , 440.11 , 95.12 , 467.97 , 224.91 , 240.90 , 210.46 , 51.20 
6/1/22, 221.32 , 32.00 , 241.94 , 76.17 , 75.55 , 111.67 , 102.04 , 98.63 , 49.19 , 75.12 , 32.06 , 45.95 , 20.02 , 11.94 , 66.85 , 75.07 , 11.74 , 129.91 , 36.67 , 52.39 , 45.16 , 321.85 , 85.00 , 172.44 , 660.51 , 116.09 , 209.93 , 357.06 , 439.30 , 94.81 , 464.25 , 226.22 , 241.49 , 210.46 , 50.32 
6/2/22, 225.39 , 32.59 , 246.81 , 78.52 , 75.95 , 111.79 , 102.25 , 98.58 , 48.99 , 75.48 , 32.10 , 46.93 , 19.96 , 12.01 , 67.41 , 76.68 , 11.86 , 132.00 , 36.70 , 52.43 , 45.33 , 324.25 , 85.20 , 175.51 , 686.49 , 121.71 , 215.05 , 363.08 , 441.11 , 96.24 , 462.87 , 229.44 , 240.69 , 211.80 , 50.85 
6/3/22, 224.00 , 32.11 , 244.66 , 78.69 , 75.26 , 111.16 , 101.95 , 97.91 , 48.73 , 74.88 , 31.67 , 46.81 , 19.93 , 11.85 , 67.27 , 77.35 , 11.76 , 130.16 , 36.19 , 51.33 , 44.82 , 318.68 , 84.12 , 173.30 , 671.74 , 121.35 , 212.65 , 357.82 , 442.69 , 96.33 , 478.37 , 230.13 , 243.14 , 212.84 , 51.26 
6/6/22, 225.17 , 32.14 , 244.68 , 80.19 , 75.35 , 111.11 , 102.06 , 98.10 , 48.55 , 74.71 , 31.54 , 47.11 , 19.79 , 11.86 , 67.14 , 76.37 , 11.98 , 129.73 , 36.15 , 51.40 , 45.12 , 320.51 , 84.87 , 173.08 , 675.34 , 118.80 , 212.94 , 360.14 , 443.41 , 97.21 , 478.86 , 229.90 , 241.10 , 212.51 , 51.61 
6/7/22, 228.75 , 32.56 , 249.40 , 79.78 , 75.69 , 112.34 , 102.43 , 98.48 , 49.05 , 75.58 , 32.07 , 47.53 , 20.14 , 12.31 , 69.14 , 80.38 , 11.72 , 130.07 , 36.35 , 52.10 , 45.47 , 321.51 , 85.33 , 173.20 , 679.61 , 119.83 , 214.50 , 364.02 , 456.30 , 100.51 , 492.06 , 235.58 , 246.39 , 216.14 , 52.28 
6/8/22, 221.68 , 31.81 , 242.81 , 78.49 , 74.63 , 110.49 , 100.53 , 97.04 , 48.17 , 73.17 , 31.31 , 47.18 , 19.86 , 12.26 , 68.49 , 77.76 , 11.78 , 128.00 , 35.89 , 51.41 , 44.63 , 314.68 , 83.20 , 169.90 , 662.41 , 116.40 , 213.50 , 362.33 , 443.41 , 99.23 , 472.45 , 231.36 , 244.46 , 214.25 , 51.62 
6/9/22, 216.79 , 31.17 , 237.45 , 77.34 , 72.89 , 107.73 , 98.26 , 94.51 , 46.66 , 71.28 , 30.61 , 46.17 , 19.29 , 12.04 , 66.19 , 75.08 , 11.43 , 125.31 , 34.51 , 49.97 , 42.67 , 304.22 , 81.16 , 163.00 , 659.85 , 113.85 , 206.11 , 349.00 , 432.72 , 97.38 , 462.92 , 226.89 , 240.59 , 214.00 , 54.13 
6/10/22, 211.12 , 30.30 , 229.36 , 75.91 , 72.14 , 107.77 , 98.26 , 95.15 , 46.01 , 71.01 , 30.12 , 45.55 , 19.03 , 11.64 , 64.74 , 72.43 , 10.76 , 119.55 , 33.17 , 47.71 , 40.08 , 287.02 , 77.40 , 158.33 , 617.67 , 107.63 , 199.51 , 334.75 , 430.19 , 95.49 , 463.82 , 224.63 , 240.43 , 211.99 , 53.10 
6/13/22, 208.07 , 29.46 , 223.07 , 72.41 , 68.75 , 103.43 , 93.01 , 91.15 , 43.68 , 68.39 , 28.64 , 44.00 , 18.13 , 11.06 , 61.10 , 67.55 , 10.64 , 115.99 , 32.02 , 45.69 , 38.99 , 283.32 , 75.18 , 155.53 , 598.72 , 97.52 , 192.26 , 319.74 , 423.93 , 91.95 , 460.68 , 217.53 , 233.25 , 207.33 , 52.19 
6/14/22, 208.49 , 29.34 , 222.81 , 71.48 , 66.78 , 100.94 , 90.44 , 88.78 , 42.31 , 65.88 , 27.60 , 42.94 , 17.89 , 10.82 , 60.39 , 66.30 , 10.43 , 114.06 , 31.46 , 45.96 , 37.43 , 282.54 , 74.96 , 155.66 , 591.23 , 95.42 , 193.52 , 322.14 , 416.17 , 91.32 , 454.46 , 215.90 , 226.92 , 204.81 , 51.79 
6/15/22, 209.84 , 29.42 , 224.50 , 74.19 , 66.57 , 100.18 , 90.65 , 88.25 , 42.26 , 65.85 , 28.12 , 42.68 , 17.60 , 10.72 , 59.69 , 66.73 , 10.06 , 115.41 , 32.05 , 47.58 , 38.17 , 290.07 , 76.02 , 156.51 , 599.90 , 96.80 , 196.16 , 325.39 , 414.10 , 92.28 , 458.45 , 217.92 , 226.70 , 205.67 , 51.23 
6/16/22, 208.19 , 29.05 , 222.79 , 70.87 , 66.28 , 99.54 , 89.19 , 87.67 , 41.22 , 64.95 , 27.44 , 40.97 , 16.70 , 10.13 , 55.73 , 62.25 , 9.71 , 113.43 , 31.85 , 46.89 , 37.65 , 284.98 , 73.95 , 151.48 , 585.77 , 89.68 , 189.05 , 308.78 , 404.79 , 89.52 , 449.02 , 211.89 , 222.08 , 201.06 , 49.29 
6/17/22, 206.45 , 28.93 , 221.47 , 70.81 , 65.39 , 97.82 , 88.41 , 86.88 , 40.91 , 63.91 , 27.40 , 40.49 , 16.05 , 9.83 , 53.39 , 60.65 , 10.18 , 113.03 , 31.92 , 46.52 , 38.48 , 279.79 , 72.90 , 154.09 , 582.26 , 90.25 , 190.01 , 310.69 , 404.01 , 88.88 , 443.93 , 209.78 , 221.57 , 200.64 , 49.91 
6/21/22, 209.47 , 28.99 , 224.20 , 72.73 , 67.15 , 99.21 , 89.95 , 88.21 , 41.60 , 64.76 , 27.75 , 41.49 , 16.65 , 10.38 , 55.54 , 63.47 , 9.76 , 115.83 , 32.85 , 47.96 , 38.99 , 284.81 , 74.63 , 156.49 , 614.54 , 91.23 , 194.39 , 317.40 , 418.96 , 92.92 , 463.77 , 216.55 , 229.60 , 209.36 , 50.59 
6/22/22, 208.99 , 28.83 , 224.14 , 74.69 , 67.69 , 100.16 , 90.31 , 88.90 , 41.69 , 65.78 , 27.80 , 41.25 , 16.34 , 10.00 , 53.82 , 60.02 , 9.59 , 115.18 , 32.60 , 47.20 , 38.60 , 284.54 , 74.40 , 156.61 , 609.28 , 91.26 , 193.82 , 316.15 , 415.45 , 92.56 , 458.61 , 216.01 , 229.64 , 209.45 , 50.26 
6/23/22, 209.75 , 28.71 , 221.69 , 77.20 , 69.28 , 103.41 , 92.41 , 91.31 , 42.23 , 67.28 , 28.25 , 40.80 , 16.24 , 9.79 , 53.31 , 58.15 , 9.92 , 113.92 , 32.08 , 46.35 , 37.90 , 286.17 , 73.97 , 155.80 , 624.71 , 93.35 , 196.64 , 316.76 , 410.62 , 91.76 , 456.24 , 216.60 , 228.39 , 210.00 , 50.57 
6/24/22, 215.78 , 29.57 , 230.43 , 78.02 , 69.83 , 104.53 , 93.60 , 92.93 , 43.29 , 68.56 , 28.85 , 41.78 , 16.48 , 10.10 , 54.57 , 58.14 , 10.13 , 117.32 , 32.31 , 47.86 , 40.76 , 302.75 , 77.82 , 162.84 , 647.78 , 98.87 , 205.51 , 330.50 , 419.04 , 94.20 , 463.70 , 222.33 , 233.55 , 215.34 , 53.17 
6/27/22, 213.85 , 29.32 , 227.73 , 77.89 , 70.37 , 105.20 , 94.98 , 93.56 , 43.89 , 69.33 , 28.99 , 42.18 , 16.83 , 10.14 , 56.67 , 60.75 , 10.07 , 116.38 , 32.35 , 47.83 , 40.24 , 300.78 , 77.44 , 161.45 , 636.92 , 97.87 , 203.56 , 328.83 , 419.25 , 94.81 , 466.82 , 223.50 , 236.81 , 218.37 , 53.79 
6/28/22, 213.36 , 29.14 , 226.39 , 76.44 , 70.62 , 105.70 , 95.08 , 94.12 , 43.88 , 69.99 , 29.09 , 42.54 , 17.20 , 10.34 , 56.98 , 62.49 , 9.94 , 115.82 , 32.26 , 47.21 , 40.18 , 299.49 , 78.16 , 159.75 , 629.12 , 94.84 , 198.12 , 318.29 , 420.71 , 93.78 , 464.67 , 220.49 , 235.82 , 217.18 , 53.14 
6/29/22, 213.15 , 29.12 , 227.13 , 76.00 , 70.67 , 106.01 , 95.37 , 94.72 , 44.34 , 70.21 , 29.12 , 42.44 , 16.92 , 10.18 , 56.13 , 60.64 , 9.82 , 115.30 , 31.86 , 47.10 , 39.71 , 303.28 , 78.19 , 157.37 , 617.96 , 91.07 , 199.50 , 322.59 , 418.89 , 93.30 , 461.81 , 219.28 , 237.81 , 215.89 , 53.52 
6/30/22, 213.28 , 29.06 , 227.29 , 77.46 , 71.31 , 107.21 , 95.94 , 95.10 , 45.32 , 70.76 , 29.58 , 42.26 , 16.76 , 9.98 , 55.50 , 59.67 , 10.10 , 112.61 , 31.13 , 45.99 , 39.17 , 297.02 , 76.06 , 157.77 , 609.04 , 91.23 , 196.89 , 315.48 , 429.96 , 96.11 , 478.57 , 221.25 , 241.70 , 217.82 , 55.09 
7/1/22, 215.26 , 29.34 , 228.55 , 80.56 , 73.14 , 109.62 , 97.95 , 97.24 , 46.07 , 72.63 , 30.50 , 42.66 , 16.98 , 10.02 , 56.75 , 61.00 , 9.68 , 114.05 , 31.56 , 46.87 , 39.92 , 299.23 , 76.75 , 161.30 , 616.70 , 92.83 , 199.18 , 318.24 , 433.52 , 97.02 , 486.37 , 223.86 , 243.24 , 220.96 , 56.44 
7/5/22, 210.17 , 28.51 , 224.18 , 79.11 , 70.82 , 106.34 , 93.58 , 92.69 , 43.62 , 69.89 , 29.09 , 41.44 , 16.58 , 9.88 , 55.10 , 58.96 , 9.59 , 112.62 , 31.24 , 46.61 , 40.10 , 297.20 , 76.11 , 161.09 , 620.72 , 94.03 , 200.54 , 319.26 , 415.25 , 92.92 , 464.36 , 214.53 , 230.96 , 209.86 , 54.70 
7/6/22, 209.72 , 28.89 , 225.74 , 79.57 , 71.47 , 107.58 , 94.80 , 93.10 , 44.26 , 71.01 , 29.34 , 41.28 , 16.36 , 9.54 , 54.23 , 56.28 , 9.97 , 111.89 , 30.98 , 46.15 , 39.50 , 293.76 , 75.45 , 160.03 , 614.74 , 93.97 , 201.12 , 320.17 , 425.89 , 93.92 , 481.87 , 219.56 , 239.60 , 214.25 , 55.75 
7/7/22, 212.63 , 29.24 , 228.75 , 80.38 , 71.29 , 106.83 , 94.52 , 92.30 , 44.39 , 69.58 , 29.31 , 42.00 , 16.89 , 9.87 , 56.51 , 59.82 , 10.18 , 114.72 , 31.86 , 46.93 , 40.12 , 298.60 , 76.99 , 162.31 , 623.70 , 97.36 , 202.80 , 324.07 , 422.19 , 93.94 , 479.38 , 220.58 , 238.57 , 217.31 , 56.29 
7/8/22, 209.70 , 28.99 , 226.20 , 80.25 , 71.19 , 105.91 , 94.34 , 91.97 , 44.29 , 69.60 , 29.37 , 42.19 , 16.97 , 9.95 , 56.82 , 59.72 , 10.16 , 114.36 , 31.79 , 46.82 , 40.18 , 296.47 , 76.73 , 161.38 , 619.56 , 96.14 , 203.57 , 323.06 , 420.35 , 95.12 , 480.43 , 221.11 , 238.17 , 215.68 , 56.48 
7/11/22, 209.87 , 28.85 , 225.57 , 80.68 , 71.77 , 107.96 , 95.01 , 92.93 , 44.43 , 69.89 , 29.53 , 42.10 , 16.86 , 9.73 , 55.78 , 58.93 , 9.91 , 112.86 , 31.46 , 46.19 , 39.79 , 293.18 , 75.82 , 160.22 , 605.00 , 95.21 , 205.06 , 324.19 , 419.07 , 94.71 , 475.51 , 219.75 , 238.56 , 215.83 , 55.94 
7/12/22, 206.50 , 28.42 , 222.36 , 79.95 , 71.98 , 107.67 , 94.37 , 92.82 , 44.23 , 69.50 , 29.44 , 41.74 , 16.65 , 9.68 , 55.00 , 59.05 , 10.04 , 112.97 , 31.36 , 46.13 , 39.60 , 292.53 , 75.94 , 157.09 , 603.29 , 94.02 , 204.82 , 322.86 , 413.99 , 94.50 , 468.88 , 216.63 , 232.19 , 212.19 , 55.05 
7/13/22, 206.71 , 28.23 , 221.47 , 80.26 , 71.20 , 107.24 , 93.90 , 92.53 , 43.60 , 69.20 , 29.08 , 41.64 , 16.60 , 9.86 , 55.03 , 58.72 , 9.85 , 111.91 , 30.84 , 45.50 , 39.07 , 290.15 , 74.98 , 154.31 , 596.38 , 91.40 , 204.15 , 323.37 , 408.00 , 91.81 , 465.20 , 213.39 , 227.02 , 208.24 , 54.58 
7/14/22, 205.52 , 28.18 , 221.70 , 80.13 , 71.86 , 106.95 , 94.27 , 92.84 , 44.15 , 69.31 , 29.12 , 41.10 , 16.58 , 9.66 , 54.85 , 57.80 , 10.12 , 108.00 , 30.13 , 44.14 , 38.74 , 281.59 , 74.69 , 150.96 , 588.63 , 89.63 , 205.91 , 325.03 , 400.31 , 90.08 , 458.99 , 210.45 , 221.91 , 204.15 , 54.04 
7/15/22, 209.13 , 28.86 , 227.89 , 78.71 , 72.33 , 107.43 , 95.22 , 93.40 , 44.23 , 69.96 , 29.61 , 41.59 , 16.76 , 9.82 , 55.70 , 58.86 , 10.43 , 112.95 , 32.25 , 49.98 , 41.13 , 293.87 , 78.05 , 153.42 , 600.37 , 93.00 , 210.04 , 332.57 , 398.38 , 91.23 , 461.20 , 212.77 , 223.84 , 204.63 , 54.15 
7/18/22, 210.22 , 28.83 , 229.06 , 77.51 , 71.69 , 105.43 , 93.37 , 91.63 , 43.76 , 68.55 , 29.56 , 42.46 , 16.93 , 10.09 , 56.96 , 60.51 , 10.74 , 111.79 , 32.26 , 50.07 , 41.19 , 301.26 , 78.86 , 154.67 , 597.53 , 93.15 , 207.21 , 331.01 , 387.28 , 89.80 , 449.26 , 209.79 , 220.12 , 201.83 , 53.02 
7/19/22, 216.90 , 29.72 , 236.19 , 78.93 , 71.75 , 105.54 , 93.59 , 92.22 , 43.70 , 68.86 , 29.75 , 43.15 , 17.31 , 10.43 , 58.36 , 62.64 , 10.88 , 114.56 , 33.35 , 52.13 , 42.90 , 318.05 , 81.65 , 160.19 , 628.34 , 98.97 , 213.66 , 340.38 , 390.38 , 93.82 , 457.39 , 214.68 , 225.64 , 207.12 , 54.63 
7/20/22, 214.45 , 29.73 , 237.87 , 78.32 , 70.94 , 102.99 , 92.71 , 90.64 , 43.10 , 67.60 , 29.38 , 43.08 , 17.32 , 10.47 , 58.43 , 63.18 , 10.70 , 114.54 , 33.36 , 52.45 , 42.72 , 321.45 , 81.81 , 160.15 , 634.73 , 101.10 , 213.37 , 341.27 , 395.22 , 94.83 , 456.07 , 216.72 , 224.37 , 208.90 , 54.63 
7/21/22, 211.90 , 30.99 , 242.11 , 78.87 , 70.85 , 103.54 , 92.79 , 90.82 , 43.26 , 67.70 , 29.32 , 42.96 , 17.66 , 10.36 , 58.40 , 62.70 , 10.51 , 115.32 , 33.65 , 52.59 , 43.28 , 326.54 , 83.02 , 161.61 , 639.31 , 97.88 , 216.19 , 346.92 , 395.20 , 94.89 , 453.80 , 216.89 , 224.09 , 208.75 , 55.24 
7/22/22, 213.40 , 30.89 , 243.10 , 80.25 , 71.94 , 104.98 , 94.35 , 92.44 , 44.02 , 68.67 , 29.70 , 42.91 , 17.65 , 10.25 , 57.99 , 61.71 , 10.83 , 114.76 , 33.43 , 51.91 , 43.17 , 323.93 , 82.43 , 161.76 , 633.64 , 96.43 , 213.70 , 343.88 , 394.74 , 94.21 , 451.85 , 216.76 , 225.13 , 208.73 , 54.77 
7/25/22, 217.36 , 31.35 , 246.90 , 80.98 , 72.69 , 105.98 , 95.80 , 94.09 , 44.42 , 69.46 , 30.10 , 44.01 , 18.02 , 10.60 , 59.14 , 64.15 , 10.76 , 115.22 , 33.73 , 52.16 , 43.50 , 324.12 , 82.55 , 164.70 , 636.15 , 97.26 , 214.27 , 344.21 , 399.80 , 94.57 , 453.32 , 218.80 , 226.30 , 210.58 , 54.92 
7/26/22, 215.97 , 31.16 , 244.61 , 79.91 , 73.51 , 107.02 , 96.42 , 95.36 , 44.70 , 70.21 , 30.50 , 43.82 , 18.00 , 10.65 , 60.04 , 65.41 , 11.00 , 113.42 , 33.05 , 51.40 , 42.90 , 318.55 , 80.79 , 161.72 , 622.94 , 93.60 , 212.49 , 341.28 , 396.81 , 90.24 , 444.65 , 217.63 , 223.75 , 210.54 , 54.80 
7/27/22, 219.89 , 31.83 , 243.24 , 80.38 , 73.26 , 106.52 , 96.29 , 95.69 , 44.46 , 70.25 , 30.55 , 44.60 , 18.06 , 10.95 , 60.29 , 66.62 , 11.00 , 115.24 , 33.59 , 52.35 , 43.71 , 324.54 , 82.51 , 163.00 , 643.32 , 97.72 , 210.47 , 343.27 , 398.54 , 90.27 , 445.81 , 219.85 , 223.90 , 210.37 , 54.54 
7/28/22, 223.74 , 31.71 , 244.83 , 84.54 , 75.84 , 108.95 , 97.62 , 98.48 , 46.27 , 72.21 , 31.50 , 44.71 , 18.04 , 11.18 , 60.37 , 67.35 , 11.04 , 114.81 , 33.32 , 52.23 , 43.32 , 329.11 , 82.95 , 162.90 , 659.98 , 102.48 , 211.35 , 352.45 , 406.08 , 92.39 , 454.46 , 223.80 , 231.79 , 212.48 , 55.62 
7/29/22, 227.30 , 32.33 , 251.17 , 84.49 , 76.89 , 109.93 , 98.56 , 99.27 , 46.49 , 73.18 , 31.69 , 44.93 , 17.99 , 11.31 , 59.74 , 69.11 , 10.97 , 115.36 , 33.81 , 51.90 , 43.87 , 333.39 , 84.30 , 165.94 , 669.18 , 102.07 , 212.11 , 353.79 , 413.81 , 93.21 , 478.90 , 226.67 , 239.97 , 216.84 , 56.68 
8/1/22, 227.08 , 32.60 , 253.01 , 85.31 , 76.68 , 109.85 , 99.10 , 98.33 , 46.11 , 73.19 , 31.63 , 44.53 , 17.90 , 11.32 , 59.12 , 68.42 , 10.87 , 114.21 , 33.71 , 51.92 , 43.54 , 332.08 , 84.09 , 166.06 , 671.39 , 103.24 , 211.36 , 350.54 , 419.28 , 93.24 , 475.63 , 226.18 , 241.00 , 217.64 , 56.84 
8/2/22, 222.50 , 32.15 , 248.02 , 85.67 , 75.93 , 109.62 , 98.46 , 98.05 , 45.83 , 73.45 , 31.70 , 43.99 , 17.83 , 11.27 , 58.81 , 67.96 , 10.88 , 112.43 , 33.04 , 50.75 , 42.88 , 327.88 , 83.53 , 163.31 , 666.16 , 100.57 , 206.26 , 349.01 , 428.78 , 93.75 , 481.05 , 227.04 , 243.97 , 217.47 , 56.66 
8/3/22, 225.63 , 32.50 , 250.30 , 86.46 , 77.26 , 110.82 , 99.59 , 98.10 , 44.31 , 74.31 , 31.69 , 44.16 , 17.81 , 11.25 , 58.98 , 67.60 , 11.01 , 113.61 , 33.64 , 51.61 , 43.89 , 333.17 , 85.05 , 165.35 , 690.54 , 101.09 , 208.48 , 354.13 , 429.30 , 94.53 , 481.75 , 230.67 , 241.36 , 218.69 , 56.22 
8/4/22, 227.35 , 32.83 , 250.93 , 87.98 , 77.97 , 109.73 , 99.95 , 97.43 , 45.06 , 74.56 , 31.39 , 43.25 , 17.30 , 11.11 , 57.62 , 63.94 , 11.20 , 112.36 , 33.40 , 51.26 , 42.77 , 331.87 , 85.36 , 164.08 , 696.01 , 102.84 , 213.47 , 356.07 , 428.13 , 92.78 , 478.04 , 229.16 , 237.85 , 228.81 , 56.21 
8/5/22, 228.62 , 33.11 , 251.02 , 87.98 , 77.27 , 109.16 , 99.46 , 97.19 , 44.77 , 73.80 , 31.47 , 42.77 , 17.47 , 10.82 , 58.55 , 63.72 , 11.10 , 115.76 , 33.96 , 51.66 , 43.76 , 334.67 , 86.13 , 167.04 , 695.93 , 101.20 , 215.87 , 357.51 , 426.41 , 93.03 , 477.59 , 228.76 , 234.58 , 227.58 , 56.19 
8/8/22, 227.86 , 32.82 , 249.74 , 87.52 , 77.19 , 109.04 , 100.08 , 98.50 , 44.98 , 73.90 , 31.58 , 43.41 , 17.68 , 10.89 , 59.21 , 65.00 , 11.24 , 114.35 , 33.49 , 51.47 , 43.19 , 334.68 , 86.03 , 166.04 , 696.27 , 102.71 , 213.32 , 352.16 , 423.86 , 91.20 , 470.05 , 225.79 , 231.75 , 223.09 , 55.94 
8/9/22, 228.49 , 32.67 , 249.34 , 88.92 , 78.25 , 109.81 , 100.57 , 98.91 , 45.40 , 74.82 , 32.08 , 43.42 , 18.04 , 10.97 , 61.38 , 67.00 , 11.28 , 115.38 , 33.92 , 52.09 , 43.40 , 336.62 , 86.36 , 165.92 , 696.51 , 100.82 , 210.26 , 346.54 , 428.55 , 91.94 , 473.73 , 227.62 , 233.50 , 225.49 , 55.63 
8/10/22, 235.76 , 34.06 , 257.57 , 89.78 , 78.29 , 110.06 , 101.34 , 98.99 , 45.53 , 75.11 , 32.07 , 43.88 , 18.14 , 11.27 , 62.26 , 67.54 , 11.56 , 118.39 , 35.07 , 53.19 , 44.33 , 347.91 , 88.89 , 169.46 , 725.21 , 107.94 , 212.10 , 353.38 , 429.99 , 93.42 , 473.14 , 230.46 , 234.68 , 227.02 , 55.26 
8/11/22, 239.25 , 34.16 , 260.21 , 89.43 , 77.90 , 108.51 , 101.20 , 98.48 , 45.70 , 74.61 , 31.91 , 44.28 , 18.59 , 11.49 , 64.96 , 70.39 , 11.66 , 120.14 , 35.91 , 54.00 , 45.25 , 351.68 , 90.20 , 171.94 , 728.65 , 106.01 , 211.08 , 350.58 , 428.85 , 93.15 , 470.31 , 231.82 , 231.29 , 227.34 , 53.87 
8/12/22, 239.95 , 34.35 , 261.84 , 90.47 , 78.12 , 110.25 , 103.78 , 99.11 , 46.17 , 75.96 , 32.50 , 43.51 , 18.69 , 11.67 , 64.35 , 69.53 , 11.57 , 122.13 , 36.30 , 54.38 , 45.94 , 353.82 , 91.66 , 174.63 , 751.83 , 108.79 , 211.33 , 354.27 , 434.24 , 95.01 , 479.58 , 237.95 , 236.74 , 230.46 , 54.80 
8/15/22, 238.17 , 34.14 , 257.06 , 91.00 , 78.37 , 110.98 , 104.56 , 100.29 , 46.70 , 76.69 , 32.69 , 42.72 , 18.57 , 11.58 , 63.48 , 68.17 , 11.71 , 122.46 , 36.25 , 54.07 , 45.75 , 355.85 , 92.02 , 173.93 , 755.82 , 108.68 , 216.42 , 359.95 , 438.01 , 96.13 , 486.87 , 241.25 , 240.03 , 232.56 , 54.92 
8/16/22, 241.35 , 34.44 , 257.61 , 90.53 , 79.07 , 112.11 , 104.46 , 100.02 , 46.69 , 77.01 , 32.83 , 43.19 , 18.65 , 11.80 , 63.30 , 68.23 , 11.51 , 123.63 , 36.64 , 54.18 , 46.06 , 354.97 , 91.82 , 175.04 , 757.07 , 107.58 , 217.14 , 359.25 , 440.16 , 95.05 , 485.50 , 241.48 , 239.33 , 233.54 , 54.56 
8/17/22, 240.89 , 34.48 , 257.80 , 90.20 , 79.25 , 112.03 , 104.33 , 100.58 , 46.25 , 76.93 , 32.51 , 42.80 , 18.57 , 11.62 , 62.96 , 67.44 , 11.90 , 122.59 , 36.41 , 53.76 , 46.14 , 353.74 , 91.35 , 173.34 , 743.22 , 106.50 , 214.52 , 355.33 , 441.59 , 94.99 , 492.51 , 242.69 , 239.88 , 236.17 , 54.15 
8/18/22, 241.91 , 34.35 , 258.60 , 90.24 , 79.72 , 112.58 , 104.37 , 100.93 , 46.31 , 76.99 , 32.59 , 43.33 , 18.93 , 11.93 , 64.30 , 70.09 , 11.70 , 121.64 , 36.28 , 53.55 , 46.14 , 354.52 , 91.73 , 173.50 , 745.22 , 107.34 , 215.25 , 357.36 , 439.35 , 94.71 , 492.88 , 243.69 , 238.38 , 236.78 , 54.31 
8/19/22, 238.52 , 33.83 , 255.75 , 89.71 , 80.16 , 113.24 , 104.94 , 100.55 , 46.14 , 76.94 , 32.65 , 43.28 , 18.72 , 11.81 , 63.95 , 68.89 , 11.63 , 118.63 , 35.48 , 52.61 , 45.35 , 349.27 , 90.01 , 170.79 , 713.85 , 103.30 , 212.82 , 354.28 , 440.03 , 93.40 , 490.75 , 241.67 , 238.43 , 235.49 , 53.74 
8/22/22, 237.51 , 33.56 , 256.91 , 88.54 , 79.11 , 112.05 , 103.41 , 99.41 , 45.35 , 76.20 , 32.03 , 42.97 , 18.56 , 11.82 , 63.50 , 67.88 , 12.17 , 116.67 , 34.72 , 51.25 , 44.41 , 342.42 , 88.46 , 166.46 , 695.05 , 101.00 , 208.61 , 345.51 , 432.33 , 91.78 , 484.19 , 234.49 , 231.20 , 234.99 , 53.03 
8/23/22, 237.64 , 33.63 , 258.30 , 87.98 , 78.79 , 111.03 , 102.70 , 98.76 , 45.07 , 75.35 , 31.91 , 43.72 , 18.89 , 12.18 , 64.80 , 69.71 , 12.27 , 115.52 , 34.41 , 50.95 , 44.37 , 340.18 , 88.30 , 166.49 , 696.97 , 102.35 , 206.80 , 340.89 , 433.12 , 92.43 , 482.88 , 234.00 , 232.14 , 236.14 , 53.15 
8/24/22, 238.29 , 33.62 , 259.82 , 88.71 , 78.87 , 110.93 , 102.66 , 98.88 , 45.49 , 75.41 , 32.27 , 44.11 , 19.20 , 12.29 , 66.11 , 71.26 , 12.35 , 115.80 , 34.52 , 51.01 , 44.64 , 341.94 , 88.60 , 167.40 , 700.42 , 102.76 , 206.67 , 339.71 , 433.71 , 93.31 , 488.89 , 234.49 , 233.08 , 239.33 , 53.58 
8/25/22, 239.07 , 33.98 , 262.99 , 89.39 , 79.12 , 110.70 , 103.38 , 99.46 , 45.82 , 76.08 , 32.37 , 44.38 , 19.26 , 12.36 , 66.65 , 72.20 , 12.26 , 118.55 , 35.14 , 52.06 , 45.39 , 346.49 , 89.91 , 168.90 , 710.60 , 105.44 , 209.82 , 344.67 , 438.64 , 96.13 , 494.48 , 238.01 , 238.44 , 241.58 , 54.31 
8/26/22, 231.27 , 32.63 , 252.99 , 88.06 , 78.20 , 108.73 , 101.82 , 98.53 , 44.71 , 74.93 , 31.75 , 43.57 , 18.99 , 12.14 , 64.84 , 70.21 , 12.27 , 114.67 , 34.03 , 49.78 , 43.97 , 336.40 , 86.81 , 162.19 , 676.44 , 98.55 , 202.89 , 331.96 , 431.13 , 93.52 , 485.13 , 232.59 , 234.06 , 236.20 , 53.05 
8/29/22, 232.41 , 32.72 , 251.85 , 87.02 , 78.68 , 109.20 , 102.93 , 99.21 , 45.00 , 75.62 , 32.09 , 43.93 , 18.94 , 12.30 , 64.50 , 71.11 , 11.83 , 114.39 , 33.90 , 49.37 , 43.92 , 333.92 , 85.35 , 160.12 , 675.89 , 96.19 , 202.33 , 329.35 , 429.68 , 92.12 , 485.81 , 233.70 , 233.28 , 235.73 , 53.08 
8/30/22, 225.24 , 31.67 , 244.77 , 85.70 , 77.58 , 107.68 , 101.34 , 98.30 , 44.06 , 74.69 , 31.65 , 42.64 , 18.48 , 11.81 , 63.03 , 68.10 , 11.75 , 114.41 , 34.09 , 49.08 , 44.14 , 333.63 , 84.43 , 159.30 , 672.72 , 95.62 , 201.38 , 327.81 , 425.11 , 90.83 , 480.93 , 231.12 , 231.24 , 231.57 , 52.50 
8/31/22, 224.51 , 31.65 , 243.13 , 85.06 , 77.07 , 106.91 , 100.20 , 97.74 , 43.91 , 74.25 , 31.53 , 41.22 , 18.32 , 11.71 , 61.23 , 68.23 , 11.60 , 113.73 , 33.61 , 48.81 , 43.71 , 332.67 , 85.22 , 158.00 , 666.39 , 93.94 , 198.71 , 324.37 , 420.11 , 89.75 , 477.99 , 228.93 , 228.19 , 230.26 , 52.13 
9/1/22, 226.06 , 31.61 , 241.13 , 86.26 , 78.77 , 108.19 , 102.38 , 99.44 , 44.45 , 75.42 , 31.95 , 41.01 , 18.17 , 11.73 , 59.52 , 67.64 , 11.84 , 114.51 , 33.47 , 48.75 , 43.70 , 333.50 , 86.17 , 158.45 , 664.85 , 94.15 , 200.13 , 325.25 , 422.61 , 88.03 , 480.32 , 225.37 , 227.49 , 227.48 , 51.73 
9/2/22, 223.94 , 31.24 , 239.26 , 85.11 , 77.87 , 107.00 , 101.09 , 98.48 , 44.08 , 74.41 , 31.78 , 41.34 , 18.22 , 11.75 , 60.55 , 69.62 , 11.66 , 113.71 , 33.43 , 48.84 , 43.38 , 331.48 , 86.40 , 157.25 , 658.06 , 93.82 , 197.76 , 322.56 , 418.57 , 87.59 , 476.95 , 224.88 , 227.20 , 226.80 , 51.42 
9/6/22, 227.98 , 31.49 , 239.91 , 87.37 , 77.78 , 106.76 , 101.56 , 97.75 , 43.89 , 74.44 , 31.70 , 40.83 , 17.77 , 11.54 , 59.56 , 68.05 , 11.56 , 113.74 , 33.06 , 48.22 , 42.88 , 326.49 , 85.13 , 156.37 , 661.63 , 94.09 , 198.64 , 324.08 , 417.78 , 87.16 , 479.74 , 224.55 , 229.77 , 229.08 , 51.48 
9/7/22, 228.79 , 31.89 , 243.22 , 90.24 , 79.75 , 110.25 , 104.74 , 101.23 , 45.11 , 76.98 , 32.67 , 41.18 , 17.85 , 11.47 , 60.38 , 68.18 , 11.65 , 115.90 , 33.57 , 48.63 , 43.84 , 330.56 , 86.86 , 159.61 , 674.22 , 96.34 , 200.42 , 328.62 , 420.14 , 87.45 , 487.78 , 227.74 , 233.15 , 232.65 , 54.07 
9/8/22, 230.34 , 32.21 , 245.93 , 90.27 , 79.41 , 109.20 , 103.98 , 100.66 , 45.37 , 76.59 , 32.70 , 41.13 , 18.03 , 11.58 , 61.31 , 70.14 , 11.95 , 118.60 , 34.65 , 49.90 , 45.23 , 335.38 , 88.44 , 162.85 , 691.92 , 96.90 , 200.71 , 330.07 , 419.65 , 86.56 , 489.73 , 227.69 , 233.72 , 232.19 , 53.00 
9/9/22, 231.88 , 32.63 , 249.85 , 89.90 , 79.52 , 109.88 , 104.71 , 100.85 , 45.84 , 76.98 , 32.85 , 41.82 , 18.31 , 11.91 , 62.49 , 71.86 , 12.11 , 119.17 , 34.94 , 50.67 , 45.33 , 340.10 , 89.46 , 164.34 , 695.46 , 99.67 , 205.20 , 335.85 , 421.53 , 88.04 , 491.41 , 231.61 , 236.14 , 235.30 , 54.42 
9/12/22, 234.16 , 32.84 , 250.58 , 90.81 , 80.15 , 110.88 , 105.18 , 101.92 , 46.11 , 77.41 , 33.10 , 42.93 , 18.74 , 12.12 , 63.87 , 72.72 , 11.88 , 120.58 , 35.27 , 50.87 , 45.53 , 342.58 , 90.15 , 166.28 , 696.81 , 100.82 , 206.63 , 338.42 , 418.64 , 87.80 , 482.30 , 235.44 , 234.75 , 235.00 , 54.60 
9/13/22, 226.29 , 31.56 , 243.30 , 88.86 , 78.23 , 108.19 , 102.20 , 98.82 , 44.02 , 75.08 , 32.35 , 41.98 , 18.17 , 11.68 , 61.68 , 69.06 , 12.36 , 116.39 , 34.00 , 49.00 , 43.22 , 328.39 , 87.05 , 160.85 , 644.91 , 94.37 , 199.67 , 325.44 , 409.33 , 83.72 , 468.93 , 227.98 , 226.33 , 229.29 , 53.07 
9/14/22, 217.95 , 31.23 , 238.04 , 88.88 , 79.43 , 109.27 , 103.32 , 99.97 , 44.35 , 75.31 , 32.75 , 42.20 , 18.53 , 12.01 , 63.44 , 72.45 , 12.28 , 116.12 , 33.87 , 48.43 , 43.28 , 327.26 , 87.18 , 162.41 , 643.58 , 95.36 , 199.41 , 325.85 , 416.63 , 86.40 , 484.88 , 230.73 , 233.96 , 232.87 , 54.28 
9/15/22, 218.36 , 30.17 , 238.86 , 86.01 , 77.29 , 106.28 , 100.19 , 97.64 , 43.24 , 73.38 , 32.18 , 41.87 , 18.33 , 12.03 , 62.46 , 72.15 , 11.85 , 117.87 , 34.51 , 48.44 , 44.14 , 331.62 , 88.26 , 165.05 , 632.34 , 94.70 , 195.37 , 316.96 , 413.59 , 85.61 , 485.08 , 228.46 , 228.43 , 232.30 , 53.91 
9/16/22, 212.00 , 29.49 , 233.98 , 84.79 , 77.25 , 106.11 , 100.36 , 97.41 , 43.21 , 73.90 , 32.04 , 40.99 , 17.85 , 11.81 , 60.22 , 68.74 , 11.92 , 117.08 , 34.12 , 48.11 , 43.94 , 326.21 , 87.43 , 163.83 , 626.74 , 92.18 , 193.30 , 315.13 , 414.29 , 85.20 , 485.20 , 227.45 , 230.01 , 232.11 , 52.65 
9/19/22, 216.20 , 29.88 , 236.09 , 86.84 , 78.27 , 106.81 , 101.11 , 98.47 , 43.39 , 74.53 , 32.46 , 41.35 , 18.05 , 11.90 , 60.90 , 69.36 , 11.88 , 118.16 , 34.69 , 48.24 , 44.32 , 328.66 , 88.72 , 165.31 , 634.73 , 95.15 , 193.13 , 314.03 , 416.52 , 84.95 , 488.07 , 229.03 , 230.07 , 234.61 , 53.27 
9/20/22, 213.27 , 29.47 , 229.59 , 85.69 , 77.22 , 105.64 , 99.76 , 97.37 , 42.78 , 73.48 , 31.99 , 40.71 , 17.90 , 11.93 , 59.70 , 68.52 , 11.75 , 115.83 , 34.17 , 47.25 , 43.41 , 323.26 , 87.19 , 163.83 , 622.31 , 90.94 , 192.07 , 313.27 , 420.58 , 85.15 , 494.00 , 229.11 , 228.47 , 232.81 , 52.64 
9/21/22, 211.89 , 29.14 , 227.89 , 83.97 , 76.13 , 104.29 , 98.57 , 96.24 , 42.10 , 72.50 , 31.95 , 40.14 , 17.52 , 11.86 , 58.43 , 66.89 , 11.43 , 112.49 , 33.15 , 46.33 , 42.27 , 320.71 , 86.36 , 158.45 , 608.09 , 88.77 , 187.02 , 304.50 , 420.20 , 84.32 , 492.87 , 228.20 , 228.72 , 232.58 , 52.03 
9/22/22, 209.17 , 28.57 , 224.71 , 83.54 , 75.94 , 104.68 , 98.88 , 96.42 , 41.68 , 72.45 , 31.66 , 40.07 , 17.32 , 11.32 , 57.62 , 65.45 , 10.65 , 111.21 , 32.50 , 45.58 , 41.52 , 312.92 , 84.77 , 154.67 , 600.50 , 85.40 , 185.79 , 298.36 , 422.08 , 83.45 , 496.46 , 228.09 , 226.01 , 235.50 , 51.60 
9/23/22, 203.97 , 27.68 , 217.65 , 82.52 , 74.99 , 103.71 , 97.74 , 95.47 , 41.67 , 71.56 , 31.56 , 38.03 , 16.53 , 10.54 , 52.76 , 59.75 , 10.18 , 109.14 , 31.73 , 44.26 , 40.41 , 301.97 , 81.51 , 151.92 , 591.39 , 83.50 , 183.96 , 293.58 , 413.07 , 82.03 , 478.82 , 221.90 , 220.39 , 230.27 , 50.62 
9/26/22, 200.86 , 27.43 , 214.76 , 81.15 , 73.15 , 100.84 , 95.63 , 93.17 , 40.58 , 69.95 , 30.51 , 37.21 , 16.09 , 10.22 , 50.58 , 57.28 , 10.21 , 106.79 , 31.03 , 42.99 , 40.01 , 294.62 , 79.76 , 148.74 , 584.65 , 83.16 , 180.59 , 290.11 , 407.65 , 81.09 , 474.37 , 220.43 , 215.67 , 226.86 , 50.52 
9/27/22, 197.25 , 27.22 , 213.84 , 81.08 , 71.72 , 98.32 , 92.86 , 90.77 , 40.15 , 68.37 , 29.89 , 37.51 , 16.33 , 10.49 , 50.98 , 58.20 , 10.61 , 105.85 , 30.57 , 42.59 , 40.03 , 291.38 , 79.48 , 148.03 , 578.60 , 81.95 , 177.87 , 286.48 , 399.74 , 81.00 , 474.14 , 218.67 , 212.56 , 224.90 , 50.75 
9/28/22, 201.83 , 27.63 , 216.72 , 82.37 , 72.52 , 99.61 , 93.56 , 90.82 , 39.68 , 68.91 , 30.15 , 38.48 , 16.84 , 11.11 , 52.94 , 61.10 , 10.54 , 107.99 , 31.07 , 43.40 , 40.81 , 300.79 , 81.47 , 151.59 , 585.43 , 86.01 , 179.18 , 290.18 , 400.00 , 83.30 , 483.69 , 220.45 , 214.57 , 225.35 , 51.47 
9/29/22, 199.20 , 27.19 , 214.55 , 79.97 , 69.38 , 95.10 , 89.07 , 87.66 , 37.75 , 65.36 , 28.84 , 37.70 , 16.72 , 10.97 , 51.98 , 60.80 , 10.52 , 106.16 , 30.66 , 42.39 , 40.50 , 296.11 , 79.86 , 150.73 , 563.92 , 84.46 , 180.06 , 286.77 , 389.79 , 82.34 , 470.48 , 214.43 , 209.35 , 223.33 , 50.85 
9/30/22, 194.82 , 26.64 , 209.65 , 78.41 , 68.00 , 93.02 , 86.45 , 85.76 , 37.46 , 64.00 , 28.18 , 37.10 , 16.64 , 11.03 , 51.24 , 60.34 , 10.93 , 104.50 , 30.20 , 41.67 , 40.22 , 293.05 , 79.01 , 149.42 , 550.28 , 83.70 , 177.65 , 284.34 , 386.29 , 81.86 , 470.32 , 212.17 , 207.83 , 221.50 , 50.37 
10/3/22, 200.26 , 27.42 , 216.80 , 81.19 , 69.73 , 95.33 , 88.23 , 87.66 , 38.48 , 65.54 , 28.84 , 38.45 , 17.10 , 11.34 , 53.55 , 62.98 , 11.33 , 107.73 , 31.09 , 42.56 , 41.58 , 299.15 , 80.38 , 153.80 , 572.72 , 86.49 , 181.65 , 290.48 , 399.74 , 83.11 , 485.71 , 220.53 , 217.40 , 227.08 , 51.70 
10/4/22, 205.38 , 28.12 , 223.17 , 82.82 , 70.69 , 97.12 , 90.66 , 89.11 , 40.01 , 66.47 , 29.43 , 39.42 , 17.67 , 11.73 , 56.32 , 65.37 , 11.34 , 112.77 , 32.38 , 44.41 , 43.54 , 314.87 , 83.97 , 160.64 , 591.30 , 93.52 , 185.65 , 301.27 , 406.11 , 85.53 , 490.28 , 226.64 , 224.12 , 232.19 , 53.56 
10/5/22, 200.62 , 27.82 , 221.02 , 81.77 , 68.73 , 94.02 , 87.70 , 86.30 , 38.70 , 64.33 , 28.81 , 38.93 , 17.70 , 11.85 , 56.52 , 66.13 , 11.26 , 110.39 , 31.92 , 43.84 , 43.31 , 309.00 , 83.11 , 159.23 , 583.15 , 92.04 , 187.67 , 304.20 , 402.51 , 85.21 , 484.45 , 226.68 , 220.84 , 233.01 , 52.37 
10/6/22, 198.21 , 27.36 , 218.93 , 78.91 , 65.73 , 90.77 , 84.51 , 84.00 , 37.76 , 61.82 , 27.34 , 37.19 , 17.39 , 11.55 , 55.63 , 64.87 , 11.12 , 108.14 , 31.46 , 43.06 , 42.24 , 304.67 , 81.31 , 155.71 , 571.61 , 91.61 , 185.59 , 299.23 , 399.61 , 84.28 , 485.23 , 223.41 , 220.50 , 231.82 , 52.64 
10/7/22, 195.62 , 26.77 , 214.57 , 76.73 , 64.12 , 89.07 , 82.99 , 81.58 , 36.96 , 59.86 , 26.81 , 37.05 , 17.24 , 11.54 , 54.53 , 63.77 , 10.91 , 105.98 , 30.75 , 42.19 , 41.79 , 301.08 , 78.93 , 151.34 , 550.40 , 86.38 , 183.83 , 294.97 , 403.96 , 84.01 , 496.09 , 223.68 , 224.32 , 232.88 , 52.16 
10/10/22, 194.05 , 26.59 , 212.24 , 76.74 , 63.99 , 89.15 , 84.45 , 81.49 , 37.81 , 60.21 , 26.70 , 36.41 , 17.07 , 11.34 , 53.29 , 63.36 , 11.15 , 104.99 , 30.66 , 41.60 , 41.45 , 300.54 , 78.41 , 150.85 , 545.54 , 85.50 , 182.18 , 291.78 , 409.99 , 84.16 , 503.83 , 225.41 , 230.44 , 235.06 , 52.38 
10/11/22, 192.64 , 26.51 , 212.79 , 76.03 , 63.64 , 89.53 , 84.87 , 81.60 , 37.47 , 59.83 , 26.60 , 36.03 , 17.16 , 11.53 , 53.59 , 65.85 , 11.12 , 101.96 , 29.77 , 40.45 , 40.23 , 294.21 , 77.00 , 147.68 , 531.14 , 83.44 , 179.14 , 286.05 , 411.06 , 84.59 , 507.31 , 227.74 , 231.50 , 234.70 , 52.97 
10/12/22, 192.12 , 26.65 , 211.32 , 72.75 , 61.50 , 85.97 , 81.74 , 79.47 , 35.96 , 57.94 , 25.55 , 35.62 , 17.05 , 11.50 , 53.46 , 64.84 , 11.32 , 103.61 , 29.86 , 40.84 , 40.51 , 295.31 , 76.60 , 146.12 , 531.10 , 85.54 , 178.24 , 283.38 , 397.42 , 82.99 , 492.38 , 223.32 , 224.17 , 226.70 , 51.82 
10/13/22, 196.74 , 27.50 , 215.61 , 73.09 , 64.05 , 87.99 , 84.78 , 82.15 , 37.23 , 59.74 , 26.05 , 37.13 , 17.64 , 11.71 , 55.68 , 68.38 , 11.07 , 109.37 , 31.69 , 42.95 , 42.38 , 307.07 , 79.32 , 152.97 , 566.03 , 86.31 , 184.66 , 293.96 , 405.96 , 84.87 , 501.44 , 229.13 , 227.53 , 230.66 , 52.79 
10/14/22, 193.79 , 27.31 , 213.49 , 71.77 , 63.51 , 86.82 , 83.52 , 81.91 , 36.59 , 58.86 , 25.88 , 35.98 , 17.19 , 11.47 , 54.07 , 64.96 , 11.38 , 111.19 , 31.70 , 43.23 , 43.17 , 299.99 , 75.30 , 149.70 , 550.95 , 84.12 , 182.62 , 288.69 , 389.41 , 82.59 , 464.19 , 221.17 , 218.51 , 223.17 , 52.06 
10/17/22, 198.60 , 28.15 , 219.10 , 73.65 , 64.28 , 89.10 , 85.05 , 83.02 , 37.10 , 60.60 , 26.25 , 37.04 , 17.50 , 11.70 , 54.80 , 66.08 , 11.67 , 115.86 , 33.62 , 43.59 , 43.96 , 306.71 , 77.14 , 155.85 , 569.25 , 88.23 , 185.25 , 295.04 , 397.31 , 84.47 , 475.09 , 228.84 , 223.56 , 228.01 , 52.64 
10/18/22, 201.64 , 28.41 , 222.34 , 75.06 , 65.39 , 90.81 , 86.58 , 85.00 , 37.56 , 61.62 , 26.96 , 37.34 , 17.77 , 11.79 , 55.67 , 67.14 , 11.71 , 118.84 , 34.88 , 44.15 , 44.67 , 313.85 , 79.44 , 156.16 , 581.06 , 90.12 , 187.17 , 300.38 , 431.84 , 87.36 , 506.80 , 237.48 , 236.58 , 238.57 , 54.79 
10/19/22, 200.06 , 27.92 , 217.62 , 73.64 , 64.69 , 89.29 , 85.90 , 84.54 , 36.85 , 61.10 , 27.00 , 37.29 , 17.99 , 11.88 , 55.14 , 67.12 , 11.67 , 116.51 , 33.92 , 43.34 , 43.62 , 311.76 , 77.64 , 151.70 , 577.90 , 87.74 , 186.41 , 297.76 , 439.96 , 87.63 , 510.91 , 239.37 , 237.61 , 243.14 , 54.66 
10/20/22, 186.45 , 27.08 , 204.87 , 70.64 , 63.50 , 87.23 , 83.93 , 83.42 , 35.54 , 59.73 , 26.60 , 37.17 , 17.12 , 11.89 , 55.07 , 65.77 , 11.80 , 116.13 , 33.70 , 42.92 , 43.65 , 310.81 , 76.60 , 147.98 , 572.36 , 84.04 , 187.22 , 296.28 , 444.34 , 87.24 , 512.44 , 237.44 , 239.00 , 243.01 , 54.27 
10/21/22, 190.53 , 27.54 , 208.04 , 71.65 , 64.50 , 88.46 , 85.63 , 84.87 , 36.72 , 60.90 , 27.01 , 37.88 , 17.52 , 12.09 , 56.60 , 67.79 , 11.83 , 122.23 , 34.95 , 44.26 , 44.83 , 325.10 , 79.22 , 156.37 , 597.26 , 85.43 , 190.37 , 302.37 , 454.61 , 88.54 , 522.66 , 242.60 , 247.20 , 249.89 , 55.45 
10/24/22, 193.49 , 28.16 , 213.23 , 73.28 , 64.59 , 88.69 , 86.00 , 84.69 , 36.87 , 61.58 , 27.21 , 37.69 , 17.28 , 12.07 , 56.31 , 66.27 , 11.86 , 122.38 , 35.07 , 44.41 , 45.20 , 328.70 , 79.43 , 160.44 , 611.44 , 86.27 , 190.71 , 305.60 , 457.46 , 89.73 , 525.96 , 243.81 , 248.11 , 252.08 , 55.72 
10/25/22, 194.61 , 28.76 , 215.77 , 75.86 , 65.72 , 90.24 , 87.42 , 85.85 , 37.76 , 62.40 , 27.65 , 38.13 , 17.51 , 12.04 , 57.59 , 66.72 , 11.95 , 122.70 , 35.39 , 45.32 , 45.37 , 332.40 , 80.51 , 163.22 , 635.94 , 91.55 , 194.38 , 311.41 , 460.15 , 88.36 , 526.75 , 245.75 , 248.23 , 252.71 , 55.96 
10/26/22, 195.78 , 28.77 , 222.12 , 75.60 , 65.64 , 90.81 , 87.45 , 85.74 , 37.61 , 62.57 , 27.60 , 38.63 , 17.73 , 12.28 , 58.44 , 67.31 , 12.10 , 124.11 , 35.70 , 45.41 , 45.70 , 335.69 , 80.91 , 161.72 , 637.80 , 92.74 , 203.33 , 319.51 , 462.56 , 90.52 , 530.99 , 245.70 , 249.99 , 251.27 , 55.87 
10/27/22, 196.04 , 28.81 , 223.59 , 75.47 , 65.17 , 91.04 , 87.18 , 86.42 , 37.70 , 63.25 , 27.99 , 39.05 , 17.99 , 12.44 , 58.90 , 67.90 , 11.88 , 124.60 , 35.87 , 45.44 , 45.65 , 337.18 , 80.69 , 161.00 , 648.98 , 93.45 , 204.29 , 319.37 , 471.93 , 91.80 , 535.51 , 248.00 , 252.80 , 253.65 , 55.86 
10/28/22, 198.65 , 29.22 , 229.14 , 79.03 , 66.34 , 94.00 , 89.40 , 88.45 , 38.76 , 65.37 , 28.81 , 39.05 , 17.77 , 12.53 , 59.72 , 67.16 , 11.97 , 126.08 , 36.18 , 46.13 , 46.35 , 341.82 , 82.22 , 162.87 , 663.75 , 93.18 , 209.34 , 329.47 , 484.87 , 95.08 , 548.11 , 250.72 , 248.74 , 257.36 , 57.43 
10/31/22, 197.14 , 29.06 , 228.07 , 77.50 , 65.48 , 93.18 , 87.92 , 87.96 , 38.59 , 65.11 , 28.61 , 38.95 , 18.12 , 12.77 , 59.32 , 68.37 , 12.23 , 125.88 , 36.04 , 45.86 , 45.99 , 344.51 , 82.17 , 161.83 , 645.91 , 91.14 , 207.16 , 328.18 , 486.68 , 94.82 , 549.01 , 249.80 , 246.47 , 257.07 , 56.98 
11/1/22, 196.82 , 29.07 , 229.99 , 77.71 , 65.53 , 93.74 , 88.53 , 88.02 , 38.76 , 65.90 , 28.35 , 38.92 , 18.24 , 12.75 , 60.06 , 68.50 , 12.09 , 128.15 , 36.20 , 46.22 , 46.95 , 348.58 , 83.72 , 161.81 , 652.00 , 92.94 , 206.93 , 333.19 , 485.63 , 95.55 , 535.88 , 249.91 , 241.15 , 256.84 , 57.63 
11/2/22, 192.53 , 28.53 , 225.40 , 77.28 , 64.80 , 92.88 , 88.21 , 88.21 , 38.04 , 65.31 , 28.11 , 38.70 , 17.90 , 12.36 , 59.06 , 67.00 , 12.42 , 126.97 , 36.09 , 45.55 , 46.88 , 349.79 , 84.37 , 158.73 , 638.81 , 92.35 , 200.95 , 319.82 , 482.06 , 94.15 , 530.30 , 246.37 , 238.81 , 253.78 , 57.00 
11/3/22, 193.19 , 29.00 , 227.21 , 78.18 , 64.85 , 93.22 , 88.68 , 88.73 , 36.96 , 65.15 , 28.01 , 39.01 , 18.04 , 12.19 , 59.30 , 69.69 , 12.50 , 127.20 , 35.89 , 44.58 , 45.54 , 348.87 , 83.62 , 153.31 , 633.81 , 88.03 , 194.75 , 309.17 , 484.82 , 94.80 , 525.51 , 248.94 , 234.98 , 244.25 , 56.70 
11/4/22, 196.70 , 29.63 , 233.80 , 78.80 , 64.91 , 93.61 , 89.57 , 90.04 , 37.18 , 65.55 , 28.48 , 40.20 , 18.17 , 12.30 , 60.74 , 70.37 , 12.60 , 130.68 , 36.79 , 45.13 , 46.74 , 357.91 , 84.85 , 156.50 , 656.15 , 90.04 , 196.98 , 318.37 , 481.67 , 95.22 , 522.77 , 249.36 , 229.33 , 243.95 , 56.59 
11/7/22, 196.30 , 29.96 , 235.63 , 77.29 , 63.36 , 92.23 , 88.00 , 87.65 , 36.68 , 65.25 , 27.91 , 39.93 , 18.25 , 12.39 , 61.86 , 71.34 , 12.61 , 131.37 , 37.01 , 45.73 , 47.07 , 362.56 , 85.57 , 156.70 , 676.30 , 92.18 , 200.10 , 325.13 , 488.63 , 96.17 , 534.77 , 251.58 , 230.58 , 244.34 , 57.47 
11/8/22, 204.01 , 29.98 , 236.32 , 78.27 , 63.95 , 93.20 , 89.25 , 88.29 , 37.71 , 66.09 , 28.15 , 40.14 , 18.31 , 12.27 , 62.66 , 72.19 , 12.19 , 131.45 , 37.11 , 46.12 , 47.18 , 364.02 , 85.28 , 158.66 , 686.33 , 92.95 , 201.78 , 325.75 , 494.12 , 96.27 , 540.93 , 252.54 , 236.09 , 244.53 , 56.98 
11/9/22, 203.41 , 29.43 , 230.54 , 78.20 , 63.44 , 93.45 , 87.82 , 87.67 , 37.69 , 65.61 , 28.19 , 39.27 , 17.58 , 11.97 , 60.86 , 68.31 , 12.42 , 129.74 , 36.52 , 45.36 , 45.97 , 362.00 , 83.45 , 155.55 , 669.62 , 89.99 , 193.93 , 315.64 , 485.18 , 95.13 , 533.14 , 249.52 , 237.67 , 238.79 , 58.23 
11/10/22, 212.99 , 31.22 , 242.98 , 83.20 , 65.71 , 97.10 , 91.80 , 90.95 , 39.00 , 69.11 , 29.40 , 40.91 , 18.20 , 12.32 , 63.40 , 71.59 , 12.32 , 135.08 , 38.13 , 48.42 , 47.95 , 378.31 , 88.80 , 163.85 , 759.81 , 103.52 , 205.57 , 337.27 , 490.77 , 97.84 , 531.59 , 253.48 , 239.34 , 244.17 , 62.17 
11/11/22, 217.50 , 31.94 , 250.91 , 83.31 , 65.09 , 95.17 , 89.98 , 89.12 , 39.11 , 67.49 , 29.13 , 41.82 , 18.69 , 12.20 , 64.65 , 72.64 , 12.23 , 135.30 , 38.41 , 50.19 , 47.55 , 385.17 , 90.78 , 165.76 , 774.75 , 108.77 , 205.00 , 339.29 , 463.86 , 93.65 , 492.70 , 243.13 , 224.75 , 227.58 , 60.39 
11/14/22, 216.95 , 31.80 , 251.68 , 81.66 , 64.54 , 95.45 , 88.66 , 89.33 , 38.06 , 66.83 , 29.13 , 40.16 , 18.53 , 12.03 , 64.38 , 71.91 , 12.31 , 133.91 , 37.76 , 49.02 , 46.87 , 382.36 , 89.81 , 163.29 , 741.15 , 101.41 , 206.86 , 339.37 , 462.04 , 92.95 , 481.74 , 242.82 , 217.80 , 221.12 , 58.50 
11/15/22, 210.66 , 31.31 , 248.14 , 82.91 , 65.89 , 97.13 , 89.22 , 89.70 , 38.24 , 67.39 , 29.13 , 40.37 , 18.66 , 12.04 , 65.25 , 74.19 , 12.19 , 132.94 , 37.70 , 49.03 , 46.71 , 382.88 , 90.50 , 164.14 , 740.31 , 97.61 , 209.99 , 343.51 , 467.25 , 95.79 , 500.72 , 246.14 , 221.24 , 223.21 , 59.51 
11/16/22, 212.27 , 31.24 , 249.72 , 84.32 , 65.83 , 97.94 , 89.74 , 91.34 , 38.06 , 68.32 , 29.44 , 40.43 , 18.41 , 12.11 , 64.71 , 72.15 , 12.18 , 133.12 , 37.36 , 48.37 , 46.21 , 382.33 , 89.82 , 161.65 , 727.03 , 94.04 , 210.14 , 342.76 , 466.24 , 94.35 , 505.13 , 244.87 , 221.50 , 223.94 , 59.68 
11/17/22, 209.82 , 30.95 , 245.56 , 82.35 , 64.92 , 95.52 , 89.07 , 90.81 , 37.48 , 67.14 , 29.19 , 40.32 , 18.30 , 11.95 , 63.60 , 70.97 , 12.34 , 132.54 , 37.17 , 48.25 , 45.99 , 379.78 , 88.95 , 158.80 , 721.31 , 90.51 , 210.99 , 341.27 , 472.77 , 94.53 , 518.85 , 246.52 , 221.50 , 224.02 , 58.95 
11/18/22, 210.58 , 30.88 , 246.76 , 83.20 , 65.57 , 96.79 , 91.28 , 93.53 , 38.58 , 68.38 , 29.67 , 40.35 , 18.42 , 12.17 , 64.47 , 72.33 , 12.15 , 133.84 , 37.19 , 48.66 , 46.50 , 379.20 , 89.20 , 161.16 , 720.61 , 91.68 , 210.80 , 343.69 , 476.82 , 95.36 , 520.42 , 248.22 , 224.00 , 227.31 , 59.00 
11/21/22, 212.27 , 31.29 , 249.26 , 83.60 , 65.73 , 97.04 , 93.15 , 94.15 , 38.70 , 68.68 , 29.90 , 40.20 , 18.28 , 12.16 , 63.20 , 70.63 , 12.42 , 133.05 , 37.31 , 48.88 , 46.84 , 380.21 , 89.08 , 162.66 , 723.70 , 89.85 , 206.32 , 338.25 , 480.94 , 96.20 , 527.87 , 250.58 , 225.35 , 232.69 , 59.02 
11/22/22, 213.20 , 31.92 , 251.10 , 84.11 , 65.95 , 97.68 , 93.71 , 95.22 , 39.45 , 68.85 , 30.45 , 41.01 , 18.72 , 12.49 , 65.42 , 74.03 , 12.27 , 135.04 , 37.49 , 49.33 , 47.11 , 383.87 , 89.67 , 164.98 , 733.45 , 87.80 , 210.33 , 344.96 , 479.50 , 96.85 , 524.65 , 251.52 , 225.32 , 230.41 , 59.00 
11/23/22, 212.52 , 32.07 , 251.11 , 84.92 , 66.36 , 98.54 , 95.13 , 96.67 , 39.87 , 69.20 , 30.81 , 41.45 , 18.65 , 12.43 , 65.62 , 73.39 , 12.27 , 136.48 , 37.61 , 48.24 , 47.33 , 386.25 , 89.93 , 166.50 , 736.32 , 88.52 , 211.73 , 348.64 , 481.07 , 97.13 , 522.34 , 252.29 , 226.43 , 227.58 , 60.30 
11/25/22, 213.33 , 32.02 , 252.32 , 85.34 , 66.91 , 99.62 , 95.47 , 97.50 , 40.07 , 69.63 , 31.04 , 41.74 , 18.63 , 12.36 , 65.42 , 73.31 , 12.11 , 136.74 , 37.70 , 48.29 , 47.44 , 388.86 , 90.91 , 167.65 , 737.78 , 90.00 , 213.79 , 351.29 , 483.46 , 97.47 , 527.83 , 253.77 , 228.68 , 230.36 , 60.94 
11/28/22, 208.52 , 31.70 , 248.55 , 83.73 , 65.84 , 98.61 , 95.22 , 96.54 , 40.23 , 69.39 , 30.86 , 41.20 , 18.46 , 12.15 , 63.72 , 72.29 , 12.41 , 134.35 , 36.86 , 47.23 , 46.98 , 382.36 , 89.89 , 162.61 , 721.17 , 88.10 , 211.26 , 344.59 , 483.21 , 96.90 , 524.88 , 250.49 , 225.86 , 228.91 , 60.03 
11/29/22, 212.77 , 32.17 , 253.36 , 82.49 , 65.73 , 97.94 , 94.65 , 96.30 , 40.00 , 68.85 , 30.58 , 40.86 , 18.88 , 12.41 , 64.91 , 73.72 , 12.42 , 136.56 , 37.00 , 47.57 , 47.57 , 383.71 , 91.08 , 164.37 , 714.00 , 88.21 , 209.06 , 343.13 , 484.10 , 97.43 , 528.35 , 251.22 , 225.61 , 228.02 , 60.05 
11/30/22, 217.43 , 32.69 , 256.50 , 84.70 , 67.64 , 99.93 , 96.80 , 98.04 , 41.37 , 70.22 , 31.11 , 41.29 , 19.12 , 12.54 , 66.92 , 74.39 , 12.22 , 138.18 , 37.85 , 48.41 , 47.95 , 386.15 , 93.07 , 168.26 , 716.00 , 91.53 , 217.00 , 356.40 , 485.19 , 98.72 , 533.29 , 252.39 , 227.08 , 231.96 , 60.89 
12/1/22, 215.93 , 32.68 , 256.36 , 84.83 , 67.72 , 100.31 , 96.48 , 97.85 , 41.53 , 70.19 , 31.03 , 40.96 , 19.15 , 12.44 , 67.20 , 74.95 , 12.24 , 136.24 , 36.55 , 47.78 , 46.87 , 383.81 , 93.00 , 164.80 , 722.18 , 85.04 , 217.00 , 360.80 , 483.69 , 99.50 , 530.30 , 252.27 , 225.39 , 230.90 , 61.25 
12/2/22, 214.73 , 32.05 , 254.07 , 85.20 , 67.34 , 99.52 , 95.12 , 97.35 , 41.45 , 69.14 , 30.67 , 40.61 , 19.00 , 12.53 , 67.20 , 75.19 , 12.17 , 135.16 , 36.08 , 47.24 , 45.94 , 380.58 , 92.10 , 164.23 , 712.98 , 85.16 , 217.66 , 360.06 , 496.23 , 101.01 , 545.60 , 255.74 , 230.00 , 240.68 , 62.23 
12/5/22, 211.06 , 31.35 , 247.31 , 85.15 , 67.48 , 99.13 , 94.52 , 97.37 , 41.75 , 68.68 , 30.45 , 39.92 , 18.56 , 12.18 , 65.31 , 72.00 , 11.93 , 131.37 , 34.47 , 45.64 , 43.66 , 371.54 , 89.81 , 153.11 , 712.76 , 81.97 , 213.68 , 356.09 , 490.67 , 100.68 , 541.43 , 250.91 , 224.71 , 235.84 , 61.38 
12/6/22, 211.14 , 31.16 , 242.55 , 85.18 , 68.48 , 100.51 , 96.37 , 97.56 , 42.87 , 69.32 , 30.82 , 39.39 , 18.10 , 11.94 , 63.60 , 69.65 , 11.78 , 131.59 , 33.00 , 44.98 , 43.40 , 362.91 , 87.51 , 151.86 , 710.29 , 78.73 , 209.08 , 347.53 , 484.00 , 98.73 , 531.81 , 248.28 , 218.76 , 235.71 , 60.79 
12/7/22, 212.22 , 30.91 , 241.55 , 85.29 , 68.50 , 99.58 , 96.67 , 96.59 , 42.31 , 68.87 , 30.39 , 39.26 , 18.04 , 11.91 , 63.85 , 68.57 , 11.70 , 131.50 , 32.74 , 44.67 , 42.45 , 359.92 , 87.28 , 155.10 , 709.16 , 77.64 , 207.81 , 347.42 , 481.20 , 99.04 , 540.21 , 246.21 , 217.91 , 234.32 , 59.35 
12/8/22, 213.03 , 31.52 , 245.67 , 85.76 , 68.68 , 100.45 , 97.72 , 97.59 , 41.77 , 69.81 , 30.35 , 39.23 , 17.77 , 11.70 , 64.12 , 68.27 , 11.44 , 132.88 , 32.44 , 44.69 , 42.58 , 358.08 , 88.69 , 154.34 , 703.44 , 79.05 , 209.10 , 351.17 , 485.38 , 99.49 , 540.55 , 247.68 , 217.81 , 235.24 , 60.53 
12/9/22, 211.35 , 31.42 , 244.05 , 84.51 , 68.36 , 100.35 , 96.58 , 96.53 , 41.42 , 69.84 , 30.45 , 39.13 , 17.45 , 11.42 , 63.55 , 68.62 , 11.72 , 132.16 , 32.38 , 44.86 , 42.50 , 359.14 , 89.47 , 154.08 , 706.95 , 78.48 , 208.70 , 348.83 , 483.58 , 98.27 , 528.94 , 247.04 , 215.53 , 233.36 , 59.68 
12/12/22, 215.83 , 32.22 , 253.05 , 86.55 , 71.03 , 102.32 , 98.55 , 98.35 , 42.50 , 71.59 , 31.01 , 39.35 , 17.82 , 11.70 , 65.95 , 70.42 , 11.86 , 134.21 , 32.73 , 45.77 , 42.86 , 363.18 , 91.12 , 156.70 , 709.23 , 82.47 , 214.59 , 358.17 , 486.32 , 99.56 , 535.18 , 249.62 , 217.59 , 235.43 , 60.42 
12/13/22, 218.02 , 32.74 , 257.93 , 87.15 , 71.21 , 103.10 , 98.62 , 98.51 , 42.54 , 71.60 , 30.91 , 39.81 , 18.21 , 11.91 , 66.96 , 72.74 , 11.75 , 134.08 , 32.75 , 46.59 , 42.62 , 368.69 , 92.71 , 154.03 , 724.15 , 83.44 , 213.04 , 357.15 , 480.22 , 99.89 , 525.59 , 248.73 , 216.15 , 231.95 , 59.84 
12/14/22, 217.58 , 32.67 , 258.42 , 87.05 , 71.11 , 103.30 , 98.49 , 98.44 , 42.82 , 71.25 , 30.95 , 39.71 , 18.11 , 11.79 , 66.59 , 73.27 , 11.69 , 133.41 , 32.28 , 45.98 , 42.18 , 360.38 , 90.50 , 149.62 , 711.52 , 80.60 , 213.32 , 357.51 , 485.19 , 99.95 , 531.78 , 249.02 , 218.04 , 233.38 , 59.71 
12/15/22, 212.31 , 31.77 , 252.29 , 85.81 , 70.37 , 102.51 , 95.57 , 96.98 , 42.38 , 70.62 , 30.63 , 38.93 , 17.96 , 11.66 , 64.68 , 71.11 , 11.55 , 130.10 , 31.77 , 44.62 , 41.37 , 349.83 , 87.79 , 150.18 , 698.18 , 77.40 , 207.91 , 346.25 , 478.79 , 98.49 , 528.49 , 245.14 , 216.48 , 228.51 , 58.68 
12/16/22, 210.21 , 31.65 , 250.60 , 84.14 , 69.43 , 100.34 , 94.57 , 95.17 , 41.93 , 69.92 , 30.01 , 38.37 , 17.69 , 11.66 , 64.49 , 70.10 , 11.42 , 129.29 , 31.70 , 44.35 , 41.19 , 346.35 , 86.86 , 150.39 , 700.22 , 75.39 , 206.89 , 345.84 , 481.79 , 98.34 , 529.87 , 246.14 , 213.27 , 231.27 , 58.96 
12/19/22, 206.39 , 31.18 , 247.00 , 83.52 , 68.91 , 100.23 , 94.00 , 94.85 , 41.77 , 69.40 , 29.98 , 37.90 , 17.51 , 11.56 , 63.37 , 69.04 , 11.35 , 130.06 , 32.06 , 43.93 , 41.82 , 344.61 , 85.55 , 150.16 , 692.47 , 73.48 , 204.82 , 341.26 , 481.79 , 97.54 , 532.52 , 244.30 , 205.55 , 229.57 , 57.82 
12/20/22, 205.41 , 30.73 , 242.92 , 83.52 , 69.47 , 100.21 , 93.67 , 94.59 , 42.06 , 69.49 , 29.97 , 38.49 , 17.61 , 11.68 , 63.50 , 69.78 , 11.54 , 130.69 , 32.19 , 43.81 , 40.98 , 344.49 , 85.16 , 151.68 , 691.56 , 73.09 , 205.36 , 342.95 , 486.15 , 98.18 , 529.57 , 246.62 , 205.60 , 228.80 , 57.49 
12/21/22, 208.42 , 31.22 , 246.70 , 84.65 , 70.73 , 101.92 , 95.34 , 95.72 , 42.63 , 70.41 , 30.53 , 39.29 , 17.88 , 11.95 , 65.01 , 72.08 , 11.35 , 132.16 , 32.68 , 44.81 , 41.12 , 350.16 , 86.87 , 153.90 , 712.94 , 75.84 , 206.81 , 345.69 , 487.65 , 99.76 , 538.79 , 249.97 , 206.98 , 230.41 , 58.68 
12/22/22, 208.66 , 30.97 , 245.45 , 83.34 , 70.76 , 101.95 , 94.47 , 95.16 , 42.52 , 70.03 , 30.31 , 38.83 , 17.74 , 11.81 , 64.11 , 70.71 , 11.71 , 130.66 , 32.39 , 43.99 , 40.68 , 345.58 , 86.37 , 154.29 , 703.33 , 74.34 , 205.06 , 341.52 , 479.30 , 98.51 , 531.37 , 246.59 , 204.81 , 229.03 , 58.05 
12/23/22, 209.91 , 31.25 , 247.50 , 84.17 , 71.74 , 102.99 , 95.69 , 95.85 , 43.04 , 70.93 , 30.69 , 39.49 , 18.14 , 11.96 , 65.56 , 73.36 , 11.76 , 131.28 , 32.47 , 44.26 , 40.98 , 345.51 , 86.11 , 155.02 , 703.94 , 74.91 , 205.83 , 343.60 , 483.29 , 99.30 , 534.77 , 247.90 , 206.24 , 230.07 , 58.24 
12/27/22, 210.32 , 31.24 , 249.52 , 84.00 , 72.27 , 103.67 , 96.29 , 96.55 , 43.15 , 71.57 , 30.92 , 39.66 , 18.26 , 11.90 , 66.09 , 73.89 , 11.53 , 131.74 , 32.53 , 44.39 , 41.04 , 341.97 , 85.06 , 155.96 , 703.26 , 73.68 , 206.29 , 346.16 , 485.50 , 99.66 , 541.19 , 248.74 , 206.45 , 232.09 , 58.16 
12/28/22, 206.87 , 30.84 , 245.79 , 83.16 , 71.65 , 102.90 , 95.36 , 95.97 , 42.94 , 70.57 , 30.52 , 38.81 , 17.93 , 11.67 , 64.51 , 71.95 , 11.72 , 132.46 , 32.77 , 44.62 , 41.12 , 340.87 , 84.46 , 155.86 , 700.33 , 72.16 , 204.99 , 341.95 , 483.22 , 99.14 , 540.41 , 246.97 , 204.56 , 229.31 , 57.56 
12/29/22, 209.22 , 31.24 , 248.21 , 84.08 , 72.19 , 103.84 , 96.01 , 96.49 , 43.13 , 71.07 , 30.48 , 39.27 , 18.15 , 11.86 , 65.95 , 73.64 , 11.76 , 133.22 , 33.14 , 45.16 , 41.33 , 343.43 , 85.24 , 157.83 , 716.15 , 74.75 , 208.06 , 348.21 , 487.05 , 100.33 , 542.00 , 249.23 , 206.66 , 230.97 , 57.91 
12/30/22, 207.07 , 30.98 , 246.42 , 83.60 , 71.41 , 102.99 , 94.95 , 95.31 , 43.23 , 70.11 , 29.99 , 39.10 , 18.08 , 11.87 , 65.70 , 73.50 , 11.55 , 134.10 , 33.12 , 45.23 , 41.29 , 343.38 , 85.02 , 157.94 , 708.63 , 74.19 , 207.76 , 347.73 , 486.49 , 100.92 , 545.61 , 248.11 , 208.21 , 230.68 , 58.08 
1/3/23, 207.58 , 30.88 , 247.70 , 83.83 , 71.90 , 103.70 , 94.87 , 95.76 , 43.16 , 70.07 , 29.56 , 39.03 , 18.01 , 11.62 , 63.94 , 70.65 , 11.55 , 135.12 , 33.51 , 45.78 , 41.79 , 346.22 , 85.72 , 159.52 , 712.04 , 76.13 , 207.39 , 346.80 , 477.53 , 100.81 , 540.33 , 248.60 , 206.93 , 228.35 , 57.60 
1/4/23, 209.24 , 31.28 , 250.90 , 84.49 , 72.51 , 104.81 , 95.52 , 96.59 , 43.73 , 70.67 , 29.65 , 39.77 , 18.23 , 11.66 , 64.44 , 71.03 , 11.61 , 136.38 , 34.14 , 46.96 , 42.65 , 347.70 , 86.65 , 163.73 , 721.90 , 78.01 , 212.61 , 355.15 , 476.50 , 100.84 , 526.45 , 245.22 , 206.93 , 228.16 , 57.53 
1/5/23, 203.08 , 30.91 , 247.48 , 82.63 , 70.38 , 103.26 , 93.78 , 95.29 , 42.78 , 69.24 , 28.98 , 39.61 , 18.21 , 11.93 , 64.83 , 70.93 , 11.90 , 135.35 , 34.07 , 46.75 , 42.42 , 343.76 , 85.92 , 159.37 , 701.24 , 76.59 , 211.11 , 351.77 , 477.07 , 100.88 , 528.52 , 244.62 , 206.13 , 226.95 , 56.87 
1/6/23, 212.01 , 32.20 , 255.79 , 83.65 , 71.63 , 105.18 , 96.53 , 97.83 , 43.67 , 71.29 , 29.99 , 40.52 , 18.58 , 12.15 , 66.57 , 73.10 , 11.94 , 137.94 , 34.41 , 47.31 , 42.80 , 348.08 , 87.56 , 164.21 , 738.00 , 79.22 , 217.75 , 367.67 , 473.24 , 102.46 , 521.42 , 248.25 , 206.18 , 230.11 , 58.03 
1/9/23, 211.46 , 32.14 , 254.23 , 84.07 , 71.50 , 105.19 , 97.95 , 97.72 , 44.15 , 71.98 , 30.47 , 41.00 , 18.71 , 12.31 , 67.69 , 74.92 , 11.96 , 137.37 , 33.89 , 47.54 , 42.39 , 353.00 , 87.64 , 164.28 , 752.99 , 80.58 , 218.60 , 370.97 , 458.99 , 99.60 , 495.41 , 245.21 , 201.07 , 221.56 , 57.28 
1/10/23, 212.28 , 32.40 , 254.65 , 84.54 , 71.11 , 105.43 , 97.28 , 98.09 , 43.69 , 72.11 , 30.56 , 40.98 , 18.74 , 12.39 , 69.31 , 74.39 , 12.01 , 138.60 , 34.12 , 48.19 , 42.36 , 357.36 , 88.92 , 164.94 , 757.28 , 80.53 , 221.09 , 371.01 , 462.29 , 99.92 , 495.79 , 247.54 , 201.95 , 223.97 , 57.67 
1/11/23, 214.26 , 32.45 , 256.14 , 85.00 , 71.56 , 105.66 , 97.63 , 98.61 , 44.14 , 72.78 , 31.15 , 41.31 , 18.78 , 12.53 , 70.09 , 74.65 , 12.11 , 139.63 , 34.38 , 48.71 , 42.74 , 364.48 , 89.43 , 165.84 , 755.92 , 83.07 , 222.10 , 377.86 , 463.00 , 99.59 , 492.93 , 248.69 , 199.91 , 227.03 , 59.02 
1/12/23, 214.69 , 32.49 , 254.17 , 85.07 , 70.34 , 105.08 , 96.41 , 97.53 , 43.38 , 71.95 , 31.07 , 41.92 , 18.89 , 12.64 , 70.93 , 75.41 , 12.07 , 139.49 , 34.47 , 49.09 , 42.83 , 369.94 , 90.53 , 168.82 , 753.96 , 85.06 , 223.62 , 379.81 , 461.74 , 100.68 , 487.98 , 247.70 , 199.75 , 228.47 , 58.65 
1/13/23, 213.23 , 32.42 , 255.13 , 84.68 , 70.32 , 104.98 , 94.84 , 96.49 , 43.38 , 71.17 , 31.31 , 41.76 , 18.85 , 12.67 , 70.83 , 75.40 , 12.07 , 143.01 , 35.23 , 49.92 , 44.22 , 374.00 , 91.66 , 164.00 , 753.99 , 85.04 , 223.06 , 375.52 , 449.83 , 98.68 , 461.43 , 240.29 , 197.16 , 223.07 , 57.51 
1/17/23, 214.31 , 32.60 , 256.66 , 85.74 , 70.05 , 104.22 , 94.86 , 95.49 , 43.16 , 71.09 , 31.08 , 41.68 , 18.82 , 12.62 , 70.12 , 75.14 , 12.11 , 140.80 , 34.52 , 50.31 , 44.12 , 349.92 , 97.08 , 161.85 , 749.73 , 85.88 , 223.00 , 375.00 , 447.16 , 98.43 , 455.57 , 241.14 , 194.65 , 221.55 , 57.19 
1/18/23, 209.48 , 32.23 , 254.67 , 83.80 , 67.72 , 102.25 , 92.45 , 93.34 , 42.23 , 68.76 , 30.39 , 41.19 , 18.36 , 12.51 , 68.65 , 73.42 , 12.11 , 136.57 , 33.72 , 49.43 , 43.38 , 349.09 , 96.58 , 152.07 , 747.36 , 83.99 , 219.46 , 368.92 , 441.27 , 95.74 , 446.06 , 237.00 , 192.97 , 219.33 , 56.28 
1/19/23, 205.50 , 31.55 , 249.88 , 82.59 , 66.45 , 101.97 , 91.63 , 92.48 , 42.04 , 68.00 , 30.28 , 41.38 , 18.75 , 12.60 , 69.60 , 74.87 , 12.14 , 134.75 , 33.23 , 49.37 , 42.95 , 350.75 , 94.15 , 148.02 , 729.87 , 80.52 , 220.41 , 367.94 , 439.31 , 94.24 , 442.31 , 231.55 , 191.45 , 217.71 , 55.60 
1/20/23, 208.66 , 32.01 , 253.66 , 81.82 , 67.12 , 101.82 , 92.17 , 93.79 , 42.34 , 68.55 , 30.11 , 41.86 , 18.64 , 12.76 , 69.71 , 75.66 , 12.31 , 135.08 , 33.85 , 51.09 , 43.92 , 341.84 , 96.24 , 154.87 , 741.71 , 85.01 , 224.31 , 376.28 , 443.28 , 94.36 , 450.76 , 232.79 , 192.51 , 218.10 , 56.54 
1/23/23, 210.13 , 32.05 , 256.44 , 82.67 , 66.86 , 100.99 , 92.66 , 93.55 , 41.82 , 68.01 , 30.00 , 41.88 , 18.76 , 13.01 , 69.73 , 75.60 , 12.41 , 137.27 , 34.32 , 51.98 , 45.03 , 349.14 , 97.13 , 159.34 , 748.02 , 87.83 , 224.18 , 378.57 , 441.28 , 96.25 , 450.87 , 232.45 , 194.25 , 217.94 , 57.64 
1/24/23, 203.18 , 31.86 , 255.88 , 83.90 , 66.70 , 101.37 , 92.70 , 94.05 , 41.51 , 68.34 , 30.19 , 41.53 , 18.57 , 13.07 , 69.51 , 75.09 , 12.51 , 138.45 , 34.57 , 51.42 , 44.45 , 348.33 , 95.51 , 158.42 , 752.07 , 88.22 , 223.89 , 380.01 , 449.23 , 99.47 , 459.31 , 235.45 , 194.72 , 220.15 , 58.72 
1/25/23, 200.12 , 31.05 , 242.97 , 76.59 , 67.26 , 101.42 , 92.35 , 94.45 , 41.42 , 68.56 , 30.04 , 40.47 , 18.45 , 13.15 , 69.04 , 75.31 , 12.78 , 139.12 , 34.87 , 51.90 , 45.34 , 349.63 , 95.64 , 160.18 , 751.25 , 88.86 , 224.90 , 382.39 , 454.16 , 100.01 , 463.29 , 226.88 , 197.68 , 216.86 , 60.50 
1/26/23, 201.48 , 30.15 , 241.18 , 76.40 , 67.52 , 101.34 , 92.99 , 94.88 , 41.60 , 68.80 , 30.00 , 40.65 , 18.61 , 13.50 , 69.54 , 76.05 , 12.96 , 139.98 , 35.34 , 52.19 , 45.81 , 354.97 , 96.50 , 161.93 , 758.90 , 93.81 , 224.71 , 377.24 , 459.81 , 100.25 , 443.47 , 228.11 , 196.54 , 217.54 , 60.95 
1/27/23, 202.39 , 30.08 , 238.81 , 75.58 , 68.00 , 101.58 , 93.07 , 94.91 , 41.69 , 68.43 , 29.74 , 40.84 , 18.66 , 13.36 , 68.24 , 75.35 , 12.41 , 140.32 , 35.45 , 51.86 , 46.12 , 353.70 , 96.86 , 163.17 , 759.18 , 95.86 , 231.44 , 374.03 , 459.60 , 99.60 , 437.65 , 227.49 , 212.10 , 218.22 , 61.17 
1/30/23, 200.20 , 29.88 , 238.21 , 75.05 , 67.43 , 101.64 , 92.87 , 95.05 , 41.75 , 68.10 , 29.84 , 40.53 , 18.04 , 13.10 , 67.28 , 73.84 , 12.46 , 139.13 , 35.30 , 51.75 , 46.29 , 357.46 , 95.96 , 162.86 , 747.86 , 94.90 , 229.10 , 371.12 , 460.59 , 98.71 , 439.28 , 228.07 , 211.91 , 216.67 , 60.05 
1/31/23, 204.19 , 30.92 , 245.81 , 74.63 , 67.68 , 102.45 , 93.96 , 95.31 , 42.19 , 68.77 , 30.12 , 40.97 , 18.30 , 13.28 , 68.48 , 75.02 , 12.51 , 139.96 , 35.48 , 52.22 , 46.87 , 365.81 , 97.33 , 165.43 , 759.21 , 95.96 , 230.21 , 370.60 , 463.26 , 99.85 , 448.04 , 233.06 , 214.82 , 220.54 , 60.86 
2/1/23, 207.93 , 31.59 , 248.79 , 74.24 , 68.86 , 102.54 , 94.65 , 95.45 , 42.30 , 69.61 , 30.10 , 40.72 , 18.37 , 13.07 , 68.24 , 74.58 , 12.80 , 139.59 , 35.92 , 52.15 , 47.33 , 365.71 , 98.19 , 164.79 , 762.63 , 97.21 , 230.90 , 374.08 , 462.25 , 98.42 , 442.59 , 230.45 , 215.85 , 218.36 , 60.55 
2/2/23, 213.41 , 32.64 , 254.84 , 75.60 , 68.62 , 102.04 , 94.55 , 95.16 , 41.89 , 69.56 , 29.78 , 40.59 , 18.45 , 13.28 , 68.71 , 74.77 , 12.75 , 138.94 , 36.13 , 52.22 , 47.23 , 369.47 , 99.21 , 166.17 , 770.73 , 100.03 , 229.56 , 374.94 , 457.19 , 96.96 , 440.86 , 231.41 , 212.04 , 217.71 , 61.01 
2/3/23, 210.29 , 32.27 , 252.12 , 74.67 , 67.27 , 100.58 , 92.11 , 92.93 , 40.90 , 67.98 , 29.20 , 40.57 , 18.28 , 13.28 , 68.56 , 73.41 , 12.62 , 141.09 , 36.43 , 50.95 , 47.58 , 369.95 , 99.43 , 165.39 , 757.16 , 97.13 , 230.13 , 373.91 , 459.08 , 96.48 , 440.64 , 231.54 , 210.95 , 216.97 , 60.29 
2/6/23, 208.96 , 32.05 , 246.46 , 75.51 , 67.90 , 101.81 , 92.50 , 93.55 , 40.96 , 68.80 , 29.33 , 40.49 , 18.17 , 12.98 , 68.20 , 72.53 , 12.60 , 141.92 , 36.37 , 50.86 , 47.68 , 370.80 , 98.90 , 163.00 , 742.38 , 95.72 , 229.44 , 372.97 , 469.10 , 97.64 , 448.96 , 232.35 , 212.33 , 222.01 , 60.11 
2/7/23, 209.04 , 32.29 , 247.67 , 76.08 , 67.74 , 100.82 , 92.28 , 93.25 , 40.82 , 68.88 , 29.61 , 40.75 , 18.28 , 12.85 , 69.09 , 74.60 , 12.72 , 143.65 , 36.77 , 51.13 , 48.13 , 374.40 , 99.22 , 162.94 , 740.82 , 96.71 , 231.32 , 375.06 , 468.33 , 97.87 , 452.15 , 231.96 , 212.43 , 225.31 , 60.55 
2/8/23, 207.14 , 31.95 , 246.62 , 75.03 , 66.45 , 99.18 , 90.38 , 91.77 , 40.24 , 67.85 , 29.04 , 39.54 , 18.22 , 12.78 , 68.75 , 75.17 , 12.52 , 142.64 , 36.50 , 51.15 , 48.25 , 375.10 , 98.96 , 161.56 , 729.86 , 94.62 , 230.20 , 370.35 , 469.65 , 97.65 , 456.06 , 229.12 , 211.94 , 225.70 , 59.51 
2/9/23, 202.81 , 31.13 , 238.98 , 73.27 , 65.78 , 97.55 , 88.48 , 90.19 , 39.99 , 67.32 , 28.65 , 39.31 , 17.99 , 12.76 , 67.97 , 74.38 , 12.73 , 140.42 , 35.72 , 49.98 , 47.57 , 367.99 , 98.05 , 158.88 , 715.97 , 91.87 , 229.35 , 370.42 , 470.09 , 97.85 , 453.85 , 228.66 , 210.36 , 220.45 , 59.00 
2/10/23, 205.50 , 31.57 , 242.61 , 74.74 , 66.88 , 99.11 , 90.55 , 92.36 , 40.71 , 68.48 , 29.31 , 40.59 , 18.36 , 12.84 , 69.45 , 76.75 , 12.84 , 141.04 , 35.58 , 50.11 , 47.51 , 371.28 , 98.44 , 159.34 , 723.51 , 93.13 , 227.20 , 366.83 , 480.83 , 100.61 , 463.86 , 233.22 , 215.66 , 221.33 , 59.73 
2/13/23, 206.05 , 31.63 , 239.71 , 75.62 , 67.13 , 100.04 , 91.09 , 92.80 , 41.19 , 68.71 , 29.47 , 40.90 , 18.39 , 12.95 , 69.90 , 76.64 , 13.11 , 142.57 , 35.65 , 51.00 , 48.13 , 374.02 , 99.43 , 160.98 , 736.91 , 96.44 , 228.88 , 370.83 , 481.97 , 100.56 , 464.28 , 232.88 , 214.48 , 218.94 , 59.89 
2/14/23, 204.03 , 31.44 , 235.28 , 76.03 , 66.65 , 99.47 , 90.48 , 91.10 , 42.03 , 67.98 , 29.28 , 39.77 , 18.31 , 13.09 , 69.77 , 77.22 , 13.17 , 143.20 , 35.62 , 51.61 , 48.50 , 371.78 , 100.56 , 161.13 , 729.15 , 96.77 , 229.39 , 369.96 , 481.58 , 101.37 , 467.51 , 232.07 , 212.87 , 216.19 , 59.90 
2/15/23, 203.11 , 31.67 , 238.29 , 76.94 , 66.77 , 99.26 , 90.92 , 91.20 , 42.67 , 67.90 , 29.13 , 39.51 , 18.19 , 13.14 , 69.67 , 76.50 , 13.20 , 143.80 , 35.56 , 51.82 , 47.97 , 374.34 , 100.83 , 160.00 , 724.19 , 96.63 , 228.92 , 369.64 , 480.51 , 101.46 , 460.94 , 232.47 , 213.27 , 218.41 , 60.48 
2/16/23, 200.52 , 31.11 , 230.02 , 75.69 , 65.86 , 98.29 , 90.70 , 91.66 , 42.49 , 67.26 , 29.05 , 39.16 , 18.09 , 13.05 , 69.19 , 76.08 , 13.02 , 141.82 , 35.28 , 51.46 , 47.22 , 370.20 , 99.57 , 158.30 , 713.00 , 94.44 , 225.83 , 367.55 , 471.25 , 100.97 , 465.35 , 231.30 , 211.45 , 218.92 , 60.38 
2/17/23, 201.59 , 31.21 , 228.15 , 76.07 , 66.63 , 99.49 , 92.41 , 93.25 , 43.05 , 68.01 , 29.21 , 38.90 , 17.73 , 12.87 , 67.26 , 73.94 , 12.99 , 142.24 , 35.35 , 51.42 , 47.49 , 368.50 , 99.51 , 158.59 , 716.16 , 93.52 , 223.56 , 361.13 , 475.63 , 101.51 , 470.63 , 235.26 , 214.02 , 224.54 , 60.53 
2/21/23, 193.75 , 30.59 , 224.55 , 73.66 , 65.55 , 97.68 , 90.85 , 92.73 , 42.23 , 67.20 , 28.91 , 38.08 , 17.35 , 12.74 , 66.13 , 73.29 , 13.07 , 139.63 , 34.52 , 49.84 , 46.24 , 361.12 , 97.62 , 155.48 , 695.75 , 90.73 , 220.62 , 355.96 , 479.19 , 100.65 , 473.95 , 233.52 , 212.43 , 222.02 , 59.65 
2/22/23, 191.38 , 29.99 , 221.99 , 73.68 , 65.24 , 97.47 , 90.82 , 92.41 , 41.84 , 66.69 , 28.85 , 37.80 , 17.32 , 13.00 , 66.38 , 75.56 , 13.14 , 138.56 , 34.29 , 50.04 , 46.01 , 360.89 , 97.27 , 156.30 , 687.41 , 90.90 , 220.02 , 354.97 , 479.53 , 100.51 , 478.73 , 233.65 , 212.06 , 220.75 , 59.42 
2/23/23, 193.32 , 30.65 , 223.86 , 72.87 , 64.74 , 96.84 , 90.71 , 91.58 , 41.84 , 66.33 , 28.79 , 37.85 , 17.48 , 13.01 , 67.98 , 76.47 , 13.08 , 139.67 , 34.26 , 50.38 , 46.25 , 363.54 , 97.94 , 158.10 , 691.84 , 91.02 , 221.13 , 355.53 , 479.08 , 99.64 , 476.26 , 231.37 , 209.55 , 217.31 , 59.34 
2/24/23, 194.02 , 30.75 , 224.77 , 72.92 , 64.56 , 96.92 , 90.43 , 91.26 , 41.32 , 65.81 , 28.57 , 37.82 , 17.44 , 12.86 , 67.56 , 75.76 , 13.22 , 140.93 , 34.21 , 50.18 , 46.62 , 363.85 , 97.70 , 158.49 , 683.43 , 89.06 , 219.55 , 353.12 , 480.40 , 99.62 , 470.91 , 231.95 , 210.15 , 220.75 , 60.91 
2/27/23, 212.17 , 30.77 , 225.31 , 71.86 , 64.37 , 95.81 , 90.07 , 90.85 , 41.43 , 65.40 , 28.47 , 38.02 , 17.36 , 12.76 , 67.94 , 75.26 , 13.25 , 142.16 , 34.21 , 50.47 , 46.78 , 365.53 , 96.70 , 157.70 , 683.06 , 89.93 , 220.35 , 355.48 , 479.49 , 99.16 , 470.07 , 230.62 , 210.70 , 217.38 , 61.70 
2/28/23, 207.28 , 30.49 , 224.82 , 71.03 , 63.06 , 94.26 , 87.97 , 89.35 , 40.39 , 64.57 , 27.82 , 37.52 , 17.06 , 12.66 , 65.45 , 74.10 , 13.15 , 143.35 , 34.30 , 50.69 , 46.77 , 351.65 , 96.50 , 157.92 , 689.43 , 90.80 , 219.94 , 355.29 , 474.26 , 98.09 , 464.11 , 227.91 , 211.19 , 215.20 , 61.11 
3/1/23, 207.99 , 30.86 , 225.41 , 69.87 , 62.32 , 91.91 , 86.36 , 88.15 , 39.75 , 63.27 , 27.36 , 38.01 , 17.26 , 12.79 , 66.16 , 76.29 , 13.39 , 142.55 , 34.14 , 51.50 , 46.68 , 346.23 , 96.19 , 155.21 , 680.56 , 89.78 , 218.36 , 353.50 , 474.33 , 98.04 , 462.55 , 227.69 , 210.08 , 215.73 , 62.33 
3/2/23, 211.36 , 31.28 , 228.61 , 72.21 , 63.67 , 93.77 , 87.99 , 89.61 , 40.38 , 64.34 , 27.99 , 38.66 , 17.46 , 12.95 , 66.67 , 77.25 , 13.41 , 141.07 , 33.49 , 51.40 , 45.80 , 349.10 , 96.08 , 150.24 , 685.91 , 89.06 , 219.06 , 355.57 , 478.31 , 99.00 , 468.27 , 230.25 , 212.18 , 217.52 , 62.45 
3/3/23, 209.36 , 31.15 , 228.39 , 73.83 , 64.81 , 95.39 , 89.09 , 90.69 , 41.38 , 65.10 , 28.41 , 38.86 , 17.65 , 13.05 , 67.85 , 79.24 , 13.34 , 143.66 , 34.16 , 52.35 , 46.85 , 357.09 , 98.33 , 152.89 , 695.24 , 91.22 , 223.77 , 361.50 , 477.89 , 99.02 , 467.38 , 231.04 , 214.16 , 218.50 , 63.14 
3/6/23, 208.83 , 30.54 , 222.42 , 74.40 , 65.23 , 95.98 , 89.37 , 91.63 , 41.49 , 65.05 , 28.52 , 38.82 , 17.62 , 13.20 , 68.65 , 78.47 , 13.17 , 142.82 , 34.09 , 52.18 , 46.63 , 357.05 , 98.38 , 152.68 , 688.39 , 91.52 , 226.75 , 366.93 , 480.17 , 99.51 , 470.22 , 232.60 , 213.91 , 216.83 , 61.81 
3/7/23, 205.40 , 29.69 , 215.18 , 73.75 , 64.33 , 93.52 , 88.63 , 90.66 , 41.00 , 63.61 , 27.81 , 38.33 , 17.35 , 13.13 , 67.52 , 77.03 , 13.15 , 138.62 , 33.00 , 51.08 , 44.45 , 346.08 , 96.06 , 145.72 , 674.66 , 89.47 , 223.17 , 359.94 , 478.66 , 98.18 , 472.20 , 229.99 , 211.84 , 214.00 , 61.75 
3/8/23, 203.57 , 30.27 , 216.31 , 74.25 , 64.73 , 94.67 , 89.30 , 91.69 , 41.25 , 64.40 , 27.98 , 38.39 , 17.32 , 13.16 , 67.09 , 76.45 , 12.94 , 137.80 , 32.56 , 50.68 , 43.84 , 349.29 , 95.90 , 145.13 , 674.36 , 91.51 , 222.19 , 359.03 , 479.50 , 97.40 , 465.25 , 227.06 , 207.93 , 212.35 , 62.74 
3/9/23, 199.57 , 29.76 , 213.21 , 73.76 , 64.55 , 94.22 , 88.76 , 91.29 , 40.59 , 64.25 , 27.88 , 37.99 , 17.14 , 12.90 , 65.64 , 75.20 , 12.80 , 130.34 , 30.54 , 48.60 , 41.13 , 342.09 , 92.20 , 137.87 , 651.28 , 84.99 , 220.01 , 354.44 , 475.85 , 95.93 , 459.04 , 222.87 , 204.39 , 210.01 , 63.23 
3/10/23, 196.06 , 29.49 , 210.45 , 73.01 , 63.94 , 92.83 , 87.53 , 90.62 , 40.18 , 63.22 , 27.56 , 37.84 , 16.77 , 12.60 , 64.40 , 73.55 , 12.31 , 133.65 , 30.27 , 48.34 , 41.36 , 327.67 , 90.05 , 137.16 , 635.03 , 80.22 , 216.14 , 347.11 , 475.50 , 96.00 , 459.78 , 220.93 , 203.37 , 207.96 , 61.24 
3/13/23, 195.10 , 29.06 , 207.63 , 73.29 , 65.15 , 94.17 , 89.38 , 92.79 , 41.39 , 65.30 , 28.21 , 38.23 , 16.85 , 12.26 , 63.64 , 72.21 , 12.34 , 131.25 , 28.51 , 44.74 , 38.41 , 315.51 , 87.99 , 130.06 , 625.77 , 83.48 , 214.47 , 344.71 , 477.33 , 97.46 , 457.74 , 218.79 , 201.35 , 209.16 , 61.40 
3/14/23, 195.15 , 29.26 , 208.08 , 74.55 , 66.18 , 95.09 , 90.25 , 94.01 , 41.34 , 65.44 , 28.69 , 38.25 , 16.94 , 12.34 , 64.38 , 72.37 , 11.77 , 134.62 , 28.76 , 47.40 , 40.17 , 322.15 , 89.97 , 130.53 , 637.83 , 86.21 , 218.66 , 352.82 , 478.87 , 98.32 , 453.66 , 219.83 , 202.59 , 208.35 , 61.46 
3/15/23, 192.04 , 28.98 , 205.18 , 75.52 , 67.65 , 96.83 , 92.59 , 95.64 , 41.84 , 67.31 , 29.09 , 36.59 , 16.58 , 11.94 , 60.88 , 68.15 , 11.88 , 128.26 , 28.49 , 44.82 , 38.85 , 312.19 , 85.39 , 125.05 , 631.74 , 86.67 , 216.37 , 348.08 , 473.31 , 95.83 , 448.90 , 216.75 , 200.78 , 205.43 , 61.73 
3/16/23, 192.91 , 29.33 , 207.44 , 76.23 , 68.12 , 97.20 , 92.01 , 96.30 , 42.15 , 67.24 , 29.33 , 37.02 , 16.55 , 12.25 , 61.02 , 68.67 , 11.86 , 130.75 , 28.97 , 45.62 , 39.30 , 315.09 , 87.01 , 130.12 , 636.98 , 87.26 , 217.45 , 348.00 , 473.24 , 98.08 , 450.15 , 220.05 , 202.27 , 205.26 , 62.92 
3/17/23, 190.01 , 28.91 , 203.90 , 75.67 , 67.90 , 96.39 , 90.70 , 95.63 , 42.14 , 66.88 , 29.05 , 36.56 , 16.28 , 11.99 , 59.49 , 67.47 , 11.69 , 125.81 , 27.82 , 44.25 , 37.76 , 303.54 , 84.18 , 123.72 , 636.71 , 84.89 , 217.39 , 349.66 , 465.87 , 95.75 , 443.60 , 218.15 , 195.25 , 199.37 , 61.04 
3/20/23, 189.69 , 29.18 , 205.33 , 75.97 , 68.55 , 97.31 , 91.76 , 96.91 , 41.82 , 67.39 , 29.15 , 37.15 , 16.53 , 11.84 , 60.76 , 68.62 , 12.18 , 127.14 , 27.75 , 44.09 , 37.48 , 309.53 , 85.64 , 127.35 , 643.56 , 82.54 , 218.15 , 349.32 , 475.70 , 97.53 , 449.26 , 219.91 , 197.04 , 203.33 , 61.87 
3/21/23, 189.54 , 29.32 , 205.39 , 75.36 , 67.13 , 94.77 , 88.90 , 93.19 , 40.68 , 65.50 , 28.24 , 37.08 , 16.82 , 12.11 , 61.87 , 70.95 , 11.93 , 130.55 , 28.59 , 45.07 , 38.48 , 317.28 , 88.76 , 131.62 , 662.15 , 86.88 , 221.95 , 354.57 , 474.76 , 98.01 , 449.98 , 222.37 , 197.80 , 205.53 , 62.63 
3/22/23, 185.72 , 28.29 , 200.58 , 74.13 , 66.71 , 92.95 , 86.85 , 92.10 , 39.68 , 64.15 , 27.65 , 36.61 , 16.62 , 11.76 , 60.22 , 68.20 , 11.55 , 127.18 , 27.64 , 43.71 , 37.20 , 313.67 , 87.55 , 124.40 , 648.32 , 83.98 , 220.04 , 351.03 , 468.90 , 96.70 , 443.60 , 219.23 , 192.19 , 199.41 , 61.01 
3/23/23, 186.20 , 28.08 , 199.42 , 73.81 , 66.34 , 91.55 , 85.41 , 91.73 , 39.20 , 63.31 , 27.32 , 36.45 , 16.39 , 11.68 , 58.64 , 66.85 , 11.54 , 126.84 , 26.97 , 43.45 , 36.61 , 314.85 , 85.84 , 122.13 , 651.78 , 84.45 , 222.59 , 354.37 , 467.90 , 96.00 , 444.44 , 220.11 , 190.78 , 196.73 , 60.90 
3/24/23, 188.51 , 28.25 , 200.26 , 75.69 , 68.59 , 94.37 , 89.09 , 95.07 , 40.24 , 65.55 , 28.34 , 36.73 , 16.79 , 11.70 , 59.48 , 67.52 , 11.98 , 124.91 , 27.14 , 43.11 , 36.23 , 312.57 , 83.95 , 124.15 , 644.88 , 83.94 , 221.04 , 351.63 , 474.54 , 96.44 , 455.25 , 223.50 , 193.13 , 200.03 , 61.26 
3/27/23, 193.23 , 28.75 , 202.93 , 75.44 , 68.24 , 94.69 , 88.55 , 94.57 , 40.52 , 65.29 , 28.50 , 36.82 , 16.89 , 11.84 , 60.66 , 69.84 , 12.13 , 128.49 , 28.49 , 44.78 , 37.47 , 318.53 , 84.64 , 125.02 , 648.32 , 84.19 , 221.81 , 354.62 , 473.39 , 96.91 , 458.25 , 225.03 , 194.54 , 204.88 , 61.45 
3/28/23, 196.58 , 29.11 , 204.59 , 75.24 , 68.39 , 94.75 , 88.93 , 94.39 , 40.82 , 65.40 , 28.67 , 36.73 , 17.06 , 12.05 , 60.98 , 70.26 , 12.33 , 128.88 , 28.12 , 45.22 , 37.18 , 318.44 , 84.88 , 126.86 , 646.24 , 83.66 , 220.33 , 354.33 , 471.44 , 96.80 , 459.00 , 225.50 , 191.95 , 206.82 , 62.29 
3/29/23, 199.09 , 29.59 , 207.25 , 76.11 , 69.34 , 96.27 , 90.10 , 95.11 , 41.15 , 66.54 , 29.30 , 37.83 , 17.25 , 12.20 , 62.01 , 71.16 , 12.39 , 129.14 , 28.67 , 45.95 , 37.97 , 320.72 , 86.24 , 128.92 , 657.22 , 85.18 , 223.30 , 359.53 , 474.19 , 97.70 , 461.57 , 226.80 , 194.64 , 208.78 , 62.80 
3/30/23, 198.36 , 29.50 , 208.84 , 76.59 , 69.06 , 96.16 , 90.43 , 94.72 , 41.45 , 66.91 , 29.34 , 38.08 , 17.30 , 12.44 , 62.53 , 71.61 , 12.47 , 128.75 , 28.30 , 46.07 , 37.38 , 321.14 , 86.11 , 127.03 , 661.04 , 85.75 , 222.36 , 359.26 , 473.18 , 97.37 , 460.98 , 226.49 , 194.72 , 206.97 , 62.53 
3/31/23, 201.26 , 29.94 , 212.00 , 77.08 , 69.58 , 96.47 , 90.99 , 95.67 , 41.89 , 67.44 , 29.46 , 38.15 , 17.51 , 12.47 , 63.54 , 72.95 , 12.99 , 130.31 , 28.60 , 46.89 , 37.38 , 327.11 , 87.80 , 127.10 , 669.12 , 87.84 , 225.46 , 363.41 , 472.73 , 97.93 , 461.72 , 228.21 , 196.24 , 207.02 , 63.04 
4/3/23, 199.54 , 29.85 , 208.78 , 76.67 , 68.97 , 95.09 , 90.90 , 95.09 , 41.81 , 67.52 , 29.35 , 39.01 , 17.66 , 12.82 , 65.06 , 75.41 , 12.86 , 130.16 , 28.59 , 46.71 , 37.72 , 326.52 , 87.16 , 125.00 , 666.41 , 84.96 , 229.00 , 366.47 , 486.62 , 100.58 , 469.19 , 232.36 , 198.95 , 209.00 , 63.59 
4/4/23, 195.88 , 29.51 , 205.02 , 77.16 , 69.63 , 96.23 , 91.17 , 96.02 , 41.86 , 68.45 , 29.44 , 38.89 , 17.48 , 12.75 , 65.04 , 74.68 , 12.89 , 128.42 , 27.98 , 46.09 , 36.81 , 322.65 , 84.82 , 122.83 , 659.11 , 81.20 , 227.66 , 363.90 , 488.54 , 99.51 , 468.10 , 229.32 , 197.10 , 208.33 , 62.71 
4/5/23, 194.21 , 29.29 , 203.04 , 78.33 , 71.50 , 98.84 , 94.54 , 98.51 , 42.93 , 71.12 , 30.39 , 39.25 , 17.71 , 12.76 , 65.99 , 75.28 , 12.84 , 127.61 , 27.64 , 45.77 , 36.89 , 321.53 , 83.82 , 121.43 , 656.04 , 81.41 , 228.17 , 363.79 , 489.99 , 98.76 , 470.91 , 228.98 , 197.40 , 207.66 , 62.45 
4/6/23, 198.64 , 30.02 , 205.41 , 78.97 , 72.31 , 99.74 , 94.89 , 98.97 , 43.06 , 71.27 , 30.77 , 38.98 , 17.71 , 12.51 , 65.69 , 74.93 , 13.01 , 127.47 , 27.84 , 45.86 , 37.90 , 322.40 , 84.19 , 121.88 , 656.40 , 82.19 , 225.99 , 361.47 , 490.17 , 98.21 , 470.39 , 227.71 , 197.01 , 206.13 , 62.25 
4/10/23, 198.37 , 29.99 , 202.31 , 78.43 , 72.04 , 99.13 , 94.44 , 99.21 , 43.26 , 70.76 , 30.68 , 39.07 , 17.75 , 12.51 , 66.07 , 75.40 , 13.00 , 127.89 , 27.94 , 46.52 , 38.63 , 324.96 , 84.00 , 122.20 , 659.82 , 81.59 , 226.43 , 360.14 , 496.75 , 99.62 , 476.54 , 229.05 , 199.22 , 209.68 , 62.90 
4/11/23, 198.90 , 30.31 , 205.82 , 78.34 , 71.83 , 99.35 , 94.34 , 99.11 , 43.26 , 71.04 , 30.63 , 39.61 , 17.89 , 12.56 , 66.43 , 76.32 , 13.03 , 128.52 , 28.71 , 47.20 , 39.37 , 327.37 , 85.09 , 122.31 , 669.68 , 83.40 , 228.45 , 364.13 , 487.84 , 99.72 , 468.27 , 228.27 , 198.91 , 209.17 , 63.21 
4/12/23, 198.73 , 30.16 , 206.32 , 78.59 , 72.12 , 99.41 , 94.26 , 98.69 , 43.08 , 71.04 , 30.67 , 39.70 , 17.82 , 12.62 , 66.25 , 76.12 , 13.11 , 128.50 , 28.48 , 46.92 , 39.19 , 330.24 , 85.47 , 119.70 , 665.97 , 82.61 , 227.81 , 361.78 , 488.10 , 101.52 , 472.77 , 229.24 , 199.62 , 210.53 , 63.94 
4/13/23, 197.92 , 30.42 , 206.98 , 78.85 , 72.46 , 99.14 , 93.97 , 98.08 , 42.89 , 71.04 , 30.71 , 40.04 , 17.77 , 12.76 , 66.77 , 76.62 , 13.14 , 128.99 , 28.56 , 47.30 , 39.66 , 332.13 , 85.69 , 121.41 , 670.73 , 84.31 , 232.69 , 369.65 , 492.14 , 101.68 , 474.16 , 228.77 , 201.49 , 211.45 , 64.76 
4/14/23, 198.53 , 30.46 , 207.59 , 78.02 , 71.94 , 97.64 , 92.50 , 96.68 , 42.13 , 70.14 , 30.40 , 40.04 , 17.81 , 12.84 , 67.03 , 77.91 , 13.10 , 138.73 , 29.52 , 49.56 , 39.64 , 336.92 , 86.71 , 121.85 , 691.33 , 85.32 , 234.02 , 372.43 , 487.99 , 101.68 , 472.57 , 227.69 , 200.51 , 209.95 , 64.06 
4/17/23, 200.04 , 30.45 , 209.71 , 78.54 , 72.34 , 98.41 , 93.29 , 97.87 , 42.67 , 70.32 , 30.64 , 40.05 , 17.78 , 12.88 , 66.41 , 76.50 , 13.10 , 139.83 , 30.37 , 49.69 , 41.30 , 339.68 , 89.29 , 125.09 , 698.36 , 87.23 , 233.48 , 372.76 , 489.64 , 103.11 , 474.79 , 229.46 , 202.50 , 211.38 , 64.05 
4/18/23, 199.47 , 30.41 , 209.69 , 78.30 , 72.58 , 97.41 , 92.47 , 97.52 , 42.85 , 69.76 , 30.23 , 39.95 , 17.70 , 12.91 , 66.74 , 76.86 , 13.09 , 141.40 , 30.56 , 50.08 , 41.87 , 333.91 , 89.85 , 124.76 , 694.03 , 91.50 , 233.60 , 372.32 , 501.41 , 104.66 , 479.47 , 229.96 , 204.43 , 212.03 , 64.38 
4/19/23, 202.00 , 30.56 , 209.84 , 78.94 , 72.81 , 98.40 , 93.54 , 98.14 , 43.04 , 70.59 , 30.51 , 39.76 , 17.60 , 12.68 , 66.35 , 76.23 , 13.02 , 141.22 , 30.06 , 50.40 , 42.24 , 336.89 , 90.45 , 128.37 , 695.24 , 92.55 , 232.57 , 372.80 , 495.16 , 104.09 , 477.07 , 228.80 , 203.54 , 211.03 , 64.05 
4/20/23, 202.60 , 30.81 , 211.82 , 78.75 , 73.02 , 98.22 , 93.51 , 98.66 , 43.00 , 70.69 , 30.49 , 39.37 , 17.35 , 12.67 , 66.05 , 75.56 , 13.18 , 140.81 , 29.90 , 49.40 , 41.67 , 338.71 , 90.43 , 125.60 , 696.38 , 91.94 , 234.60 , 375.00 , 490.60 , 102.84 , 474.18 , 227.52 , 202.87 , 211.70 , 63.81 
4/21/23, 198.85 , 31.82 , 211.61 , 78.99 , 73.61 , 98.36 , 93.92 , 99.04 , 43.22 , 70.44 , 30.53 , 39.31 , 17.37 , 12.77 , 66.30 , 75.61 , 13.28 , 140.54 , 29.87 , 49.03 , 41.24 , 341.66 , 91.12 , 123.38 , 680.94 , 89.45 , 234.05 , 375.24 , 482.55 , 102.25 , 471.99 , 225.02 , 202.03 , 208.71 , 63.93 
4/24/23, 200.28 , 31.38 , 211.91 , 79.04 , 74.10 , 98.90 , 94.24 , 99.84 , 43.45 , 71.03 , 30.81 , 39.42 , 17.62 , 12.69 , 66.99 , 76.99 , 13.10 , 140.73 , 29.76 , 49.03 , 41.45 , 343.96 , 90.20 , 124.27 , 674.19 , 88.62 , 232.76 , 374.73 , 480.92 , 102.46 , 470.92 , 224.50 , 202.14 , 209.31 , 64.19 
4/25/23, 194.75 , 30.90 , 207.12 , 77.82 , 73.98 , 99.74 , 94.38 , 100.40 , 43.61 , 71.18 , 30.83 , 39.24 , 17.41 , 12.53 , 65.55 , 75.51 , 13.04 , 137.67 , 28.84 , 47.90 , 40.55 , 339.48 , 88.06 , 123.70 , 659.71 , 86.43 , 229.59 , 368.53 , 475.58 , 101.09 , 465.47 , 222.74 , 199.32 , 206.38 , 63.33 
4/26/23, 191.50 , 30.14 , 201.02 , 74.07 , 72.59 , 98.35 , 92.25 , 99.14 , 42.79 , 69.68 , 30.35 , 39.12 , 17.21 , 12.48 , 64.72 , 74.38 , 13.16 , 135.23 , 28.44 , 46.86 , 39.46 , 336.56 , 88.44 , 127.85 , 650.67 , 85.31 , 228.15 , 366.76 , 461.62 , 97.68 , 449.09 , 214.83 , 194.54 , 199.86 , 63.37 
4/27/23, 193.54 , 30.39 , 200.86 , 75.85 , 73.51 , 99.47 , 92.81 , 99.18 , 42.78 , 70.26 , 30.82 , 39.31 , 17.32 , 12.79 , 65.30 , 74.28 , 12.90 , 137.05 , 28.89 , 47.03 , 39.66 , 341.60 , 90.26 , 128.02 , 662.68 , 87.14 , 229.01 , 373.67 , 465.00 , 99.39 , 457.68 , 215.69 , 198.00 , 201.38 , 64.18 
4/28/23, 195.70 , 30.64 , 203.03 , 76.63 , 73.55 , 98.88 , 92.42 , 98.47 , 42.44 , 69.91 , 30.47 , 39.76 , 17.15 , 12.88 , 65.41 , 75.53 , 12.89 , 138.24 , 29.28 , 47.07 , 39.75 , 343.44 , 89.97 , 130.25 , 671.20 , 89.33 , 232.73 , 380.03 , 464.45 , 99.90 , 461.27 , 218.34 , 195.15 , 201.66 , 64.58 
5/1/23, 198.63 , 31.30 , 208.61 , 76.80 , 74.09 , 99.09 , 92.65 , 99.11 , 43.18 , 70.17 , 30.68 , 39.56 , 17.10 , 12.91 , 65.39 , 75.40 , 12.42 , 141.20 , 29.04 , 47.25 , 40.39 , 340.57 , 87.93 , 122.00 , 662.97 , 88.75 , 232.51 , 379.86 , 469.43 , 100.33 , 462.72 , 218.13 , 194.71 , 202.16 , 64.68 
5/2/23, 196.07 , 31.07 , 203.89 , 75.94 , 73.15 , 97.60 , 91.28 , 98.57 , 42.57 , 69.10 , 30.05 , 38.56 , 16.68 , 12.69 , 62.74 , 72.26 , 12.36 , 138.92 , 28.16 , 46.00 , 38.84 , 333.37 , 86.29 , 119.14 , 651.46 , 84.66 , 226.98 , 376.03 , 458.89 , 98.87 , 448.81 , 213.01 , 189.57 , 196.73 , 64.26 
5/3/23, 195.33 , 30.93 , 202.98 , 75.39 , 73.33 , 97.33 , 90.87 , 98.04 , 42.33 , 68.50 , 29.95 , 38.86 , 16.56 , 12.66 , 62.82 , 71.39 , 12.27 , 135.98 , 27.86 , 45.67 , 38.65 , 328.65 , 84.75 , 116.65 , 642.41 , 83.03 , 225.98 , 374.90 , 453.07 , 97.16 , 443.71 , 210.01 , 186.70 , 196.84 , 64.80 
5/4/23, 197.06 , 31.31 , 203.93 , 75.51 , 74.25 , 98.11 , 91.44 , 98.52 , 42.56 , 69.11 , 30.20 , 39.27 , 16.64 , 12.61 , 62.63 , 69.35 , 12.92 , 134.12 , 26.99 , 44.90 , 36.72 , 321.26 , 82.61 , 113.64 , 631.66 , 80.71 , 225.60 , 376.12 , 451.93 , 95.92 , 442.23 , 208.85 , 185.73 , 192.73 , 64.11 
5/5/23, 201.23 , 31.86 , 208.72 , 75.51 , 74.94 , 99.36 , 92.11 , 99.49 , 42.85 , 69.57 , 30.52 , 39.91 , 17.04 , 12.36 , 64.51 , 71.88 , 12.68 , 136.74 , 27.71 , 46.32 , 37.94 , 327.02 , 84.88 , 116.18 , 644.48 , 82.16 , 231.78 , 384.66 , 455.54 , 96.58 , 446.81 , 211.92 , 187.73 , 197.51 , 65.23 
5/8/23, 199.94 , 31.88 , 207.08 , 76.06 , 74.57 , 98.90 , 92.14 , 99.01 , 42.77 , 69.32 , 30.25 , 39.66 , 16.90 , 12.33 , 63.52 , 71.25 , 12.66 , 137.07 , 27.69 , 46.36 , 38.38 , 326.51 , 84.43 , 116.99 , 643.14 , 81.17 , 232.23 , 385.51 , 450.96 , 95.54 , 442.24 , 210.71 , 187.26 , 194.23 , 65.08 
5/9/23, 200.59 , 32.02 , 208.30 , 75.58 , 74.69 , 98.05 , 91.10 , 98.77 , 42.62 , 69.11 , 30.21 , 39.84 , 16.85 , 12.50 , 63.86 , 71.18 , 12.70 , 136.41 , 27.66 , 46.52 , 38.54 , 324.77 , 84.37 , 115.70 , 635.57 , 81.63 , 233.26 , 382.94 , 452.04 , 96.27 , 442.31 , 211.20 , 188.87 , 194.48 , 66.66 
5/10/23, 199.06 , 31.81 , 208.50 , 76.89 , 75.66 , 99.14 , 91.72 , 99.41 , 42.92 , 69.30 , 30.28 , 39.71 , 16.79 , 12.45 , 63.21 , 70.80 , 12.56 , 136.48 , 27.32 , 46.37 , 38.28 , 322.55 , 83.72 , 113.97 , 629.18 , 82.58 , 231.27 , 382.54 , 453.15 , 96.30 , 443.03 , 211.53 , 189.02 , 198.34 , 66.99 
5/11/23, 198.08 , 31.79 , 210.31 , 76.10 , 74.65 , 97.33 , 90.68 , 98.96 , 42.48 , 68.62 , 29.91 , 39.48 , 16.70 , 12.34 , 62.83 , 69.69 , 12.64 , 136.05 , 27.39 , 46.03 , 38.33 , 320.72 , 82.63 , 112.70 , 642.02 , 83.28 , 231.01 , 383.39 , 450.69 , 95.54 , 435.85 , 208.05 , 186.87 , 196.76 , 66.48 
5/12/23, 198.99 , 31.82 , 211.91 , 77.96 , 73.35 , 97.45 , 91.66 , 99.52 , 41.75 , 68.89 , 30.05 , 38.44 , 16.80 , 12.32 , 63.72 , 69.89 , 13.30 , 134.10 , 27.09 , 45.45 , 37.49 , 319.50 , 82.39 , 111.58 , 645.10 , 82.86 , 231.38 , 381.92 , 450.79 , 95.99 , 438.76 , 209.96 , 186.75 , 195.27 , 66.57 
5/15/23, 199.64 , 32.01 , 212.92 , 77.54 , 72.42 , 96.33 , 90.09 , 98.48 , 40.76 , 67.91 , 29.51 , 38.64 , 16.70 , 12.51 , 57.95 , 70.78 , 12.97 , 135.23 , 27.65 , 46.05 , 38.77 , 322.07 , 82.95 , 113.67 , 644.75 , 83.13 , 232.81 , 383.41 , 451.92 , 96.70 , 439.37 , 210.21 , 186.87 , 197.42 , 67.06 
5/16/23, 196.87 , 31.68 , 212.46 , 75.84 , 70.90 , 94.01 , 88.09 , 96.50 , 39.37 , 66.59 , 28.94 , 37.13 , 16.30 , 12.46 , 56.58 , 68.51 , 13.30 , 134.32 , 27.36 , 45.28 , 38.39 , 320.81 , 81.86 , 111.59 , 633.83 , 80.40 , 230.47 , 380.24 , 447.73 , 95.46 , 435.63 , 207.59 , 183.97 , 196.47 , 66.89 
5/17/23, 198.84 , 31.95 , 214.98 , 75.34 , 70.94 , 93.02 , 87.07 , 95.90 , 39.26 , 66.04 , 28.72 , 37.19 , 16.45 , 12.53 , 57.20 , 69.45 , 13.49 , 138.45 , 28.57 , 47.08 , 40.46 , 330.18 , 83.91 , 119.25 , 650.64 , 83.72 , 232.65 , 387.00 , 457.30 , 96.57 , 447.34 , 211.32 , 185.83 , 200.68 , 66.93 
5/18/23, 198.81 , 32.39 , 216.17 , 75.10 , 71.05 , 92.81 , 86.64 , 95.36 , 39.39 , 65.87 , 28.44 , 37.05 , 16.52 , 12.72 , 58.38 , 69.65 , 13.49 , 139.50 , 28.47 , 46.39 , 40.21 , 329.58 , 84.49 , 120.15 , 669.33 , 83.21 , 233.60 , 392.02 , 455.75 , 96.13 , 443.60 , 210.93 , 185.84 , 201.13 , 66.54 
5/19/23, 198.97 , 32.31 , 217.74 , 74.48 , 71.41 , 92.51 , 86.56 , 95.19 , 39.87 , 65.93 , 28.59 , 37.09 , 16.52 , 12.76 , 58.52 , 70.22 , 13.59 , 139.18 , 28.11 , 45.71 , 40.03 , 326.15 , 82.24 , 118.48 , 666.70 , 83.08 , 233.31 , 385.57 , 454.49 , 96.13 , 443.31 , 210.65 , 184.40 , 200.64 , 66.15 
5/22/23, 198.29 , 31.90 , 218.24 , 74.58 , 70.95 , 91.97 , 86.41 , 94.65 , 40.12 , 65.88 , 28.55 , 36.87 , 16.53 , 12.73 , 58.09 , 71.24 , 13.65 , 138.03 , 28.34 , 45.79 , 40.98 , 324.92 , 82.27 , 120.42 , 671.39 , 85.01 , 231.28 , 384.53 , 454.72 , 95.66 , 443.07 , 212.52 , 186.20 , 203.29 , 66.13 
5/23/23, 196.38 , 31.61 , 214.00 , 74.16 , 71.15 , 90.75 , 86.00 , 93.88 , 40.44 , 65.59 , 28.86 , 36.71 , 16.54 , 12.76 , 58.54 , 70.96 , 13.61 , 136.59 , 28.58 , 45.91 , 41.21 , 323.57 , 82.64 , 121.49 , 661.53 , 83.73 , 224.58 , 373.75 , 452.63 , 94.08 , 443.03 , 206.95 , 184.69 , 202.37 , 65.17 
5/24/23, 191.91 , 30.89 , 210.98 , 74.24 , 70.85 , 90.16 , 85.17 , 93.50 , 40.15 , 65.13 , 28.62 , 36.60 , 16.50 , 12.80 , 58.54 , 70.84 , 13.60 , 135.34 , 28.10 , 44.49 , 40.87 , 319.81 , 81.22 , 120.25 , 655.00 , 83.16 , 222.25 , 368.50 , 452.72 , 93.66 , 441.44 , 206.53 , 182.70 , 202.05 , 64.46 
5/25/23, 193.21 , 30.92 , 211.22 , 73.39 , 69.82 , 88.89 , 82.50 , 93.22 , 39.51 , 64.29 , 28.26 , 35.91 , 16.22 , 12.73 , 57.57 , 69.41 , 13.71 , 135.67 , 28.17 , 44.23 , 40.90 , 323.88 , 83.00 , 118.99 , 660.52 , 83.53 , 223.38 , 370.04 , 442.83 , 93.12 , 433.51 , 204.35 , 176.39 , 198.07 , 62.48 
5/26/23, 193.10 , 30.81 , 210.57 , 73.92 , 69.47 , 88.70 , 82.25 , 92.69 , 39.39 , 64.32 , 28.34 , 35.88 , 16.21 , 12.65 , 57.30 , 69.19 , 13.41 , 136.94 , 28.31 , 44.60 , 41.23 , 332.01 , 83.90 , 118.78 , 672.30 , 85.70 , 225.01 , 374.37 , 448.45 , 93.26 , 438.32 , 205.25 , 178.76 , 201.29 , 61.63 
5/30/23, 194.20 , 30.97 , 211.19 , 72.69 , 69.83 , 88.01 , 81.79 , 92.56 , 39.34 , 64.15 , 28.18 , 35.61 , 16.15 , 12.49 , 57.37 , 68.49 , 12.92 , 137.46 , 28.26 , 44.70 , 40.98 , 330.83 , 83.42 , 118.85 , 673.58 , 86.40 , 221.64 , 367.50 , 447.97 , 92.82 , 438.16 , 205.24 , 176.34 , 202.05 , 61.06 
5/31/23, 192.52 , 30.67 , 208.18 , 73.46 , 69.75 , 89.29 , 83.12 , 93.30 , 39.65 , 65.29 , 28.21 , 35.20 , 16.11 , 12.40 , 56.66 , 68.05 , 13.16 , 135.71 , 27.79 , 44.32 , 39.81 , 323.90 , 81.76 , 115.83 , 657.55 , 85.64 , 221.03 , 365.02 , 444.01 , 92.14 , 435.49 , 204.18 , 175.92 , 201.38 , 60.32 
6/1/23, 195.68 , 31.38 , 212.21 , 72.96 , 69.18 , 88.12 , 82.02 , 91.82 , 39.48 , 63.55 , 28.38 , 36.22 , 16.26 , 12.60 , 56.91 , 68.80 , 13.46 , 137.58 , 27.78 , 44.84 , 40.06 , 316.40 , 82.07 , 119.74 , 668.84 , 87.14 , 226.50 , 370.88 , 449.67 , 94.09 , 438.51 , 205.33 , 176.91 , 201.21 , 61.46 
6/2/23, 198.66 , 31.92 , 215.87 , 73.85 , 69.45 , 89.68 , 83.45 , 91.76 , 39.69 , 63.14 , 28.60 , 37.43 , 16.75 , 12.88 , 58.74 , 71.49 , 13.48 , 140.47 , 28.71 , 46.32 , 41.24 , 323.65 , 84.35 , 123.58 , 681.86 , 89.00 , 228.79 , 373.73 , 454.49 , 96.08 , 443.83 , 209.09 , 182.22 , 207.48 , 62.99 
6/5/23, 198.73 , 32.13 , 214.35 , 73.59 , 69.69 , 90.16 , 84.00 , 92.95 , 39.98 , 63.95 , 28.75 , 37.31 , 16.76 , 12.89 , 58.72 , 70.90 , 13.62 , 139.09 , 28.54 , 46.24 , 40.45 , 321.81 , 83.74 , 123.28 , 676.49 , 85.52 , 226.77 , 370.52 , 454.69 , 95.75 , 445.55 , 209.25 , 182.52 , 207.72 , 64.55 
6/6/23, 196.36 , 31.94 , 212.20 , 73.38 , 69.37 , 89.75 , 83.44 , 92.41 , 39.75 , 63.56 , 28.56 , 37.68 , 16.85 , 12.91 , 59.31 , 71.06 , 13.88 , 139.34 , 29.23 , 47.22 , 41.26 , 326.80 , 85.86 , 126.38 , 684.92 , 87.40 , 228.22 , 379.96 , 458.63 , 97.44 , 448.10 , 210.81 , 184.52 , 209.88 , 64.08 
6/7/23, 201.46 , 32.58 , 218.16 , 74.17 , 70.13 , 91.57 , 84.58 , 93.54 , 40.34 , 64.31 , 28.97 , 37.90 , 17.23 , 12.90 , 60.43 , 72.78 , 13.82 , 140.69 , 29.48 , 48.01 , 42.07 , 335.75 , 86.50 , 127.56 , 678.23 , 87.30 , 225.27 , 371.39 , 461.75 , 98.59 , 453.35 , 214.18 , 187.14 , 214.53 , 64.24 
6/8/23, 200.99 , 32.56 , 217.61 , 74.90 , 71.08 , 92.00 , 84.68 , 94.00 , 40.13 , 64.14 , 29.14 , 38.22 , 17.32 , 12.89 , 60.71 , 72.27 , 13.37 , 140.73 , 29.23 , 48.10 , 42.37 , 335.47 , 86.31 , 128.86 , 680.58 , 88.66 , 223.05 , 367.59 , 464.17 , 99.08 , 455.47 , 213.54 , 189.25 , 216.51 , 64.65 
6/9/23, 199.67 , 32.31 , 216.18 , 74.07 , 71.26 , 91.52 , 83.68 , 93.49 , 40.08 , 63.45 , 28.95 , 37.94 , 17.03 , 12.74 , 59.84 , 70.81 , 13.18 , 141.01 , 29.27 , 48.30 , 42.13 , 336.02 , 86.21 , 128.93 , 684.40 , 88.19 , 223.56 , 369.22 , 462.69 , 99.34 , 454.26 , 212.27 , 188.59 , 215.31 , 64.90 
6/12/23, 198.96 , 32.40 , 215.94 , 73.98 , 70.84 , 91.39 , 83.69 , 92.63 , 39.91 , 63.57 , 29.12 , 37.50 , 16.89 , 12.61 , 59.80 , 70.14 , 13.20 , 141.00 , 29.13 , 48.45 , 41.83 , 339.49 , 87.44 , 127.41 , 682.38 , 89.89 , 226.17 , 375.31 , 459.87 , 99.42 , 453.51 , 213.07 , 189.12 , 214.24 , 66.69 
6/13/23, 198.93 , 32.66 , 218.26 , 74.35 , 70.45 , 90.76 , 83.13 , 92.03 , 39.80 , 63.13 , 29.19 , 37.51 , 17.03 , 12.67 , 60.28 , 70.92 , 13.17 , 142.02 , 29.40 , 48.69 , 42.65 , 342.50 , 88.28 , 128.86 , 689.09 , 90.67 , 223.40 , 371.38 , 452.37 , 99.69 , 451.15 , 213.81 , 189.11 , 216.56 , 67.55 
6/14/23, 202.74 , 33.09 , 221.40 , 73.40 , 70.48 , 90.85 , 83.61 , 92.39 , 40.12 , 62.49 , 29.03 , 36.86 , 16.90 , 12.65 , 60.43 , 70.97 , 13.35 , 141.49 , 29.12 , 48.24 , 42.08 , 338.42 , 87.98 , 126.52 , 692.45 , 90.29 , 223.44 , 374.76 , 452.55 , 96.86 , 447.90 , 212.14 , 190.93 , 215.32 , 67.42 
6/15/23, 205.92 , 33.56 , 223.30 , 74.36 , 70.76 , 91.69 , 84.88 , 93.02 , 40.82 , 64.32 , 29.27 , 37.25 , 17.01 , 12.84 , 61.11 , 71.91 , 13.36 , 143.09 , 29.37 , 48.56 , 42.36 , 339.74 , 89.05 , 128.79 , 711.19 , 92.65 , 226.17 , 379.04 , 455.95 , 98.00 , 452.87 , 214.96 , 193.38 , 218.59 , 67.73 
6/16/23, 204.67 , 33.21 , 224.14 , 75.59 , 71.76 , 92.18 , 84.93 , 92.97 , 41.21 , 63.92 , 29.18 , 37.48 , 17.04 , 12.82 , 60.95 , 71.79 , 13.37 , 143.26 , 29.19 , 48.19 , 42.18 , 338.31 , 88.09 , 128.47 , 702.78 , 91.13 , 228.91 , 376.53 , 459.17 , 97.74 , 458.35 , 217.34 , 195.57 , 221.18 , 69.73 
6/20/23, 201.38 , 32.91 , 220.40 , 74.76 , 70.34 , 90.95 , 84.54 , 92.02 , 40.74 , 63.07 , 29.08 , 36.89 , 16.66 , 12.75 , 59.32 , 70.94 , 13.52 , 142.53 , 28.87 , 47.61 , 41.89 , 330.72 , 86.73 , 126.46 , 690.95 , 90.62 , 226.47 , 374.62 , 458.38 , 97.70 , 454.34 , 215.49 , 195.30 , 218.47 , 68.80 
6/21/23, 203.65 , 33.13 , 220.79 , 75.78 , 71.64 , 91.65 , 85.45 , 92.92 , 40.91 , 62.81 , 29.43 , 36.93 , 16.64 , 12.78 , 59.08 , 71.95 , 13.42 , 142.32 , 28.57 , 47.41 , 41.65 , 325.07 , 86.34 , 126.66 , 689.04 , 89.13 , 227.25 , 376.14 , 466.04 , 99.07 , 462.47 , 217.53 , 196.38 , 219.68 , 68.74 
6/22/23, 203.37 , 33.11 , 220.11 , 75.13 , 71.30 , 90.90 , 85.10 , 92.12 , 40.54 , 62.76 , 29.11 , 36.69 , 16.49 , 12.67 , 58.19 , 71.18 , 13.30 , 139.58 , 27.96 , 46.63 , 41.06 , 319.58 , 84.50 , 123.44 , 679.38 , 89.14 , 228.39 , 377.80 , 463.43 , 96.92 , 458.06 , 214.45 , 194.10 , 217.95 , 68.62 
6/23/23, 199.89 , 32.74 , 218.00 , 74.17 , 70.45 , 89.72 , 83.49 , 90.74 , 39.87 , 62.10 , 28.47 , 36.19 , 16.32 , 12.50 , 57.69 , 69.92 , 13.55 , 138.85 , 27.75 , 46.02 , 40.61 , 314.71 , 83.58 , 123.03 , 680.45 , 87.84 , 229.55 , 379.81 , 459.36 , 96.91 , 454.05 , 212.39 , 191.90 , 216.96 , 67.60 
6/26/23, 201.33 , 33.11 , 221.85 , 74.29 , 71.73 , 90.84 , 83.78 , 91.68 , 40.57 , 62.86 , 28.92 , 36.85 , 16.54 , 12.60 , 58.60 , 71.53 , 13.66 , 139.19 , 28.09 , 46.24 , 40.59 , 312.36 , 83.59 , 123.73 , 680.17 , 88.78 , 226.30 , 377.42 , 452.80 , 96.55 , 448.02 , 212.09 , 191.72 , 218.58 , 68.86 
6/27/23, 202.98 , 33.47 , 222.59 , 73.91 , 71.12 , 90.52 , 83.44 , 91.98 , 40.82 , 62.44 , 29.21 , 36.74 , 16.80 , 12.64 , 59.50 , 72.69 , 13.79 , 139.20 , 28.24 , 46.40 , 40.91 , 313.45 , 84.43 , 124.01 , 684.64 , 91.33 , 227.34 , 381.79 , 453.15 , 96.53 , 448.44 , 212.06 , 193.65 , 221.18 , 69.84 
6/28/23, 203.09 , 33.59 , 223.16 , 73.44 , 69.87 , 89.10 , 81.62 , 90.11 , 40.09 , 61.24 , 28.73 , 36.72 , 17.01 , 12.74 , 60.52 , 74.11 , 13.93 , 138.59 , 28.07 , 46.23 , 40.62 , 313.66 , 83.99 , 123.56 , 685.22 , 91.29 , 227.96 , 380.23 , 449.66 , 95.87 , 442.66 , 211.00 , 191.74 , 220.42 , 70.22 
6/29/23, 204.65 , 33.87 , 225.98 , 72.81 , 69.14 , 88.88 , 83.26 , 89.57 , 40.11 , 61.29 , 28.72 , 37.00 , 17.20 , 12.77 , 61.49 , 75.21 , 14.10 , 143.43 , 28.66 , 46.29 , 42.45 , 323.09 , 85.24 , 125.68 , 688.21 , 92.81 , 234.32 , 387.67 , 457.44 , 97.80 , 451.22 , 214.31 , 195.49 , 226.96 , 71.38 
6/30/23, 204.62 , 34.10 , 226.76 , 74.20 , 70.25 , 89.74 , 84.20 , 90.40 , 40.74 , 62.17 , 29.15 , 37.15 , 17.22 , 12.70 , 61.72 , 76.10 , 14.20 , 145.44 , 28.69 , 46.04 , 42.68 , 322.54 , 85.40 , 125.95 , 691.14 , 92.97 , 237.48 , 393.30 , 460.38 , 97.96 , 455.80 , 215.15 , 195.77 , 227.60 , 71.57 
7/3/23, 206.13 , 34.34 , 228.88 , 74.38 , 70.57 , 90.72 , 85.32 , 91.05 , 41.05 , 62.98 , 29.45 , 37.32 , 17.25 , 12.85 , 62.40 , 77.01 , 14.18 , 146.61 , 29.20 , 46.74 , 43.40 , 326.61 , 86.41 , 127.53 , 693.58 , 94.76 , 237.97 , 393.96 , 462.58 , 98.39 , 458.16 , 215.78 , 197.74 , 228.75 , 71.38 
7/5/23, 203.91 , 33.87 , 227.19 , 74.95 , 71.68 , 91.61 , 85.80 , 92.85 , 41.48 , 63.79 , 29.63 , 36.79 , 17.08 , 12.84 , 61.59 , 76.45 , 13.97 , 144.64 , 29.08 , 46.80 , 43.48 , 320.05 , 85.92 , 126.34 , 692.83 , 92.91 , 239.45 , 394.73 , 462.76 , 98.24 , 459.05 , 215.19 , 197.18 , 227.68 , 70.86 
7/6/23, 202.51 , 33.46 , 227.21 , 73.02 , 70.79 , 90.56 , 85.33 , 92.17 , 41.06 , 63.76 , 29.46 , 36.28 , 16.86 , 12.80 , 60.94 , 76.01 , 14.37 , 143.21 , 28.28 , 45.38 , 42.89 , 313.00 , 83.33 , 123.88 , 680.63 , 92.02 , 238.88 , 393.14 , 461.64 , 98.05 , 455.98 , 214.28 , 194.75 , 225.90 , 70.90 
7/7/23, 202.82 , 33.30 , 226.72 , 72.05 , 70.68 , 89.77 , 84.29 , 92.03 , 40.96 , 62.93 , 29.48 , 36.42 , 16.92 , 12.75 , 62.17 , 77.30 , 14.51 , 144.34 , 28.53 , 45.74 , 42.77 , 315.17 , 83.36 , 125.61 , 684.10 , 91.91 , 236.45 , 388.68 , 458.71 , 97.42 , 452.45 , 214.15 , 194.66 , 224.25 , 70.94 
7/10/23, 204.86 , 33.61 , 228.93 , 71.71 , 70.14 , 89.22 , 84.34 , 91.39 , 40.98 , 62.65 , 29.46 , 36.17 , 16.95 , 12.84 , 62.40 , 77.02 , 14.51 , 145.15 , 28.66 , 45.67 , 42.32 , 316.47 , 83.40 , 125.36 , 696.17 , 93.37 , 238.16 , 392.16 , 460.38 , 97.48 , 452.59 , 214.68 , 194.65 , 227.87 , 71.24 
7/11/23, 206.79 , 33.77 , 232.02 , 72.19 , 70.73 , 90.88 , 86.02 , 92.54 , 41.71 , 63.12 , 29.88 , 36.39 , 17.25 , 12.95 , 63.34 , 78.50 , 14.70 , 147.42 , 29.02 , 46.53 , 42.74 , 320.88 , 84.96 , 126.49 , 710.20 , 98.47 , 240.55 , 397.80 , 466.29 , 98.03 , 460.75 , 217.18 , 197.38 , 230.97 , 71.26 
7/12/23, 208.92 , 33.53 , 230.97 , 73.47 , 71.59 , 92.36 , 87.24 , 93.09 , 42.05 , 63.79 , 30.36 , 36.85 , 17.54 , 12.99 , 64.37 , 79.02 , 14.73 , 148.15 , 29.36 , 47.38 , 43.26 , 326.40 , 85.77 , 127.23 , 726.00 , 98.18 , 242.21 , 400.69 , 461.96 , 96.82 , 453.35 , 217.61 , 195.94 , 229.59 , 70.87 
7/13/23, 210.61 , 33.72 , 233.52 , 73.71 , 71.48 , 93.31 , 87.28 , 93.77 , 42.18 , 64.33 , 30.43 , 37.33 , 17.60 , 13.03 , 65.32 , 79.58 , 14.34 , 148.87 , 29.67 , 47.68 , 43.71 , 328.68 , 86.21 , 129.79 , 739.80 , 102.74 , 243.31 , 400.56 , 466.38 , 97.17 , 457.03 , 216.96 , 198.46 , 228.28 , 70.65 
7/14/23, 210.99 , 33.63 , 234.78 , 73.20 , 71.38 , 93.01 , 87.22 , 93.08 , 42.02 , 64.27 , 30.12 , 36.78 , 17.21 , 12.90 , 63.73 , 78.03 , 14.41 , 149.77 , 29.11 , 45.75 , 43.56 , 326.19 , 85.78 , 125.79 , 728.03 , 104.03 , 243.16 , 402.51 , 464.31 , 96.17 , 450.64 , 215.32 , 195.69 , 228.35 , 69.11 
7/17/23, 209.86 , 33.22 , 233.18 , 72.66 , 70.18 , 91.78 , 85.48 , 92.42 , 41.78 , 63.21 , 29.68 , 36.48 , 17.13 , 12.97 , 63.41 , 77.70 , 14.58 , 153.38 , 29.40 , 46.26 , 44.74 , 327.20 , 86.37 , 127.16 , 727.87 , 104.39 , 243.99 , 402.20 , 469.97 , 96.32 , 454.24 , 216.37 , 197.97 , 233.08 , 70.48 
7/18/23, 212.62 , 33.75 , 235.14 , 72.05 , 69.09 , 90.91 , 84.67 , 92.14 , 41.28 , 63.00 , 29.44 , 36.63 , 17.28 , 13.11 , 64.32 , 78.47 , 14.64 , 153.66 , 30.70 , 47.02 , 45.60 , 337.27 , 91.94 , 130.35 , 738.93 , 106.88 , 240.77 , 398.16 , 455.70 , 95.76 , 442.68 , 213.52 , 196.31 , 229.60 , 69.97 
7/19/23, 214.25 , 33.80 , 237.41 , 72.10 , 70.14 , 91.65 , 85.37 , 93.49 , 41.51 , 63.39 , 29.82 , 36.84 , 17.29 , 13.18 , 64.77 , 78.74 , 14.72 , 154.25 , 31.53 , 47.52 , 46.26 , 340.55 , 93.16 , 132.37 , 747.30 , 108.17 , 241.42 , 398.27 , 451.51 , 95.57 , 442.28 , 213.55 , 198.83 , 229.48 , 69.50 
7/20/23, 216.78 , 33.71 , 237.49 , 74.10 , 71.07 , 93.20 , 86.82 , 95.89 , 42.01 , 64.56 , 30.37 , 37.27 , 17.64 , 13.20 , 65.93 , 79.59 , 14.77 , 156.15 , 31.69 , 47.41 , 47.13 , 350.86 , 93.80 , 133.99 , 750.88 , 107.51 , 239.62 , 398.06 , 456.01 , 97.16 , 454.36 , 216.08 , 199.92 , 232.87 , 70.35 
7/21/23, 216.78 , 32.46 , 233.01 , 75.90 , 73.06 , 94.78 , 87.93 , 97.13 , 42.55 , 65.21 , 30.91 , 37.40 , 17.80 , 13.15 , 66.49 , 80.66 , 15.02 , 154.95 , 31.98 , 47.05 , 45.96 , 351.96 , 94.01 , 134.26 , 751.21 , 104.89 , 239.25 , 397.49 , 454.76 , 96.39 , 453.42 , 215.47 , 199.97 , 231.57 , 70.49 
7/24/23, 216.94 , 32.52 , 235.37 , 75.50 , 72.95 , 94.77 , 87.60 , 97.13 , 42.83 , 65.08 , 30.87 , 37.72 , 18.11 , 13.28 , 67.25 , 81.38 , 14.92 , 158.00 , 32.65 , 47.66 , 46.42 , 358.93 , 94.67 , 135.60 , 756.58 , 105.13 , 240.74 , 404.79 , 456.80 , 97.01 , 452.21 , 217.64 , 200.67 , 231.22 , 69.85 
7/25/23, 215.55 , 33.17 , 237.18 , 75.44 , 72.61 , 95.29 , 87.54 , 97.71 , 43.02 , 64.96 , 31.10 , 37.47 , 18.06 , 13.21 , 67.54 , 81.67 , 14.95 , 156.82 , 32.15 , 47.09 , 45.48 , 354.70 , 94.42 , 133.54 , 746.02 , 104.40 , 238.69 , 401.28 , 454.15 , 87.10 , 457.19 , 218.00 , 201.55 , 231.59 , 69.98 
7/26/23, 238.00 , 32.95 , 236.93 , 74.37 , 73.09 , 95.56 , 87.61 , 97.50 , 43.20 , 65.05 , 31.20 , 37.36 , 17.95 , 13.16 , 67.60 , 81.38 , 14.89 , 157.76 , 32.41 , 47.49 , 46.44 , 357.56 , 93.54 , 136.01 , 743.16 , 104.71 , 237.10 , 402.41 , 452.81 , 86.30 , 457.16 , 222.78 , 202.56 , 234.46 , 69.93 
7/27/23, 232.10 , 33.03 , 235.34 , 73.27 , 72.86 , 94.44 , 85.26 , 95.75 , 41.96 , 62.87 , 30.36 , 36.77 , 17.80 , 13.14 , 66.94 , 80.56 , 14.74 , 156.02 , 31.95 , 47.88 , 45.77 , 354.51 , 92.75 , 133.12 , 729.07 , 103.28 , 234.44 , 394.50 , 448.64 , 85.17 , 445.31 , 219.82 , 189.76 , 230.59 , 68.37 
7/28/23, 232.77 , 33.80 , 236.66 , 72.85 , 72.35 , 93.34 , 85.42 , 95.64 , 41.70 , 62.89 , 30.10 , 36.42 , 17.57 , 13.25 , 67.22 , 80.63 , 14.88 , 156.91 , 31.90 , 47.41 , 46.14 , 353.23 , 91.57 , 135.50 , 738.34 , 105.05 , 235.75 , 392.96 , 449.00 , 87.34 , 449.68 , 222.64 , 192.26 , 230.45 , 68.70 
7/31/23, 232.02 , 33.32 , 233.59 , 73.30 , 72.34 , 93.62 , 84.74 , 94.86 , 41.86 , 62.73 , 30.09 , 36.80 , 17.71 , 13.29 , 67.04 , 81.99 , 14.71 , 157.96 , 32.00 , 47.66 , 46.16 , 355.87 , 91.56 , 136.89 , 738.85 , 104.79 , 237.73 , 394.28 , 446.37 , 87.93 , 445.00 , 223.58 , 189.49 , 229.67 , 69.00 
8/1/23, 231.50 , 33.31 , 233.97 , 72.17 , 71.28 , 92.15 , 84.03 , 93.34 , 41.47 , 62.85 , 29.49 , 36.36 , 17.56 , 13.28 , 66.60 , 81.61 , 14.47 , 157.18 , 31.62 , 47.07 , 45.71 , 357.72 , 90.94 , 135.43 , 732.26 , 106.08 , 239.78 , 397.07 , 451.28 , 87.97 , 448.15 , 225.34 , 187.72 , 229.97 , 69.36 
8/2/23, 230.20 , 32.96 , 230.22 , 71.91 , 70.97 , 92.53 , 84.50 , 93.33 , 41.50 , 62.88 , 29.74 , 36.20 , 17.36 , 13.14 , 65.52 , 81.17 , 14.72 , 155.40 , 31.19 , 46.31 , 45.10 , 351.10 , 89.32 , 134.12 , 717.44 , 102.89 , 237.56 , 390.02 , 448.56 , 85.46 , 447.47 , 226.25 , 185.92 , 227.82 , 68.88 
8/3/23, 229.89 , 32.91 , 227.28 , 70.10 , 68.62 , 90.37 , 81.99 , 90.33 , 40.50 , 61.32 , 29.35 , 35.99 , 17.46 , 12.84 , 65.96 , 81.81 , 14.92 , 156.35 , 31.41 , 46.21 , 45.15 , 353.16 , 89.14 , 133.02 , 710.17 , 102.61 , 238.76 , 393.01 , 447.92 , 84.67 , 442.61 , 225.63 , 185.18 , 226.26 , 68.62 
8/4/23, 228.53 , 31.52 , 224.64 , 69.17 , 67.84 , 89.46 , 81.24 , 89.31 , 39.92 , 60.39 , 29.03 , 35.94 , 17.36 , 12.75 , 65.25 , 82.47 , 15.07 , 156.02 , 31.30 , 45.71 , 44.85 , 353.22 , 88.79 , 131.46 , 710.28 , 102.73 , 238.99 , 391.35 , 445.72 , 84.55 , 438.54 , 224.01 , 186.45 , 226.84 , 73.85 
8/7/23, 229.70 , 31.78 , 224.28 , 68.64 , 68.02 , 89.66 , 80.88 , 90.62 , 39.97 , 59.76 , 29.00 , 35.99 , 17.38 , 12.94 , 65.20 , 82.09 , 15.11 , 156.76 , 31.88 , 45.83 , 45.06 , 355.56 , 89.08 , 132.40 , 712.55 , 103.93 , 241.51 , 396.87 , 449.78 , 85.47 , 436.66 , 227.19 , 187.92 , 230.54 , 75.70 
8/8/23, 228.63 , 31.31 , 219.58 , 68.71 , 68.81 , 92.13 , 80.82 , 91.19 , 40.08 , 59.64 , 28.92 , 36.02 , 17.48 , 12.88 , 64.15 , 82.83 , 15.04 , 155.88 , 31.27 , 45.16 , 44.48 , 348.26 , 88.47 , 130.05 , 696.98 , 103.77 , 239.29 , 393.19 , 449.47 , 86.21 , 432.90 , 224.47 , 185.58 , 226.02 , 73.29 
8/9/23, 229.25 , 31.11 , 218.00 , 68.92 , 69.19 , 92.82 , 80.71 , 90.96 , 40.25 , 59.69 , 28.99 , 36.49 , 17.55 , 12.98 , 64.35 , 84.28 , 15.03 , 153.79 , 30.86 , 44.44 , 43.72 , 342.69 , 87.56 , 127.35 , 692.09 , 100.09 , 239.76 , 393.67 , 452.81 , 87.77 , 435.55 , 226.14 , 187.16 , 227.66 , 73.00 
8/10/23, 230.30 , 30.92 , 217.49 , 68.29 , 69.41 , 92.91 , 81.08 , 90.41 , 40.19 , 59.50 , 28.75 , 36.45 , 17.54 , 13.07 , 65.15 , 84.21 , 15.25 , 153.56 , 30.94 , 44.34 , 43.67 , 340.40 , 87.64 , 128.09 , 697.01 , 100.20 , 240.16 , 397.14 , 450.05 , 86.22 , 430.27 , 225.66 , 186.41 , 224.69 , 73.10 
8/11/23, 229.49 , 30.75 , 215.91 , 68.92 , 69.50 , 93.82 , 81.11 , 90.83 , 40.51 , 59.70 , 28.95 , 36.72 , 17.78 , 12.76 , 66.24 , 84.94 , 15.29 , 154.45 , 31.29 , 44.57 , 43.73 , 340.73 , 87.70 , 129.94 , 695.61 , 98.37 , 240.04 , 394.98 , 454.05 , 86.84 , 431.05 , 226.99 , 187.95 , 226.88 , 73.45 
8/14/23, 229.80 , 30.82 , 215.43 , 68.56 , 68.83 , 92.79 , 80.00 , 89.56 , 40.08 , 59.24 , 28.77 , 35.59 , 17.67 , 12.72 , 65.95 , 84.59 , 15.23 , 154.77 , 30.93 , 44.10 , 43.74 , 337.74 , 87.33 , 127.28 , 692.93 , 98.04 , 242.90 , 398.58 , 450.08 , 86.44 , 429.45 , 226.37 , 186.46 , 227.69 , 74.00 
8/15/23, 225.54 , 30.28 , 208.85 , 67.35 , 67.78 , 91.44 , 79.10 , 87.68 , 39.59 , 58.12 , 28.25 , 34.72 , 17.36 , 12.56 , 65.43 , 84.07 , 15.14 , 150.83 , 29.94 , 43.21 , 42.73 , 332.21 , 86.16 , 123.60 , 672.82 , 97.47 , 239.83 , 394.45 , 443.58 , 85.66 , 423.17 , 223.13 , 182.37 , 222.78 , 73.37 
8/16/23, 224.62 , 30.19 , 207.64 , 67.56 , 68.11 , 91.70 , 79.19 , 88.83 , 39.81 , 58.43 , 28.11 , 34.61 , 17.21 , 12.77 , 65.24 , 83.20 , 15.05 , 150.19 , 29.29 , 42.64 , 42.22 , 329.11 , 85.99 , 122.73 , 672.24 , 96.90 , 239.29 , 394.37 , 445.13 , 85.14 , 427.29 , 223.59 , 182.56 , 223.73 , 72.28 
8/17/23, 224.38 , 30.27 , 208.49 , 67.51 , 68.25 , 90.70 , 78.78 , 88.25 , 39.96 , 58.17 , 28.00 , 34.86 , 17.34 , 12.90 , 65.34 , 83.79 , 15.31 , 148.63 , 29.28 , 42.46 , 42.47 , 327.52 , 85.79 , 123.50 , 674.00 , 96.80 , 237.37 , 392.62 , 446.68 , 85.15 , 429.17 , 222.31 , 181.75 , 220.31 , 70.99 
8/18/23, 225.26 , 30.87 , 212.11 , 67.83 , 67.81 , 91.20 , 79.02 , 89.32 , 40.01 , 58.19 , 28.19 , 34.87 , 17.43 , 13.00 , 65.60 , 84.75 , 15.42 , 148.97 , 29.11 , 42.25 , 42.50 , 324.93 , 84.89 , 123.20 , 670.25 , 98.72 , 238.17 , 392.17 , 450.06 , 85.80 , 430.17 , 224.42 , 181.48 , 219.44 , 71.46 
8/21/23, 223.97 , 30.71 , 210.09 , 67.08 , 67.61 , 89.63 , 78.56 , 88.71 , 39.74 , 57.96 , 28.28 , 34.73 , 17.36 , 13.00 , 65.26 , 84.53 , 15.33 , 149.48 , 29.15 , 42.07 , 42.49 , 322.06 , 84.25 , 122.93 , 671.59 , 98.79 , 239.46 , 393.20 , 451.49 , 85.52 , 433.69 , 224.28 , 180.92 , 219.91 , 71.37 
8/22/23, 222.41 , 30.51 , 208.72 , 67.52 , 67.73 , 89.59 , 78.62 , 89.38 , 40.00 , 57.95 , 28.26 , 34.30 , 17.25 , 12.97 , 64.86 , 83.70 , 15.35 , 146.38 , 28.44 , 41.02 , 41.50 , 318.79 , 82.98 , 119.02 , 665.84 , 98.26 , 240.57 , 397.84 , 452.94 , 85.33 , 437.73 , 224.28 , 180.21 , 220.62 , 72.62 
8/23/23, 223.13 , 31.00 , 210.60 , 67.89 , 67.55 , 90.34 , 79.43 , 90.04 , 40.25 , 57.52 , 28.16 , 34.44 , 17.26 , 12.96 , 64.70 , 83.63 , 15.24 , 147.37 , 28.45 , 41.08 , 41.61 , 322.33 , 83.39 , 119.41 , 678.77 , 99.70 , 242.30 , 401.06 , 454.57 , 86.04 , 434.52 , 224.86 , 178.27 , 220.22 , 73.06 
8/24/23, 222.52 , 30.56 , 208.56 , 67.22 , 67.43 , 89.99 , 78.83 , 89.46 , 40.08 , 57.01 , 27.85 , 34.18 , 17.23 , 12.94 , 64.38 , 84.09 , 15.18 , 147.23 , 28.62 , 41.08 , 41.43 , 319.96 , 83.44 , 117.67 , 673.16 , 99.02 , 239.47 , 397.67 , 452.55 , 85.15 , 432.18 , 223.88 , 177.85 , 218.11 , 72.78 
8/25/23, 224.18 , 30.91 , 210.65 , 67.96 , 68.09 , 90.58 , 79.33 , 89.88 , 40.30 , 57.58 , 28.22 , 34.40 , 17.34 , 13.16 , 64.95 , 84.48 , 15.12 , 147.05 , 28.50 , 41.24 , 41.23 , 320.15 , 83.22 , 117.74 , 675.96 , 99.66 , 242.57 , 402.89 , 451.09 , 84.69 , 429.56 , 223.59 , 178.46 , 218.55 , 72.65 
8/28/23, 224.54 , 30.86 , 211.20 , 68.02 , 68.13 , 90.02 , 79.20 , 89.71 , 40.25 , 57.85 , 28.22 , 34.69 , 17.36 , 13.41 , 65.38 , 85.29 , 15.21 , 147.56 , 28.76 , 41.32 , 41.88 , 325.97 , 84.38 , 118.41 , 679.00 , 100.88 , 243.83 , 407.44 , 452.32 , 85.74 , 431.15 , 225.35 , 178.09 , 218.96 , 73.71 
8/29/23, 223.44 , 30.75 , 207.73 , 67.51 , 68.57 , 90.29 , 79.63 , 90.08 , 40.50 , 57.95 , 28.13 , 35.06 , 17.45 , 13.52 , 65.25 , 85.70 , 15.25 , 148.76 , 29.17 , 41.72 , 42.00 , 332.55 , 85.55 , 120.59 , 691.03 , 104.30 , 245.34 , 411.65 , 448.40 , 85.35 , 430.06 , 226.15 , 177.25 , 219.02 , 73.53 
8/30/23, 222.89 , 30.73 , 209.43 , 67.09 , 68.62 , 89.95 , 79.44 , 89.83 , 40.42 , 57.68 , 27.92 , 35.26 , 17.44 , 13.55 , 65.43 , 86.20 , 15.25 , 148.16 , 29.04 , 41.37 , 41.54 , 328.58 , 85.26 , 120.48 , 695.81 , 104.89 , 246.23 , 413.91 , 452.41 , 86.43 , 434.80 , 227.24 , 177.80 , 220.81 , 73.91 
8/31/23, 220.57 , 30.20 , 205.01 , 66.80 , 67.73 , 88.80 , 78.40 , 88.96 , 40.12 , 57.13 , 27.89 , 35.08 , 17.22 , 13.47 , 65.20 , 86.25 , 15.45 , 146.33 , 28.67 , 41.29 , 41.29 , 327.71 , 85.15 , 120.73 , 700.54 , 106.37 , 245.68 , 412.64 , 448.35 , 86.04 , 433.09 , 226.64 , 178.09 , 220.32 , 73.76 
9/1/23, 221.03 , 30.63 , 206.38 , 66.87 , 67.22 , 87.93 , 77.52 , 88.35 , 39.99 , 56.51 , 27.65 , 35.51 , 17.14 , 13.62 , 65.55 , 87.53 , 15.32 , 146.82 , 28.98 , 41.59 , 41.65 , 327.40 , 85.75 , 122.22 , 706.19 , 104.49 , 248.11 , 415.57 , 448.18 , 86.28 , 435.62 , 226.37 , 177.26 , 220.86 , 73.97 
9/5/23, 215.71 , 29.92 , 201.09 , 66.20 , 66.30 , 86.65 , 76.00 , 86.51 , 39.51 , 55.59 , 27.33 , 35.29 , 17.07 , 13.78 , 65.66 , 86.85 , 14.78 , 145.20 , 28.65 , 41.36 , 41.54 , 323.75 , 84.84 , 120.49 , 695.93 , 108.24 , 245.34 , 411.50 , 445.19 , 85.05 , 431.08 , 223.33 , 172.45 , 217.12 , 72.43 
9/6/23, 212.83 , 29.73 , 198.42 , 65.69 , 66.25 , 87.49 , 76.38 , 86.80 , 39.86 , 56.34 , 27.36 , 33.21 , 16.63 , 13.50 , 63.65 , 85.03 , 14.76 , 144.96 , 28.39 , 41.37 , 41.02 , 321.13 , 84.16 , 118.36 , 694.18 , 107.90 , 246.16 , 413.18 , 423.94 , 83.51 , 423.64 , 218.05 , 170.19 , 209.20 , 72.23 
9/7/23, 210.57 , 29.49 , 196.19 , 66.25 , 67.11 , 89.40 , 77.34 , 88.51 , 40.57 , 56.60 , 27.95 , 33.22 , 16.59 , 13.70 , 64.31 , 85.51 , 14.72 , 143.72 , 28.13 , 40.73 , 40.43 , 321.96 , 83.84 , 115.77 , 691.06 , 109.39 , 247.14 , 414.62 , 425.94 , 84.33 , 430.99 , 218.69 , 168.59 , 209.38 , 73.04 
9/8/23, 211.80 , 29.95 , 195.64 , 66.83 , 67.93 , 91.02 , 77.74 , 89.25 , 40.58 , 57.07 , 28.29 , 33.54 , 16.80 , 13.76 , 64.77 , 85.33 , 14.70 , 143.83 , 28.36 , 40.59 , 41.00 , 325.52 , 84.92 , 116.93 , 690.62 , 112.67 , 247.29 , 414.84 , 423.09 , 83.48 , 422.72 , 217.87 , 167.94 , 210.84 , 72.10 
9/11/23, 211.61 , 30.18 , 195.97 , 67.53 , 68.13 , 91.78 , 77.80 , 89.73 , 40.58 , 57.43 , 28.31 , 33.71 , 16.67 , 13.60 , 64.53 , 83.83 , 14.91 , 144.46 , 28.48 , 40.59 , 41.33 , 324.65 , 83.51 , 118.02 , 695.93 , 113.50 , 247.22 , 416.69 , 420.66 , 76.90 , 425.00 , 216.27 , 168.88 , 211.10 , 73.04 
9/12/23, 213.87 , 30.59 , 198.55 , 67.73 , 68.60 , 92.12 , 77.82 , 90.20 , 40.56 , 57.21 , 28.30 , 34.14 , 17.13 , 13.66 , 66.32 , 85.19 , 14.99 , 146.34 , 28.97 , 41.68 , 42.54 , 330.90 , 85.55 , 124.85 , 697.34 , 112.54 , 247.30 , 416.27 , 417.83 , 75.56 , 424.08 , 217.38 , 169.10 , 211.35 , 73.38 
9/13/23, 212.13 , 30.50 , 200.73 , 68.43 , 69.50 , 93.88 , 79.33 , 91.46 , 41.13 , 58.13 , 28.64 , 34.32 , 17.16 , 13.54 , 67.00 , 84.77 , 15.22 , 146.41 , 28.88 , 42.37 , 42.25 , 334.98 , 87.25 , 123.61 , 697.23 , 112.75 , 247.83 , 416.30 , 420.99 , 75.56 , 426.31 , 219.69 , 169.15 , 209.52 , 73.33 
9/14/23, 215.70 , 31.04 , 206.60 , 69.28 , 70.90 , 95.45 , 80.60 , 92.38 , 41.84 , 58.68 , 28.98 , 35.32 , 17.31 , 13.57 , 68.53 , 85.74 , 15.15 , 149.25 , 29.20 , 43.14 , 43.05 , 344.57 , 89.07 , 126.97 , 706.81 , 112.71 , 241.50 , 413.34 , 425.89 , 75.50 , 432.32 , 221.46 , 171.56 , 212.93 , 74.34 
9/15/23, 213.32 , 30.85 , 204.03 , 68.64 , 71.09 , 95.18 , 80.04 , 91.49 , 41.65 , 57.97 , 29.08 , 35.09 , 17.07 , 13.59 , 67.54 , 84.66 , 15.25 , 148.81 , 28.84 , 42.71 , 42.95 , 342.54 , 88.41 , 126.35 , 697.41 , 113.79 , 241.07 , 414.31 , 424.05 , 75.80 , 433.49 , 224.05 , 172.72 , 211.65 , 74.82 
9/18/23, 213.15 , 31.10 , 204.13 , 68.24 , 70.95 , 94.96 , 80.23 , 91.57 , 41.49 , 57.99 , 29.15 , 35.02 , 17.02 , 13.77 , 68.19 , 85.66 , 15.44 , 149.12 , 28.76 , 42.64 , 43.43 , 343.32 , 88.71 , 124.68 , 694.89 , 114.37 , 244.66 , 417.13 , 429.86 , 75.18 , 440.52 , 224.33 , 175.13 , 212.28 , 76.48 
9/19/23, 211.77 , 30.91 , 201.91 , 67.59 , 70.91 , 93.84 , 80.06 , 91.17 , 41.07 , 58.52 , 28.98 , 34.95 , 16.93 , 13.82 , 67.78 , 85.15 , 15.61 , 148.93 , 28.65 , 42.68 , 43.22 , 341.89 , 88.51 , 124.19 , 688.96 , 115.12 , 243.56 , 413.53 , 425.31 , 75.08 , 435.97 , 222.85 , 176.14 , 208.92 , 75.19 
9/20/23, 212.98 , 31.31 , 205.29 , 67.35 , 71.20 , 94.37 , 80.45 , 91.50 , 40.83 , 59.96 , 28.82 , 34.95 , 16.86 , 13.90 , 67.01 , 85.43 , 15.67 , 148.30 , 28.55 , 42.30 , 42.87 , 336.70 , 87.14 , 123.95 , 683.48 , 114.22 , 241.86 , 410.52 , 426.95 , 74.43 , 440.18 , 225.55 , 174.65 , 205.58 , 74.94 
9/21/23, 211.40 , 31.02 , 201.28 , 66.91 , 69.90 , 93.41 , 79.88 , 90.86 , 40.46 , 59.38 , 28.39 , 34.30 , 16.56 , 13.71 , 65.99 , 83.07 , 15.79 , 147.14 , 28.05 , 41.71 , 42.32 , 330.24 , 84.88 , 122.17 , 668.83 , 111.13 , 236.61 , 403.36 , 417.54 , 72.64 , 437.11 , 221.88 , 173.94 , 202.50 , 74.16 
9/22/23, 209.24 , 31.20 , 202.50 , 67.70 , 69.37 , 93.33 , 79.17 , 90.83 , 40.21 , 59.73 , 28.30 , 34.52 , 16.60 , 13.82 , 66.19 , 84.44 , 15.67 , 145.73 , 27.64 , 40.92 , 41.23 , 327.89 , 83.29 , 120.85 , 660.10 , 111.18 , 235.08 , 402.22 , 413.65 , 71.58 , 424.90 , 218.34 , 173.57 , 201.08 , 74.07 
9/25/23, 208.48 , 31.15 , 202.88 , 67.47 , 69.29 , 93.31 , 78.68 , 90.23 , 40.30 , 59.49 , 28.29 , 34.46 , 16.75 , 14.01 , 66.54 , 85.32 , 15.19 , 146.45 , 27.60 , 41.02 , 41.56 , 328.84 , 83.03 , 122.62 , 657.55 , 110.30 , 233.36 , 402.49 , 412.90 , 72.05 , 425.57 , 219.33 , 174.16 , 201.33 , 74.81 
9/26/23, 204.84 , 30.62 , 198.27 , 65.34 , 67.11 , 91.12 , 76.34 , 87.83 , 39.15 , 57.72 , 27.29 , 33.69 , 16.47 , 13.86 , 64.48 , 84.35 , 15.27 , 144.93 , 27.17 , 40.22 , 40.65 , 323.82 , 82.17 , 121.59 , 646.72 , 105.94 , 229.65 , 395.38 , 408.75 , 72.26 , 426.58 , 218.18 , 173.48 , 200.41 , 74.20 
9/27/23, 202.40 , 30.28 , 196.22 , 59.96 , 66.14 , 90.09 , 75.86 , 86.63 , 38.80 , 57.21 , 27.15 , 33.63 , 16.66 , 13.95 , 64.51 , 86.59 , 15.41 , 145.78 , 27.27 , 40.46 , 40.86 , 321.95 , 81.65 , 121.81 , 643.39 , 106.55 , 229.50 , 395.48 , 408.72 , 72.88 , 437.24 , 221.00 , 175.20 , 203.19 , 74.38 
9/28/23, 204.11 , 30.57 , 197.38 , 57.08 , 65.07 , 88.68 , 74.67 , 85.49 , 37.88 , 56.87 , 26.70 , 33.54 , 16.67 , 14.02 , 64.89 , 87.44 , 15.32 , 147.59 , 27.56 , 41.20 , 40.91 , 325.20 , 82.19 , 122.83 , 645.24 , 108.23 , 231.66 , 399.44 , 410.96 , 72.00 , 439.50 , 222.39 , 172.34 , 205.06 , 75.06 
9/29/23, 203.63 , 30.75 , 196.93 , 57.29 , 64.72 , 88.26 , 75.22 , 85.53 , 37.79 , 57.22 , 26.85 , 33.19 , 16.58 , 14.03 , 63.43 , 85.72 , 15.18 , 145.02 , 27.38 , 41.13 , 40.86 , 323.57 , 81.67 , 122.77 , 646.49 , 107.14 , 230.01 , 395.91 , 408.96 , 71.97 , 440.19 , 220.97 , 174.12 , 204.58 , 74.98 
10/2/23, 202.64 , 30.54 , 191.50 , 52.15 , 62.71 , 85.44 , 71.84 , 81.62 , 36.61 , 55.03 , 25.75 , 31.99 , 16.16 , 13.78 , 61.85 , 83.43 , 14.66 , 143.77 , 26.70 , 40.50 , 39.61 , 318.50 , 80.41 , 120.02 , 643.04 , 107.16 , 231.27 , 395.85 , 407.82 , 71.34 , 442.22 , 222.93 , 171.56 , 202.01 , 72.72 
10/3/23, 203.78 , 30.77 , 192.42 , 52.78 , 64.03 , 85.76 , 72.81 , 83.18 , 37.05 , 55.84 , 26.35 , 31.57 , 16.10 , 13.55 , 61.98 , 82.07 , 14.41 , 142.71 , 25.91 , 39.86 , 38.67 , 306.12 , 78.02 , 119.78 , 625.47 , 103.22 , 228.81 , 391.06 , 403.83 , 70.58 , 434.31 , 220.74 , 169.28 , 202.22 , 72.84 
10/4/23, 202.27 , 30.85 , 192.96 , 50.62 , 64.62 , 86.12 , 73.29 , 84.20 , 37.41 , 56.63 , 26.54 , 31.38 , 16.03 , 13.34 , 61.35 , 79.23 , 14.48 , 143.35 , 25.94 , 39.81 , 38.97 , 308.60 , 79.09 , 120.10 , 636.53 , 104.24 , 231.22 , 393.76 , 401.33 , 70.12 , 422.29 , 219.33 , 163.78 , 201.65 , 73.02 
10/5/23, 200.64 , 30.41 , 190.69 , 49.45 , 64.59 , 85.48 , 71.33 , 84.76 , 37.41 , 56.48 , 26.62 , 31.75 , 16.16 , 13.36 , 62.44 , 80.15 , 14.44 , 142.90 , 26.06 , 39.88 , 39.30 , 310.50 , 79.15 , 120.38 , 640.30 , 104.19 , 233.48 , 394.20 , 397.35 , 69.38 , 420.07 , 216.75 , 161.28 , 200.29 , 72.76 
10/6/23, 202.46 , 30.91 , 191.51 , 50.24 , 64.97 , 86.92 , 72.19 , 86.35 , 38.08 , 57.35 , 26.87 , 31.82 , 16.26 , 13.46 , 63.50 , 81.29 , 14.80 , 145.10 , 26.07 , 40.57 , 39.69 , 312.48 , 80.33 , 120.32 , 648.26 , 105.13 , 235.04 , 397.97 , 400.73 , 69.77 , 423.24 , 219.94 , 163.89 , 202.52 , 74.08 
10/9/23, 204.30 , 31.08 , 195.75 , 49.32 , 65.91 , 88.23 , 73.66 , 87.55 , 38.70 , 57.65 , 27.29 , 32.37 , 16.76 , 13.69 , 65.95 , 83.14 , 14.82 , 144.77 , 26.31 , 40.74 , 39.70 , 312.61 , 79.91 , 120.86 , 643.62 , 104.81 , 234.44 , 394.74 , 436.53 , 72.99 , 471.61 , 238.48 , 180.21 , 221.44 , 77.47 
10/10/23, 206.35 , 31.54 , 200.81 , 51.58 , 66.44 , 88.94 , 74.23 , 88.12 , 39.28 , 58.06 , 27.47 , 32.42 , 16.82 , 13.81 , 66.86 , 83.20 , 15.13 , 145.65 , 27.01 , 41.44 , 39.82 , 314.77 , 80.13 , 122.23 , 641.95 , 105.29 , 236.60 , 400.37 , 435.10 , 73.35 , 465.12 , 236.67 , 177.57 , 219.34 , 77.01 
10/11/23, 209.48 , 31.61 , 202.00 , 53.54 , 67.10 , 89.87 , 75.28 , 88.45 , 40.04 , 58.81 , 27.75 , 32.81 , 16.85 , 13.76 , 67.46 , 85.50 , 15.25 , 146.15 , 27.02 , 41.53 , 39.69 , 313.02 , 78.90 , 122.74 , 642.67 , 107.27 , 235.68 , 399.81 , 436.65 , 73.31 , 473.37 , 237.78 , 176.82 , 220.30 , 77.38 
10/12/23, 207.99 , 31.16 , 200.98 , 53.00 , 65.70 , 88.03 , 73.48 , 87.37 , 39.83 , 58.15 , 27.53 , 32.55 , 16.91 , 13.77 , 68.10 , 85.52 , 15.46 , 145.81 , 26.90 , 41.53 , 39.74 , 309.85 , 77.81 , 121.32 , 636.17 , 104.86 , 236.78 , 399.90 , 434.14 , 73.30 , 477.31 , 237.40 , 173.80 , 218.81 , 76.71 
10/13/23, 207.75 , 31.14 , 200.94 , 54.49 , 66.55 , 88.68 , 74.47 , 88.02 , 39.95 , 58.86 , 27.57 , 32.73 , 17.11 , 13.83 , 69.12 , 87.22 , 15.48 , 148.00 , 26.76 , 41.43 , 40.96 , 309.30 , 77.79 , 118.14 , 627.66 , 103.80 , 237.67 , 398.03 , 441.06 , 73.25 , 490.15 , 243.04 , 177.24 , 224.83 , 77.36 
10/16/23, 210.83 , 31.41 , 207.55 , 54.38 , 67.50 , 89.46 , 76.06 , 88.66 , 40.17 , 59.56 , 27.78 , 33.15 , 17.28 , 13.90 , 70.07 , 87.93 , 15.58 , 147.85 , 26.99 , 40.95 , 41.65 , 314.39 , 78.73 , 118.13 , 635.45 , 104.54 , 240.07 , 401.16 , 440.41 , 73.98 , 489.07 , 242.87 , 179.00 , 225.16 , 77.97 
10/17/23, 211.34 , 31.37 , 207.83 , 54.17 , 67.11 , 88.96 , 75.67 , 88.90 , 40.06 , 59.51 , 27.94 , 32.59 , 17.33 , 13.84 , 69.51 , 87.85 , 15.70 , 147.53 , 27.62 , 41.20 , 41.98 , 309.36 , 80.33 , 119.13 , 636.10 , 105.33 , 241.20 , 401.77 , 441.13 , 73.89 , 489.00 , 241.27 , 178.30 , 222.96 , 78.29 
10/18/23, 205.92 , 30.67 , 203.44 , 53.24 , 66.60 , 88.19 , 75.17 , 88.28 , 39.91 , 59.33 , 27.68 , 32.18 , 17.14 , 13.93 , 68.64 , 87.51 , 15.78 , 145.91 , 27.31 , 40.47 , 41.53 , 301.96 , 74.88 , 115.69 , 616.69 , 102.30 , 237.47 , 393.21 , 446.07 , 74.24 , 490.76 , 239.81 , 179.55 , 223.01 , 77.43 
10/19/23, 210.33 , 30.54 , 200.09 , 52.39 , 66.44 , 87.78 , 74.42 , 87.67 , 39.77 , 59.05 , 27.47 , 32.09 , 17.01 , 14.03 , 69.21 , 87.71 , 15.70 , 145.29 , 26.96 , 40.06 , 41.18 , 299.19 , 72.92 , 115.66 , 622.51 , 94.22 , 233.81 , 387.87 , 449.18 , 73.89 , 489.94 , 237.95 , 177.90 , 221.33 , 77.18 
10/20/23, 211.34 , 30.76 , 201.70 , 51.96 , 65.73 , 87.03 , 73.35 , 87.06 , 39.30 , 58.10 , 27.14 , 31.82 , 16.99 , 14.00 , 67.58 , 86.69 , 15.59 , 142.95 , 26.31 , 39.68 , 40.27 , 300.05 , 73.13 , 111.82 , 614.83 , 94.42 , 233.38 , 384.41 , 444.17 , 72.55 , 485.70 , 234.94 , 176.10 , 219.09 , 76.51 
10/23/23, 207.76 , 30.16 , 196.90 , 51.52 , 65.43 , 86.33 , 73.35 , 86.59 , 38.40 , 58.05 , 26.80 , 32.12 , 16.98 , 13.78 , 66.74 , 86.40 , 15.58 , 141.00 , 25.57 , 38.89 , 39.48 , 299.22 , 71.70 , 109.71 , 614.73 , 92.74 , 231.53 , 383.67 , 446.16 , 73.13 , 480.60 , 233.21 , 176.87 , 216.34 , 75.00 
10/24/23, 205.44 , 29.68 , 196.24 , 55.12 , 66.45 , 87.76 , 74.74 , 87.97 , 38.86 , 59.08 , 27.32 , 32.13 , 16.85 , 13.75 , 66.60 , 85.49 , 15.50 , 141.17 , 25.47 , 38.93 , 39.28 , 299.18 , 71.56 , 111.28 , 612.39 , 95.17 , 234.65 , 386.91 , 440.90 , 78.38 , 478.44 , 233.00 , 173.02 , 214.33 , 75.29 
10/25/23, 205.22 , 29.60 , 185.79 , 56.46 , 66.61 , 88.15 , 75.36 , 88.31 , 39.00 , 59.47 , 27.46 , 32.26 , 16.79 , 13.69 , 66.27 , 85.35 , 15.33 , 140.40 , 25.55 , 38.61 , 39.03 , 296.76 , 71.40 , 111.29 , 608.68 , 91.91 , 236.85 , 386.31 , 447.69 , 78.41 , 483.26 , 242.40 , 175.74 , 215.06 , 75.53 
10/26/23, 202.24 , 29.59 , 185.30 , 57.57 , 67.16 , 89.20 , 75.77 , 89.30 , 39.15 , 59.77 , 27.60 , 32.00 , 16.70 , 13.57 , 66.32 , 85.71 , 15.15 , 140.76 , 26.12 , 39.34 , 39.65 , 296.99 , 72.07 , 114.36 , 607.07 , 92.30 , 231.28 , 364.59 , 445.97 , 79.15 , 477.78 , 240.55 , 175.21 , 218.03 , 75.68 
10/27/23, 201.72 , 29.24 , 184.53 , 56.24 , 66.53 , 87.53 , 74.93 , 87.47 , 38.43 , 58.31 , 26.69 , 31.39 , 16.37 , 13.11 , 65.44 , 84.39 , 14.91 , 135.69 , 25.17 , 38.24 , 38.76 , 289.91 , 70.40 , 111.24 , 598.08 , 89.61 , 229.27 , 364.08 , 443.39 , 79.16 , 473.07 , 238.25 , 170.93 , 213.12 , 74.01 
10/30/23, 205.80 , 29.40 , 187.57 , 57.20 , 66.79 , 87.90 , 75.41 , 87.48 , 38.45 , 58.74 , 26.89 , 31.86 , 16.13 , 13.15 , 65.61 , 83.60 , 15.15 , 137.42 , 25.69 , 38.93 , 39.43 , 300.83 , 70.59 , 112.89 , 607.12 , 92.38 , 233.08 , 372.42 , 445.84 , 78.57 , 468.68 , 238.98 , 174.36 , 217.35 , 73.15 
10/31/23, 207.61 , 29.85 , 190.79 , 58.30 , 67.30 , 88.89 , 75.54 , 87.79 , 38.94 , 59.27 , 26.88 , 32.04 , 16.20 , 13.15 , 65.20 , 83.61 , 15.38 , 139.06 , 26.34 , 39.49 , 39.77 , 303.61 , 70.82 , 114.47 , 612.28 , 92.35 , 235.10 , 376.35 , 454.64 , 81.39 , 471.43 , 241.31 , 179.41 , 219.82 , 74.28 
11/1/23, 207.56 , 29.57 , 190.19 , 58.43 , 68.43 , 89.54 , 76.48 , 89.16 , 39.53 , 60.54 , 27.32 , 32.40 , 16.35 , 13.15 , 64.54 , 84.15 , 15.88 , 138.94 , 26.40 , 39.60 , 39.61 , 307.16 , 70.95 , 113.46 , 616.21 , 94.75 , 238.58 , 377.82 , 452.38 , 82.15 , 468.26 , 242.70 , 178.72 , 220.99 , 74.58 
11/2/23, 211.39 , 30.39 , 191.86 , 59.91 , 70.12 , 89.89 , 79.24 , 90.16 , 40.70 , 61.07 , 27.49 , 33.51 , 16.90 , 13.64 , 66.65 , 90.25 , 15.82 , 141.42 , 27.62 , 41.35 , 40.51 , 313.76 , 73.46 , 119.85 , 644.49 , 98.20 , 243.25 , 382.69 , 458.04 , 82.78 , 475.77 , 244.01 , 183.06 , 233.85 , 76.90 
11/3/23, 212.13 , 30.40 , 194.56 , 59.38 , 70.39 , 90.28 , 79.72 , 90.07 , 40.56 , 61.03 , 27.39 , 33.83 , 16.87 , 13.66 , 66.84 , 88.12 , 15.84 , 143.00 , 28.42 , 42.26 , 41.62 , 327.62 , 76.26 , 123.21 , 657.97 , 100.90 , 243.60 , 386.05 , 453.34 , 82.72 , 470.58 , 243.21 , 185.67 , 233.96 , 76.13 
11/6/23, 213.10 , 30.38 , 195.28 , 59.04 , 69.23 , 89.72 , 79.25 , 90.54 , 40.02 , 60.56 , 27.24 , 33.85 , 16.67 , 13.51 , 66.28 , 87.54 , 15.55 , 144.08 , 28.33 , 42.04 , 41.34 , 323.91 , 75.92 , 121.55 , 653.22 , 98.33 , 243.49 , 386.16 , 451.16 , 82.40 , 471.00 , 243.93 , 181.76 , 234.55 , 76.20 
11/7/23, 211.41 , 30.35 , 194.40 , 58.46 , 68.72 , 89.28 , 78.85 , 89.48 , 39.74 , 59.83 , 27.19 , 33.64 , 16.55 , 13.31 , 64.70 , 85.52 , 15.25 , 144.01 , 28.16 , 41.96 , 41.04 , 323.95 , 75.51 , 120.78 , 648.59 , 98.93 , 244.77 , 388.87 , 450.15 , 82.67 , 467.70 , 242.73 , 182.89 , 232.24 , 76.06 
11/8/23, 212.00 , 30.37 , 194.81 , 57.50 , 68.60 , 88.36 , 78.15 , 88.68 , 39.58 , 59.08 , 26.86 , 33.56 , 16.34 , 13.07 , 63.63 , 83.38 , 15.14 , 144.72 , 27.89 , 41.82 , 40.98 , 324.56 , 75.97 , 120.26 , 654.95 , 99.16 , 243.91 , 389.70 , 444.66 , 83.20 , 460.48 , 242.02 , 181.49 , 228.52 , 76.02 
11/9/23, 210.23 , 30.17 , 193.81 , 54.72 , 68.04 , 87.96 , 77.26 , 89.25 , 39.25 , 58.70 , 26.76 , 33.37 , 16.21 , 13.02 , 63.83 , 83.69 , 15.25 , 144.29 , 27.53 , 41.50 , 40.40 , 320.78 , 74.19 , 119.36 , 651.82 , 96.85 , 241.64 , 387.96 , 442.46 , 82.43 , 461.09 , 240.10 , 180.76 , 228.14 , 75.27 
11/10/23, 211.49 , 30.70 , 196.88 , 55.14 , 68.10 , 88.27 , 77.70 , 89.35 , 39.43 , 59.20 , 27.12 , 33.40 , 16.44 , 13.14 , 64.36 , 84.56 , 15.34 , 146.43 , 27.68 , 42.08 , 40.89 , 325.51 , 75.33 , 120.43 , 665.00 , 98.64 , 245.25 , 394.38 , 444.87 , 82.22 , 463.27 , 243.55 , 182.17 , 229.93 , 76.60 
11/13/23, 209.40 , 30.45 , 199.07 , 54.50 , 67.34 , 87.02 , 75.02 , 88.37 , 38.80 , 58.27 , 26.73 , 33.81 , 16.52 , 13.19 , 64.66 , 84.91 , 15.48 , 145.78 , 27.70 , 42.70 , 40.77 , 326.91 , 75.04 , 119.60 , 661.45 , 97.73 , 244.67 , 394.35 , 445.03 , 82.03 , 464.38 , 246.65 , 183.85 , 233.36 , 76.85 
11/14/23, 215.69 , 31.11 , 204.12 , 57.55 , 69.21 , 89.85 , 77.41 , 90.50 , 39.59 , 60.30 , 27.67 , 33.27 , 16.80 , 13.31 , 65.73 , 86.43 , 15.44 , 148.44 , 29.22 , 44.36 , 42.08 , 338.72 , 78.31 , 126.66 , 697.35 , 102.59 , 246.94 , 397.65 , 444.22 , 80.69 , 466.83 , 247.86 , 187.61 , 235.92 , 78.46 