Date,UNP,CSX,NSC,NEE,SO,DUK,AEP,ED,EXC,XEL,CNP,ENB,KMI,ET,OKE,TRGP,PAA,JPM,BAC,C,WFC,GS,MS,PNC,BLK,BX,V,MA,LMT,RTX,NOC,GD,LHX,HII,BWXT
11/15/23,$218.08 ,$30.99 ,$207.01 ,$57.00 ,$68.77 ,$89.61 ,$76.53 ,$90.55 ,$39.67 ,$60.09 ,$27.43 ,$33.40 ,$16.92 ,$13.36 ,$66.12 ,$86.27 ,$15.28 ,$149.74 ,$29.62 ,$44.88 ,$42.84 ,$337.60 ,$79.68 ,$128.96 ,$708.84 ,$104.28 ,$248.11 ,$396.83 ,$445.14 ,$80.63 ,$464.99 ,$245.76 ,$187.44 ,$234.90 ,$76.39 
11/16/23,$219.36 ,$31.33 ,$208.34 ,$56.60 ,$70.27 ,$90.18 ,$77.38 ,$91.13 ,$39.48 ,$60.70 ,$27.66 ,$32.90 ,$16.82 ,$13.18 ,$65.52 ,$83.85 ,$15.54 ,$151.45 ,$29.54 ,$44.67 ,$42.53 ,$336.67 ,$79.66 ,$129.34 ,$714.90 ,$103.70 ,$248.57 ,$397.10 ,$445.59 ,$80.23 ,$463.88 ,$245.26 ,$186.26 ,$234.57 ,$77.01 
11/17/23,$219.21 ,$31.62 ,$211.04 ,$57.37 ,$69.77 ,$90.01 ,$77.39 ,$91.36 ,$38.95 ,$60.56 ,$27.80 ,$33.68 ,$16.96 ,$13.52 ,$66.63 ,$86.02 ,$15.53 ,$152.82 ,$29.98 ,$45.36 ,$42.96 ,$339.19 ,$80.28 ,$130.26 ,$716.86 ,$104.96 ,$249.56 ,$400.30 ,$444.68 ,$79.68 ,$464.17 ,$244.69 ,$185.69 ,$236.75 ,$77.34 
11/20/23,$221.10 ,$32.06 ,$212.12 ,$57.34 ,$69.44 ,$89.30 ,$77.19 ,$90.94 ,$39.08 ,$60.06 ,$27.59 ,$33.68 ,$16.94 ,$13.56 ,$66.89 ,$86.88 ,$15.56 ,$153.29 ,$30.01 ,$45.26 ,$42.79 ,$339.45 ,$79.70 ,$130.34 ,$720.92 ,$106.45 ,$249.97 ,$404.40 ,$443.81 ,$79.17 ,$465.82 ,$245.78 ,$186.48 ,$239.56 ,$78.24 
11/21/23,$222.00 ,$32.25 ,$213.10 ,$57.98 ,$69.65 ,$89.88 ,$78.04 ,$90.49 ,$38.88 ,$60.02 ,$27.50 ,$33.86 ,$17.12 ,$13.70 ,$66.91 ,$87.56 ,$15.57 ,$152.97 ,$29.66 ,$45.09 ,$42.60 ,$334.97 ,$78.47 ,$127.97 ,$724.64 ,$105.78 ,$252.23 ,$408.95 ,$448.15 ,$78.15 ,$471.07 ,$246.41 ,$188.56 ,$239.28 ,$77.86 
11/22/23,$223.49 ,$32.55 ,$213.91 ,$57.47 ,$69.59 ,$90.36 ,$78.25 ,$90.52 ,$38.86 ,$60.43 ,$27.79 ,$33.93 ,$17.29 ,$13.74 ,$66.66 ,$87.22 ,$15.60 ,$153.33 ,$29.63 ,$45.02 ,$42.78 ,$338.64 ,$78.49 ,$127.95 ,$727.14 ,$106.78 ,$253.72 ,$410.33 ,$450.40 ,$79.82 ,$471.45 ,$247.33 ,$187.83 ,$238.08 ,$78.36 
11/24/23,$224.28 ,$32.64 ,$215.86 ,$57.55 ,$69.61 ,$90.74 ,$78.50 ,$90.96 ,$39.19 ,$60.52 ,$27.93 ,$34.23 ,$17.35 ,$13.72 ,$67.32 ,$87.84 ,$15.44 ,$153.54 ,$29.73 ,$45.23 ,$42.92 ,$339.15 ,$78.65 ,$128.70 ,$730.10 ,$107.00 ,$254.30 ,$412.50 ,$452.01 ,$79.98 ,$471.52 ,$247.83 ,$191.01 ,$238.34 ,$78.82 
11/27/23,$219.85 ,$31.94 ,$211.88 ,$57.58 ,$70.26 ,$90.93 ,$78.54 ,$90.67 ,$39.14 ,$60.45 ,$27.95 ,$33.94 ,$17.31 ,$13.67 ,$67.21 ,$87.97 ,$15.42 ,$153.19 ,$29.56 ,$45.08 ,$43.02 ,$337.71 ,$77.95 ,$128.85 ,$730.68 ,$106.75 ,$254.14 ,$408.97 ,$445.49 ,$79.47 ,$468.39 ,$246.36 ,$187.92 ,$236.45 ,$78.10 
11/28/23,$221.23 ,$32.05 ,$212.40 ,$58.16 ,$70.49 ,$91.13 ,$79.73 ,$90.80 ,$39.16 ,$60.97 ,$28.15 ,$34.15 ,$17.29 ,$13.67 ,$66.99 ,$87.50 ,$15.59 ,$153.54 ,$29.53 ,$44.86 ,$43.37 ,$337.65 ,$76.88 ,$129.59 ,$736.76 ,$107.64 ,$252.94 ,$409.01 ,$448.27 ,$80.19 ,$470.08 ,$245.22 ,$189.10 ,$236.68 ,$77.19 
11/29/23,$221.47 ,$31.73 ,$215.08 ,$58.36 ,$70.23 ,$90.71 ,$79.22 ,$89.94 ,$38.39 ,$60.00 ,$27.89 ,$34.51 ,$17.32 ,$13.68 ,$67.39 ,$88.01 ,$15.88 ,$154.32 ,$30.31 ,$45.75 ,$43.78 ,$340.26 ,$78.55 ,$132.38 ,$747.30 ,$111.37 ,$254.23 ,$409.82 ,$445.01 ,$80.95 ,$467.41 ,$244.83 ,$188.66 ,$233.75 ,$76.71 
11/30/23,$225.27 ,$32.30 ,$218.16 ,$58.51 ,$70.98 ,$92.28 ,$79.55 ,$90.11 ,$38.51 ,$60.84 ,$28.27 ,$34.87 ,$17.57 ,$13.89 ,$68.85 ,$90.45 ,$15.92 ,$156.08 ,$30.49 ,$46.10 ,$44.59 ,$341.54 ,$79.34 ,$133.96 ,$751.23 ,$112.37 ,$256.68 ,$413.83 ,$447.77 ,$81.48 ,$475.16 ,$246.97 ,$190.81 ,$237.02 ,$78.03 
12/1/23,$231.37 ,$33.40 ,$226.47 ,$59.17 ,$71.52 ,$92.64 ,$80.51 ,$91.68 ,$38.99 ,$61.43 ,$28.79 ,$35.18 ,$17.75 ,$13.89 ,$69.87 ,$90.16 ,$15.80 ,$156.84 ,$30.96 ,$47.23 ,$45.02 ,$348.43 ,$80.89 ,$139.00 ,$756.35 ,$114.28 ,$256.45 ,$414.36 ,$449.41 ,$82.32 ,$479.84 ,$249.69 ,$194.69 ,$238.74 ,$78.83 
12/4/23,$233.90 ,$33.66 ,$228.03 ,$58.67 ,$71.28 ,$92.73 ,$80.13 ,$91.99 ,$38.73 ,$61.47 ,$28.85 ,$35.15 ,$17.85 ,$13.89 ,$70.21 ,$89.31 ,$15.51 ,$157.99 ,$30.82 ,$47.37 ,$45.12 ,$349.39 ,$81.21 ,$140.79 ,$756.43 ,$115.54 ,$254.44 ,$408.23 ,$450.69 ,$83.13 ,$480.33 ,$252.21 ,$199.28 ,$242.60 ,$81.45 
12/5/23,$232.17 ,$33.29 ,$223.91 ,$58.23 ,$70.93 ,$92.47 ,$79.31 ,$91.19 ,$38.50 ,$61.03 ,$28.56 ,$35.09 ,$17.50 ,$13.76 ,$69.28 ,$87.75 ,$15.21 ,$157.97 ,$30.58 ,$46.70 ,$44.49 ,$341.75 ,$80.17 ,$138.66 ,$754.30 ,$115.28 ,$254.61 ,$408.69 ,$446.24 ,$82.69 ,$476.61 ,$250.89 ,$198.01 ,$240.48 ,$79.95 
12/6/23,$232.97 ,$33.52 ,$228.08 ,$60.20 ,$72.26 ,$93.94 ,$80.36 ,$91.65 ,$39.41 ,$61.97 ,$28.78 ,$34.87 ,$17.53 ,$13.48 ,$68.47 ,$85.63 ,$14.95 ,$156.31 ,$30.53 ,$47.86 ,$44.50 ,$341.97 ,$79.41 ,$139.36 ,$743.07 ,$112.11 ,$254.29 ,$410.38 ,$449.41 ,$82.71 ,$480.29 ,$251.95 ,$198.95 ,$243.59 ,$80.60 
12/7/23,$231.49 ,$33.50 ,$227.39 ,$59.85 ,$71.65 ,$94.46 ,$80.20 ,$92.44 ,$39.34 ,$61.55 ,$28.76 ,$34.80 ,$17.50 ,$13.33 ,$67.27 ,$84.72 ,$14.87 ,$156.79 ,$30.66 ,$48.50 ,$45.40 ,$344.62 ,$80.35 ,$139.77 ,$745.44 ,$113.86 ,$255.82 ,$413.15 ,$447.11 ,$81.50 ,$477.48 ,$251.49 ,$196.68 ,$245.19 ,$79.69 
12/8/23,$229.77 ,$32.96 ,$221.00 ,$59.70 ,$71.50 ,$94.39 ,$79.64 ,$91.55 ,$39.21 ,$60.91 ,$28.77 ,$34.92 ,$17.70 ,$13.30 ,$68.24 ,$86.56 ,$14.83 ,$158.52 ,$30.96 ,$48.89 ,$46.10 ,$350.83 ,$82.28 ,$140.67 ,$744.73 ,$112.57 ,$255.74 ,$412.16 ,$448.02 ,$81.32 ,$476.25 ,$252.29 ,$195.81 ,$246.89 ,$79.24 
12/11/23,$232.03 ,$33.20 ,$221.75 ,$59.71 ,$71.36 ,$95.36 ,$80.49 ,$91.87 ,$39.52 ,$61.55 ,$29.05 ,$34.99 ,$17.57 ,$13.27 ,$67.23 ,$85.66 ,$14.58 ,$159.10 ,$30.85 ,$48.15 ,$46.00 ,$351.76 ,$82.82 ,$141.00 ,$752.41 ,$112.99 ,$256.52 ,$415.71 ,$451.26 ,$81.89 ,$478.76 ,$252.42 ,$201.07 ,$250.38 ,$79.64 
12/12/23,$232.91 ,$33.22 ,$222.27 ,$59.52 ,$70.47 ,$95.33 ,$80.00 ,$91.73 ,$39.44 ,$61.16 ,$29.01 ,$34.68 ,$17.22 ,$13.25 ,$66.06 ,$84.44 ,$14.89 ,$160.52 ,$30.74 ,$48.06 ,$46.47 ,$352.61 ,$83.60 ,$140.85 ,$759.29 ,$113.21 ,$259.56 ,$420.75 ,$451.63 ,$81.04 ,$479.25 ,$253.20 ,$200.31 ,$254.48 ,$80.01 
12/13/23,$236.69 ,$33.24 ,$227.61 ,$62.51 ,$73.08 ,$98.08 ,$83.57 ,$94.01 ,$41.00 ,$63.33 ,$30.20 ,$35.48 ,$17.48 ,$13.53 ,$67.31 ,$84.85 ,$15.05 ,$161.06 ,$32.04 ,$49.34 ,$47.76 ,$362.73 ,$85.63 ,$146.32 ,$773.43 ,$119.75 ,$262.38 ,$424.68 ,$451.44 ,$83.22 ,$485.01 ,$255.85 ,$208.08 ,$257.59 ,$79.89 
12/14/23,$242.86 ,$33.84 ,$233.77 ,$62.78 ,$71.50 ,$98.31 ,$83.33 ,$91.91 ,$37.90 ,$62.57 ,$29.70 ,$35.56 ,$17.69 ,$13.76 ,$68.61 ,$86.28 ,$14.86 ,$163.99 ,$33.94 ,$50.24 ,$50.51 ,$383.47 ,$91.04 ,$153.31 ,$807.13 ,$128.47 ,$258.73 ,$418.56 ,$445.27 ,$81.86 ,$463.66 ,$251.15 ,$206.60 ,$255.83 ,$77.32 
12/15/23,$241.98 ,$34.00 ,$232.27 ,$61.50 ,$70.86 ,$96.63 ,$82.23 ,$89.85 ,$35.49 ,$61.58 ,$28.86 ,$35.38 ,$17.49 ,$13.71 ,$67.93 ,$85.41 ,$14.99 ,$165.23 ,$33.60 ,$49.83 ,$50.31 ,$380.51 ,$91.58 ,$152.33 ,$819.00 ,$129.37 ,$258.03 ,$418.57 ,$441.81 ,$80.28 ,$461.05 ,$252.55 ,$208.37 ,$253.55 ,$76.58 
12/18/23,$241.10 ,$34.33 ,$232.19 ,$61.00 ,$71.42 ,$97.17 ,$81.73 ,$90.00 ,$34.45 ,$62.35 ,$28.81 ,$35.51 ,$17.57 ,$13.85 ,$68.25 ,$85.98 ,$15.08 ,$166.23 ,$33.43 ,$49.66 ,$49.66 ,$376.40 ,$90.76 ,$151.41 ,$796.44 ,$125.96 ,$258.37 ,$424.43 ,$446.91 ,$80.69 ,$465.42 ,$252.87 ,$209.80 ,$255.02 ,$77.56 
12/19/23,$242.65 ,$34.58 ,$233.62 ,$61.57 ,$71.26 ,$96.81 ,$82.13 ,$90.31 ,$35.41 ,$62.12 ,$28.97 ,$35.92 ,$17.64 ,$13.87 ,$69.14 ,$86.27 ,$15.06 ,$168.45 ,$33.51 ,$50.93 ,$50.09 ,$382.45 ,$91.92 ,$154.60 ,$801.38 ,$128.29 ,$259.99 ,$425.47 ,$447.79 ,$82.62 ,$464.16 ,$253.89 ,$210.12 ,$257.01 ,$77.29 
12/20/23,$237.84 ,$34.36 ,$229.78 ,$59.84 ,$69.69 ,$95.68 ,$80.32 ,$89.35 ,$34.81 ,$61.31 ,$28.30 ,$35.35 ,$17.50 ,$13.72 ,$68.45 ,$85.78 ,$15.09 ,$166.55 ,$32.98 ,$50.07 ,$49.34 ,$377.52 ,$91.14 ,$149.67 ,$789.23 ,$126.10 ,$257.11 ,$419.45 ,$442.60 ,$81.64 ,$457.16 ,$249.56 ,$206.58 ,$252.43 ,$76.16 
12/21/23,$242.11 ,$34.46 ,$234.42 ,$59.60 ,$69.37 ,$96.36 ,$80.04 ,$89.21 ,$35.07 ,$61.53 ,$28.30 ,$35.81 ,$17.64 ,$13.79 ,$69.53 ,$87.11 ,$15.09 ,$167.50 ,$33.20 ,$50.60 ,$49.45 ,$380.57 ,$92.63 ,$151.77 ,$799.10 ,$129.14 ,$259.54 ,$423.44 ,$448.02 ,$82.01 ,$459.22 ,$252.43 ,$207.54 ,$254.02 ,$76.70 
12/22/23,$243.58 ,$34.63 ,$234.12 ,$59.75 ,$69.44 ,$96.86 ,$80.38 ,$89.68 ,$35.26 ,$62.06 ,$28.38 ,$36.06 ,$17.72 ,$13.76 ,$70.16 ,$86.71 ,$15.14 ,$167.40 ,$33.43 ,$50.86 ,$49.18 ,$380.65 ,$92.41 ,$152.47 ,$802.42 ,$130.69 ,$258.43 ,$424.10 ,$448.22 ,$83.23 ,$463.13 ,$254.10 ,$208.49 ,$256.09 ,$77.05 
12/26/23,$245.29 ,$34.95 ,$236.34 ,$60.21 ,$69.45 ,$96.73 ,$80.73 ,$90.27 ,$35.53 ,$62.25 ,$28.50 ,$36.32 ,$17.85 ,$13.78 ,$71.14 ,$87.55 ,$15.15 ,$168.39 ,$33.86 ,$51.34 ,$49.64 ,$381.61 ,$92.84 ,$154.10 ,$806.61 ,$131.37 ,$259.16 ,$423.67 ,$450.18 ,$84.05 ,$464.50 ,$256.21 ,$209.72 ,$257.83 ,$77.01 
12/27/23,$245.81 ,$34.65 ,$235.53 ,$60.58 ,$69.41 ,$96.30 ,$80.81 ,$89.80 ,$35.41 ,$61.54 ,$28.38 ,$36.31 ,$17.77 ,$13.79 ,$70.98 ,$87.06 ,$15.11 ,$169.40 ,$33.84 ,$51.46 ,$49.33 ,$384.48 ,$93.66 ,$155.00 ,$813.25 ,$132.61 ,$258.93 ,$424.36 ,$448.97 ,$84.17 ,$464.22 ,$257.43 ,$209.89 ,$258.31 ,$76.64 
12/28/23,$246.02 ,$34.74 ,$236.53 ,$61.02 ,$70.16 ,$96.92 ,$81.33 ,$90.65 ,$35.85 ,$61.89 ,$28.56 ,$36.08 ,$17.69 ,$13.77 ,$70.52 ,$86.35 ,$15.15 ,$170.30 ,$33.88 ,$51.52 ,$49.48 ,$386.41 ,$93.64 ,$155.63 ,$814.41 ,$133.13 ,$260.40 ,$426.32 ,$451.23 ,$84.17 ,$465.68 ,$258.14 ,$210.92 ,$258.47 ,$76.59 
12/29/23,$245.62 ,$34.67 ,$236.38 ,$60.74 ,$70.12 ,$97.04 ,$81.22 ,$90.97 ,$35.90 ,$61.91 ,$28.57 ,$36.02 ,$17.64 ,$13.80 ,$70.22 ,$86.87 ,$15.30 ,$170.10 ,$33.67 ,$51.44 ,$49.22 ,$385.77 ,$93.25 ,$154.85 ,$811.80 ,$130.92 ,$260.35 ,$426.51 ,$453.24 ,$84.14 ,$468.14 ,$259.67 ,$210.62 ,$259.64 ,$76.73 
1/2/24,$243.43 ,$34.62 ,$235.66 ,$61.57 ,$70.85 ,$97.81 ,$83.18 ,$92.41 ,$36.47 ,$63.47 ,$29.01 ,$36.30 ,$17.83 ,$13.88 ,$71.02 ,$86.42 ,$15.41 ,$172.08 ,$33.90 ,$53.04 ,$49.33 ,$388.30 ,$93.90 ,$156.50 ,$800.30 ,$128.27 ,$258.87 ,$421.89 ,$456.12 ,$85.22 ,$470.09 ,$258.60 ,$209.78 ,$260.11 ,$76.34 
1/3/24,$241.70 ,$34.66 ,$232.97 ,$61.99 ,$72.24 ,$98.78 ,$83.38 ,$93.00 ,$36.18 ,$63.58 ,$29.13 ,$36.47 ,$18.05 ,$14.02 ,$71.74 ,$87.75 ,$15.31 ,$171.33 ,$33.53 ,$53.64 ,$48.68 ,$381.79 ,$91.91 ,$151.66 ,$784.15 ,$122.35 ,$257.98 ,$418.77 ,$459.12 ,$85.61 ,$474.88 ,$256.54 ,$209.82 ,$256.30 ,$75.83 
1/4/24,$241.06 ,$34.72 ,$231.02 ,$61.80 ,$71.71 ,$98.49 ,$83.39 ,$93.25 ,$36.02 ,$63.73 ,$29.08 ,$36.50 ,$17.95 ,$13.87 ,$70.87 ,$86.25 ,$15.39 ,$171.41 ,$33.80 ,$53.77 ,$49.28 ,$382.95 ,$92.15 ,$152.53 ,$785.95 ,$122.90 ,$259.61 ,$419.77 ,$457.87 ,$85.41 ,$471.73 ,$256.18 ,$207.53 ,$256.32 ,$75.90 
1/5/24,$239.91 ,$34.62 ,$229.02 ,$62.08 ,$71.61 ,$98.54 ,$84.07 ,$93.52 ,$36.31 ,$63.73 ,$29.24 ,$36.70 ,$18.02 ,$13.95 ,$71.59 ,$85.79 ,$15.35 ,$172.27 ,$34.43 ,$54.33 ,$49.92 ,$386.44 ,$93.24 ,$156.23 ,$782.83 ,$122.21 ,$259.69 ,$419.42 ,$456.50 ,$85.38 ,$469.89 ,$253.90 ,$205.21 ,$252.50 ,$75.06 
1/8/24,$240.62 ,$34.69 ,$229.71 ,$62.92 ,$72.16 ,$99.39 ,$84.51 ,$93.81 ,$36.69 ,$63.58 ,$29.41 ,$37.21 ,$18.11 ,$13.98 ,$71.27 ,$84.35 ,$15.50 ,$172.02 ,$34.16 ,$54.01 ,$49.92 ,$388.86 ,$93.51 ,$157.52 ,$797.19 ,$122.34 ,$262.54 ,$421.98 ,$458.60 ,$85.84 ,$475.26 ,$253.82 ,$206.40 ,$255.36 ,$76.80 
1/9/24,$237.41 ,$34.61 ,$227.65 ,$62.01 ,$71.87 ,$99.09 ,$84.13 ,$93.70 ,$36.44 ,$63.27 ,$29.23 ,$36.70 ,$18.05 ,$14.00 ,$70.39 ,$83.60 ,$15.50 ,$170.66 ,$33.63 ,$53.48 ,$49.29 ,$383.74 ,$92.06 ,$154.51 ,$794.52 ,$121.00 ,$263.33 ,$422.60 ,$456.29 ,$85.80 ,$472.23 ,$251.24 ,$203.50 ,$253.24 ,$76.45 
1/10/24,$239.00 ,$34.70 ,$228.85 ,$62.28 ,$71.83 ,$99.28 ,$82.54 ,$94.32 ,$36.64 ,$62.72 ,$29.25 ,$36.90 ,$17.95 ,$13.92 ,$70.86 ,$83.81 ,$15.50 ,$171.02 ,$33.60 ,$53.02 ,$49.08 ,$381.96 ,$91.48 ,$155.18 ,$792.36 ,$121.53 ,$264.56 ,$428.27 ,$455.40 ,$86.08 ,$471.95 ,$251.25 ,$203.47 ,$252.82 ,$78.11 
1/11/24,$236.38 ,$34.57 ,$226.60 ,$60.72 ,$70.58 ,$97.15 ,$80.40 ,$91.25 ,$36.21 ,$61.00 ,$28.35 ,$36.62 ,$17.84 ,$13.92 ,$70.12 ,$83.23 ,$15.78 ,$170.30 ,$33.15 ,$52.08 ,$49.04 ,$379.75 ,$90.51 ,$152.54 ,$792.61 ,$119.92 ,$264.03 ,$426.72 ,$453.13 ,$85.32 ,$467.34 ,$249.94 ,$202.92 ,$250.63 ,$78.03 
1/12/24,$237.71 ,$34.86 ,$229.53 ,$61.04 ,$71.42 ,$98.46 ,$81.49 ,$91.62 ,$36.07 ,$61.31 ,$28.57 ,$36.84 ,$17.97 ,$14.01 ,$70.65 ,$83.82 ,$15.65 ,$169.05 ,$32.80 ,$52.62 ,$47.40 ,$377.75 ,$89.70 ,$148.92 ,$799.60 ,$119.34 ,$264.17 ,$429.10 ,$463.18 ,$86.33 ,$481.08 ,$254.81 ,$207.80 ,$254.68 ,$79.96 
1/16/24,$236.21 ,$34.74 ,$229.09 ,$60.35 ,$70.32 ,$98.03 ,$80.98 ,$91.56 ,$35.70 ,$60.91 ,$28.53 ,$36.64 ,$17.82 ,$13.90 ,$69.60 ,$82.53 ,$15.50 ,$167.99 ,$32.12 ,$51.87 ,$46.82 ,$380.45 ,$85.97 ,$149.02 ,$791.38 ,$118.25 ,$265.24 ,$428.35 ,$457.84 ,$85.50 ,$477.90 ,$250.65 ,$205.09 ,$255.18 ,$79.50 
1/17/24,$235.81 ,$34.39 ,$226.14 ,$58.27 ,$69.63 ,$96.83 ,$79.73 ,$90.55 ,$35.59 ,$60.09 ,$28.05 ,$36.09 ,$17.56 ,$13.77 ,$69.06 ,$81.49 ,$15.57 ,$167.09 ,$31.80 ,$51.36 ,$46.67 ,$377.18 ,$84.41 ,$148.82 ,$787.43 ,$116.98 ,$266.63 ,$427.42 ,$456.47 ,$85.05 ,$473.88 ,$249.97 ,$204.54 ,$254.81 ,$79.23 
1/18/24,$237.99 ,$34.45 ,$234.26 ,$57.65 ,$68.77 ,$95.86 ,$78.20 ,$89.40 ,$35.30 ,$59.65 ,$27.77 ,$35.79 ,$17.31 ,$13.72 ,$71.25 ,$82.59 ,$15.62 ,$167.42 ,$31.73 ,$51.11 ,$46.44 ,$376.91 ,$83.90 ,$146.29 ,$795.26 ,$117.09 ,$268.14 ,$430.72 ,$459.57 ,$85.47 ,$474.63 ,$250.95 ,$205.73 ,$260.19 ,$79.38 
1/19/24,$239.27 ,$34.55 ,$234.05 ,$57.26 ,$68.95 ,$95.56 ,$77.70 ,$89.86 ,$35.04 ,$59.48 ,$27.77 ,$35.98 ,$17.20 ,$13.79 ,$70.04 ,$82.49 ,$15.91 ,$170.31 ,$32.22 ,$51.52 ,$48.12 ,$382.20 ,$85.34 ,$150.79 ,$805.44 ,$119.08 ,$270.90 ,$436.78 ,$457.76 ,$85.53 ,$470.48 ,$249.34 ,$204.82 ,$256.23 ,$79.52 
1/22/24,$243.11 ,$34.75 ,$240.14 ,$56.85 ,$68.82 ,$95.06 ,$77.26 ,$89.20 ,$34.86 ,$58.93 ,$27.47 ,$35.80 ,$17.16 ,$13.88 ,$69.38 ,$83.81 ,$15.67 ,$170.11 ,$32.55 ,$52.84 ,$48.53 ,$385.96 ,$85.73 ,$149.43 ,$794.02 ,$120.97 ,$271.20 ,$439.75 ,$458.76 ,$85.02 ,$466.62 ,$249.76 ,$206.82 ,$256.77 ,$80.29 
1/23/24,$243.33 ,$34.89 ,$241.56 ,$57.38 ,$68.83 ,$95.61 ,$78.11 ,$89.12 ,$34.75 ,$59.19 ,$27.50 ,$35.83 ,$17.08 ,$13.94 ,$68.98 ,$83.23 ,$15.74 ,$168.99 ,$32.77 ,$53.30 ,$49.12 ,$380.77 ,$86.74 ,$149.91 ,$792.56 ,$118.98 ,$271.26 ,$438.76 ,$439.67 ,$89.55 ,$467.92 ,$249.37 ,$206.09 ,$255.81 ,$81.09 
1/24/24,$242.33 ,$34.39 ,$237.07 ,$57.01 ,$68.20 ,$94.54 ,$76.99 ,$88.32 ,$34.08 ,$58.22 ,$27.14 ,$35.50 ,$16.89 ,$14.07 ,$68.86 ,$83.98 ,$16.04 ,$170.50 ,$32.98 ,$53.26 ,$49.49 ,$379.40 ,$87.57 ,$150.23 ,$785.75 ,$120.63 ,$271.65 ,$438.70 ,$431.65 ,$89.49 ,$463.92 ,$261.18 ,$204.25 ,$253.64 ,$80.78 
1/25/24,$241.57 ,$35.00 ,$237.85 ,$57.98 ,$69.24 ,$95.73 ,$78.09 ,$89.67 ,$34.90 ,$58.89 ,$27.52 ,$35.69 ,$17.33 ,$14.28 ,$70.29 ,$85.99 ,$16.30 ,$172.94 ,$33.39 ,$53.73 ,$49.88 ,$382.70 ,$88.02 ,$151.25 ,$790.46 ,$123.49 ,$272.61 ,$436.80 ,$431.04 ,$90.94 ,$434.55 ,$265.86 ,$204.64 ,$254.40 ,$81.43 
1/26/24,$240.39 ,$35.39 ,$234.26 ,$58.48 ,$69.11 ,$95.87 ,$77.84 ,$90.02 ,$35.01 ,$59.39 ,$27.57 ,$35.91 ,$17.44 ,$14.46 ,$70.44 ,$86.81 ,$16.20 ,$172.28 ,$33.43 ,$53.67 ,$50.32 ,$377.79 ,$87.73 ,$151.60 ,$787.30 ,$124.57 ,$267.94 ,$438.53 ,$429.91 ,$90.41 ,$437.96 ,$265.07 ,$209.21 ,$255.65 ,$81.92 
1/29/24,$245.17 ,$35.59 ,$238.41 ,$59.57 ,$69.19 ,$95.77 ,$78.38 ,$90.59 ,$35.29 ,$59.66 ,$27.91 ,$35.95 ,$17.37 ,$14.53 ,$69.65 ,$86.48 ,$15.80 ,$172.73 ,$33.61 ,$54.11 ,$50.35 ,$380.56 ,$87.62 ,$153.48 ,$788.70 ,$127.83 ,$273.66 ,$440.58 ,$428.01 ,$90.08 ,$438.31 ,$264.78 ,$210.25 ,$258.59 ,$82.48 
1/30/24,$246.70 ,$35.85 ,$236.85 ,$59.28 ,$69.25 ,$95.53 ,$78.44 ,$90.68 ,$35.05 ,$59.76 ,$27.97 ,$35.98 ,$17.21 ,$14.56 ,$69.83 ,$87.04 ,$15.44 ,$176.27 ,$34.79 ,$57.09 ,$51.19 ,$386.87 ,$87.62 ,$154.25 ,$781.73 ,$127.20 ,$277.15 ,$445.19 ,$431.68 ,$90.60 ,$443.50 ,$268.67 ,$210.72 ,$260.32 ,$82.88 
1/31/24,$243.93 ,$35.70 ,$235.24 ,$58.63 ,$69.52 ,$95.83 ,$78.14 ,$90.90 ,$34.81 ,$59.87 ,$27.94 ,$35.50 ,$16.92 ,$14.30 ,$68.25 ,$84.96 ,$15.49 ,$174.36 ,$34.01 ,$56.17 ,$50.18 ,$384.01 ,$87.24 ,$151.21 ,$774.31 ,$124.45 ,$273.26 ,$449.23 ,$429.41 ,$91.12 ,$446.76 ,$264.99 ,$208.42 ,$258.92 ,$81.48 
2/1/24,$249.27 ,$36.28 ,$255.23 ,$59.75 ,$70.50 ,$97.79 ,$79.69 ,$92.78 ,$35.02 ,$61.14 ,$28.38 ,$35.86 ,$17.03 ,$14.37 ,$68.48 ,$86.04 ,$15.27 ,$173.73 ,$33.55 ,$56.06 ,$48.73 ,$383.85 ,$86.82 ,$145.44 ,$784.93 ,$124.30 ,$277.05 ,$460.92 ,$429.77 ,$92.17 ,$446.22 ,$266.87 ,$209.48 ,$267.81 ,$83.51 
2/2/24,$248.33 ,$36.53 ,$251.08 ,$58.15 ,$68.65 ,$96.22 ,$78.63 ,$91.10 ,$34.35 ,$59.82 ,$27.95 ,$35.30 ,$16.96 ,$14.33 ,$68.29 ,$85.98 ,$15.30 ,$174.73 ,$33.47 ,$55.54 ,$49.16 ,$387.86 ,$87.27 ,$148.13 ,$788.00 ,$124.36 ,$277.18 ,$460.58 ,$425.97 ,$91.98 ,$446.58 ,$265.27 ,$207.00 ,$268.50 ,$83.21 
2/5/24,$246.64 ,$36.73 ,$248.48 ,$55.97 ,$67.18 ,$95.25 ,$76.80 ,$89.67 ,$33.62 ,$58.52 ,$27.53 ,$34.58 ,$16.67 ,$14.31 ,$68.09 ,$85.57 ,$15.17 ,$174.50 ,$32.99 ,$54.50 ,$48.70 ,$383.02 ,$85.89 ,$145.83 ,$783.17 ,$121.25 ,$275.58 ,$456.76 ,$421.70 ,$92.24 ,$442.28 ,$265.52 ,$207.14 ,$265.93 ,$82.82 
2/6/24,$249.87 ,$37.02 ,$251.86 ,$56.23 ,$67.40 ,$95.06 ,$77.23 ,$89.77 ,$33.91 ,$58.44 ,$27.61 ,$34.66 ,$16.69 ,$13.97 ,$67.94 ,$86.22 ,$15.35 ,$175.10 ,$33.04 ,$54.35 ,$48.29 ,$384.99 ,$86.10 ,$149.29 ,$787.98 ,$123.56 ,$276.76 ,$460.50 ,$426.95 ,$92.28 ,$448.17 ,$267.69 ,$207.71 ,$266.22 ,$83.01 
2/7/24,$249.16 ,$36.99 ,$250.55 ,$56.38 ,$66.95 ,$95.50 ,$77.33 ,$89.47 ,$34.10 ,$58.37 ,$27.57 ,$34.42 ,$16.65 ,$13.90 ,$68.54 ,$87.05 ,$15.35 ,$175.43 ,$33.18 ,$54.54 ,$48.48 ,$386.66 ,$86.00 ,$148.17 ,$794.70 ,$126.09 ,$279.39 ,$461.91 ,$430.10 ,$91.93 ,$453.90 ,$269.09 ,$209.56 ,$274.74 ,$83.95 
2/8/24,$248.82 ,$37.07 ,$254.05 ,$56.29 ,$66.94 ,$92.65 ,$75.94 ,$88.67 ,$33.75 ,$58.00 ,$27.43 ,$34.35 ,$16.63 ,$13.91 ,$68.97 ,$87.90 ,$15.40 ,$174.80 ,$33.12 ,$54.29 ,$48.35 ,$385.04 ,$85.65 ,$147.93 ,$793.20 ,$127.84 ,$275.78 ,$458.26 ,$427.00 ,$91.04 ,$451.22 ,$269.00 ,$209.30 ,$272.13 ,$83.84 
2/9/24,$249.45 ,$36.89 ,$254.83 ,$56.58 ,$66.91 ,$91.69 ,$76.66 ,$89.06 ,$33.84 ,$58.17 ,$27.53 ,$34.23 ,$16.61 ,$13.94 ,$69.04 ,$87.09 ,$15.77 ,$175.01 ,$33.07 ,$53.99 ,$48.06 ,$384.26 ,$85.89 ,$147.77 ,$797.21 ,$127.68 ,$276.43 ,$457.88 ,$426.50 ,$90.51 ,$454.92 ,$270.14 ,$209.84 ,$273.90 ,$85.19 
2/12/24,$247.40 ,$36.87 ,$253.92 ,$57.55 ,$68.31 ,$92.65 ,$77.59 ,$89.45 ,$34.38 ,$58.97 ,$27.75 ,$34.89 ,$16.78 ,$14.09 ,$70.23 ,$88.51 ,$15.63 ,$175.79 ,$33.62 ,$53.92 ,$48.92 ,$392.64 ,$86.87 ,$149.14 ,$801.76 ,$130.08 ,$275.07 ,$458.71 ,$428.07 ,$91.14 ,$451.47 ,$269.44 ,$211.26 ,$275.74 ,$84.96 
2/13/24,$245.61 ,$36.61 ,$250.27 ,$55.25 ,$67.51 ,$91.61 ,$78.78 ,$86.67 ,$34.19 ,$58.28 ,$27.44 ,$34.19 ,$16.57 ,$13.96 ,$69.48 ,$88.44 ,$15.64 ,$174.26 ,$32.75 ,$52.76 ,$48.24 ,$378.75 ,$83.97 ,$145.26 ,$778.07 ,$124.95 ,$275.81 ,$460.46 ,$426.52 ,$90.59 ,$446.17 ,$267.22 ,$207.98 ,$275.11 ,$84.24 
2/14/24,$250.11 ,$37.00 ,$252.26 ,$56.01 ,$67.81 ,$91.34 ,$78.80 ,$86.84 ,$34.12 ,$58.68 ,$27.35 ,$33.33 ,$16.57 ,$14.11 ,$69.11 ,$88.34 ,$15.86 ,$176.03 ,$33.13 ,$53.98 ,$48.53 ,$378.04 ,$84.00 ,$147.87 ,$785.40 ,$127.95 ,$277.56 ,$465.19 ,$418.19 ,$91.39 ,$446.37 ,$269.10 ,$210.18 ,$280.31 ,$86.78 
2/15/24,$250.55 ,$37.00 ,$254.34 ,$57.27 ,$66.83 ,$92.36 ,$81.36 ,$88.22 ,$34.86 ,$59.01 ,$27.87 ,$34.01 ,$16.97 ,$14.42 ,$71.06 ,$93.27 ,$16.13 ,$179.87 ,$34.07 ,$55.21 ,$52.04 ,$385.42 ,$85.67 ,$149.63 ,$798.05 ,$130.25 ,$280.98 ,$471.28 ,$423.12 ,$91.79 ,$450.00 ,$270.00 ,$211.28 ,$284.99 ,$87.19 
2/16/24,$246.59 ,$36.72 ,$252.04 ,$57.03 ,$66.48 ,$91.88 ,$81.35 ,$87.32 ,$34.91 ,$59.07 ,$27.88 ,$34.42 ,$17.11 ,$14.55 ,$71.99 ,$96.94 ,$16.23 ,$179.03 ,$34.09 ,$54.85 ,$51.91 ,$384.44 ,$86.50 ,$148.85 ,$794.00 ,$127.89 ,$278.56 ,$468.13 ,$424.07 ,$91.01 ,$450.96 ,$269.44 ,$211.98 ,$285.09 ,$87.71 
2/20/24,$247.14 ,$36.86 ,$253.79 ,$56.61 ,$67.04 ,$91.94 ,$80.88 ,$87.58 ,$34.73 ,$59.19 ,$27.79 ,$34.44 ,$17.06 ,$14.64 ,$71.69 ,$96.36 ,$16.52 ,$179.73 ,$33.96 ,$55.42 ,$51.77 ,$384.52 ,$85.35 ,$146.70 ,$798.11 ,$126.33 ,$275.15 ,$451.75 ,$424.27 ,$90.98 ,$453.91 ,$268.93 ,$211.83 ,$284.80 ,$87.70 
2/21/24,$251.32 ,$37.10 ,$257.62 ,$57.10 ,$67.73 ,$92.99 ,$82.56 ,$88.61 ,$36.21 ,$59.81 ,$28.28 ,$34.80 ,$17.42 ,$14.85 ,$73.33 ,$97.47 ,$16.50 ,$180.90 ,$33.70 ,$55.33 ,$52.66 ,$388.27 ,$85.46 ,$146.57 ,$805.45 ,$126.19 ,$276.76 ,$459.05 ,$427.55 ,$90.21 ,$460.00 ,$271.90 ,$213.80 ,$288.13 ,$88.47 
2/22/24,$254.51 ,$37.89 ,$256.19 ,$56.67 ,$67.28 ,$92.13 ,$82.00 ,$87.91 ,$36.03 ,$59.33 ,$27.87 ,$34.90 ,$17.26 ,$14.79 ,$73.72 ,$98.36 ,$16.36 ,$183.07 ,$33.61 ,$55.90 ,$53.37 ,$390.47 ,$85.85 ,$145.39 ,$813.44 ,$127.29 ,$283.75 ,$471.56 ,$428.89 ,$89.53 ,$457.05 ,$272.33 ,$213.42 ,$287.29 ,$90.09 
2/23/24,$256.91 ,$38.33 ,$258.01 ,$56.78 ,$67.69 ,$92.73 ,$82.45 ,$87.93 ,$36.13 ,$59.33 ,$27.91 ,$34.80 ,$17.25 ,$14.89 ,$72.97 ,$97.03 ,$16.19 ,$183.99 ,$33.92 ,$55.93 ,$53.86 ,$391.05 ,$86.55 ,$146.12 ,$813.59 ,$125.11 ,$283.60 ,$473.42 ,$431.12 ,$90.01 ,$461.10 ,$273.75 ,$214.45 ,$288.14 ,$89.83 
2/26/24,$252.64 ,$38.18 ,$254.55 ,$55.15 ,$66.25 ,$90.65 ,$80.77 ,$86.21 ,$35.63 ,$58.05 ,$27.30 ,$34.39 ,$17.13 ,$14.69 ,$72.91 ,$97.56 ,$16.36 ,$183.36 ,$33.61 ,$55.36 ,$54.13 ,$390.22 ,$85.67 ,$144.85 ,$806.03 ,$125.28 ,$284.15 ,$474.51 ,$429.18 ,$90.02 ,$459.34 ,$273.02 ,$211.74 ,$288.33 ,$89.89 
2/27/24,$253.29 ,$37.96 ,$252.48 ,$55.56 ,$66.46 ,$90.85 ,$84.07 ,$86.88 ,$36.21 ,$58.28 ,$27.65 ,$34.49 ,$17.17 ,$14.69 ,$74.37 ,$97.08 ,$16.35 ,$183.45 ,$34.28 ,$55.71 ,$54.81 ,$390.81 ,$85.49 ,$145.95 ,$800.54 ,$126.75 ,$283.17 ,$474.75 ,$430.43 ,$90.42 ,$458.36 ,$273.70 ,$211.74 ,$289.49 ,$89.28 
2/28/24,$253.99 ,$37.68 ,$253.55 ,$55.04 ,$66.81 ,$90.74 ,$83.32 ,$86.65 ,$35.80 ,$57.67 ,$27.48 ,$34.38 ,$17.15 ,$14.53 ,$74.37 ,$97.40 ,$16.42 ,$184.38 ,$34.31 ,$55.05 ,$54.72 ,$393.18 ,$86.05 ,$145.69 ,$809.66 ,$126.32 ,$285.63 ,$478.85 ,$432.48 ,$89.92 ,$458.95 ,$274.31 ,$213.19 ,$291.85 ,$100.77 
2/29/24,$253.69 ,$37.94 ,$253.38 ,$55.19 ,$67.25 ,$91.83 ,$85.19 ,$87.21 ,$35.84 ,$52.69 ,$27.50 ,$34.42 ,$17.39 ,$14.64 ,$75.12 ,$98.24 ,$16.59 ,$186.06 ,$34.52 ,$55.49 ,$55.59 ,$389.05 ,$86.04 ,$147.20 ,$811.34 ,$127.82 ,$282.64 ,$474.76 ,$428.24 ,$89.67 ,$461.02 ,$273.25 ,$211.66 ,$291.62 ,$100.83 
3/1/24,$252.98 ,$38.23 ,$257.49 ,$55.21 ,$66.86 ,$90.86 ,$84.99 ,$87.01 ,$35.49 ,$49.57 ,$27.44 ,$34.80 ,$17.46 ,$14.98 ,$75.13 ,$99.34 ,$16.61 ,$185.29 ,$34.35 ,$55.60 ,$55.06 ,$388.10 ,$86.48 ,$147.81 ,$814.83 ,$128.09 ,$283.16 ,$476.63 ,$426.46 ,$89.80 ,$454.90 ,$271.95 ,$209.81 ,$292.46 ,$102.38 
3/4/24,$253.47 ,$38.38 ,$259.17 ,$54.97 ,$68.20 ,$92.42 ,$84.95 ,$89.13 ,$36.20 ,$51.06 ,$27.94 ,$34.72 ,$17.57 ,$14.90 ,$76.56 ,$100.99 ,$16.65 ,$186.68 ,$35.15 ,$56.14 ,$55.81 ,$392.25 ,$90.04 ,$153.74 ,$834.47 ,$126.60 ,$280.53 ,$468.49 ,$431.94 ,$89.91 ,$460.08 ,$274.71 ,$215.96 ,$296.43 ,$104.38 
3/5/24,$253.70 ,$38.25 ,$257.35 ,$55.40 ,$67.98 ,$92.69 ,$84.05 ,$88.99 ,$36.27 ,$48.65 ,$27.89 ,$34.78 ,$17.72 ,$15.02 ,$77.52 ,$102.52 ,$16.79 ,$188.55 ,$35.39 ,$56.26 ,$56.60 ,$390.91 ,$89.13 ,$155.12 ,$826.94 ,$124.82 ,$279.38 ,$467.52 ,$431.98 ,$90.06 ,$458.26 ,$273.60 ,$213.83 ,$291.33 ,$104.84 
3/6/24,$251.00 ,$38.09 ,$254.39 ,$55.53 ,$68.58 ,$94.07 ,$83.92 ,$89.85 ,$36.67 ,$48.44 ,$28.30 ,$35.05 ,$17.82 ,$15.15 ,$77.59 ,$104.29 ,$16.83 ,$189.53 ,$35.42 ,$57.29 ,$57.11 ,$389.57 ,$85.66 ,$150.38 ,$830.40 ,$123.30 ,$280.43 ,$471.60 ,$433.48 ,$90.26 ,$461.07 ,$273.70 ,$215.60 ,$293.99 ,$105.60 
3/7/24,$249.04 ,$37.92 ,$255.36 ,$56.25 ,$69.25 ,$94.48 ,$84.10 ,$89.94 ,$36.83 ,$50.04 ,$28.31 ,$35.70 ,$17.87 ,$15.19 ,$77.44 ,$104.73 ,$16.72 ,$187.87 ,$35.63 ,$57.72 ,$57.00 ,$388.43 ,$86.14 ,$150.44 ,$831.70 ,$124.80 ,$278.26 ,$467.54 ,$429.99 ,$90.55 ,$456.40 ,$273.03 ,$213.02 ,$291.85 ,$105.55 
3/8/24,$250.96 ,$38.19 ,$259.54 ,$57.81 ,$69.01 ,$94.94 ,$83.84 ,$90.12 ,$36.96 ,$51.02 ,$28.33 ,$35.84 ,$17.83 ,$15.03 ,$77.16 ,$103.83 ,$16.63 ,$188.22 ,$35.60 ,$57.51 ,$57.07 ,$386.99 ,$87.04 ,$150.33 ,$836.12 ,$125.99 ,$280.04 ,$469.26 ,$432.90 ,$90.88 ,$459.50 ,$272.31 ,$214.60 ,$293.32 ,$103.19 
3/11/24,$249.87 ,$38.04 ,$258.26 ,$57.87 ,$69.78 ,$95.84 ,$83.73 ,$90.80 ,$37.19 ,$52.91 ,$28.52 ,$36.02 ,$17.97 ,$15.01 ,$77.29 ,$104.60 ,$16.75 ,$188.29 ,$35.89 ,$57.41 ,$57.09 ,$386.16 ,$86.94 ,$152.84 ,$825.16 ,$124.57 ,$280.56 ,$469.16 ,$434.75 ,$91.40 ,$459.25 ,$273.27 ,$214.61 ,$288.53 ,$101.86 
3/12/24,$251.18 ,$37.82 ,$260.80 ,$57.15 ,$69.35 ,$95.01 ,$83.39 ,$89.93 ,$37.01 ,$51.90 ,$28.13 ,$36.09 ,$17.94 ,$15.01 ,$77.65 ,$105.55 ,$16.86 ,$189.84 ,$35.96 ,$57.45 ,$57.61 ,$388.18 ,$87.05 ,$150.98 ,$829.59 ,$123.68 ,$283.92 ,$472.87 ,$434.91 ,$89.95 ,$458.84 ,$274.65 ,$213.60 ,$290.16 ,$101.29 
3/13/24,$249.25 ,$37.78 ,$263.13 ,$59.54 ,$69.94 ,$95.50 ,$83.00 ,$89.57 ,$36.99 ,$51.50 ,$28.00 ,$36.14 ,$17.89 ,$15.10 ,$77.12 ,$106.42 ,$16.58 ,$191.38 ,$36.08 ,$57.76 ,$57.82 ,$392.31 ,$89.35 ,$152.72 ,$825.99 ,$126.10 ,$285.14 ,$475.61 ,$434.60 ,$90.56 ,$458.23 ,$275.36 ,$215.72 ,$289.90 ,$101.24 
3/14/24,$246.06 ,$37.03 ,$258.48 ,$59.54 ,$69.38 ,$95.05 ,$81.86 ,$88.67 ,$36.57 ,$51.88 ,$27.89 ,$35.67 ,$17.56 ,$15.04 ,$77.11 ,$105.64 ,$16.89 ,$187.97 ,$35.69 ,$57.09 ,$57.37 ,$388.61 ,$89.10 ,$148.49 ,$808.80 ,$124.80 ,$286.41 ,$479.48 ,$435.77 ,$91.76 ,$460.86 ,$275.40 ,$213.36 ,$286.87 ,$99.35 
3/15/24,$244.13 ,$36.97 ,$255.83 ,$60.08 ,$69.09 ,$94.71 ,$82.11 ,$88.94 ,$36.48 ,$51.99 ,$27.87 ,$35.52 ,$17.60 ,$15.34 ,$77.00 ,$105.97 ,$17.07 ,$190.30 ,$35.41 ,$57.61 ,$57.51 ,$387.21 ,$88.38 ,$148.78 ,$802.52 ,$124.97 ,$283.04 ,$475.83 ,$435.82 ,$92.93 ,$461.75 ,$275.21 ,$212.86 ,$289.02 ,$99.45 
3/18/24,$244.36 ,$37.31 ,$256.22 ,$60.17 ,$69.42 ,$94.94 ,$82.16 ,$88.99 ,$36.60 ,$52.04 ,$27.94 ,$35.52 ,$17.64 ,$15.56 ,$77.79 ,$107.36 ,$17.17 ,$192.66 ,$36.01 ,$58.63 ,$57.77 ,$384.37 ,$87.96 ,$149.60 ,$800.25 ,$123.43 ,$285.05 ,$478.89 ,$433.20 ,$93.46 ,$462.39 ,$277.60 ,$210.93 ,$290.59 ,$99.81 
3/19/24,$242.71 ,$36.98 ,$256.60 ,$61.27 ,$70.21 ,$95.14 ,$83.32 ,$89.71 ,$36.81 ,$52.43 ,$28.18 ,$35.75 ,$17.93 ,$15.68 ,$78.39 ,$109.11 ,$17.28 ,$193.79 ,$36.03 ,$58.86 ,$57.01 ,$388.66 ,$88.42 ,$150.11 ,$802.30 ,$123.98 ,$287.35 ,$484.00 ,$437.19 ,$94.86 ,$467.48 ,$279.70 ,$211.42 ,$290.69 ,$101.09 
3/20/24,$246.31 ,$37.61 ,$261.23 ,$62.20 ,$70.23 ,$95.41 ,$82.85 ,$89.04 ,$36.56 ,$52.58 ,$28.10 ,$36.09 ,$18.03 ,$15.66 ,$78.93 ,$109.08 ,$17.37 ,$196.33 ,$36.75 ,$60.13 ,$57.30 ,$396.47 ,$91.35 ,$153.81 ,$817.89 ,$127.76 ,$289.28 ,$488.04 ,$440.41 ,$94.85 ,$470.75 ,$282.55 ,$212.25 ,$292.20 ,$100.59 
3/21/24,$248.11 ,$37.87 ,$257.79 ,$61.36 ,$69.90 ,$94.96 ,$83.10 ,$88.65 ,$37.03 ,$52.30 ,$27.99 ,$35.79 ,$18.11 ,$15.59 ,$79.47 ,$111.01 ,$17.11 ,$199.06 ,$37.51 ,$61.33 ,$57.85 ,$413.71 ,$93.40 ,$157.81 ,$842.06 ,$131.66 ,$290.37 ,$488.64 ,$443.16 ,$94.26 ,$467.49 ,$281.34 ,$213.15 ,$293.93 ,$101.75 
3/22/24,$244.97 ,$37.35 ,$254.12 ,$61.78 ,$69.80 ,$94.61 ,$82.95 ,$88.60 ,$36.70 ,$52.27 ,$27.83 ,$35.45 ,$18.06 ,$15.56 ,$79.03 ,$110.90 ,$17.16 ,$196.62 ,$37.05 ,$60.82 ,$57.13 ,$406.82 ,$91.95 ,$155.51 ,$824.83 ,$127.86 ,$283.26 ,$481.67 ,$445.88 ,$95.54 ,$468.75 ,$281.16 ,$211.94 ,$292.55 ,$102.54 
3/25/24,$243.85 ,$36.84 ,$248.03 ,$62.61 ,$69.76 ,$94.84 ,$82.87 ,$88.50 ,$36.85 ,$52.48 ,$27.60 ,$35.94 ,$17.97 ,$15.56 ,$79.32 ,$111.61 ,$17.07 ,$194.82 ,$36.86 ,$60.95 ,$56.73 ,$404.94 ,$91.14 ,$155.04 ,$816.21 ,$128.84 ,$281.21 ,$476.04 ,$446.31 ,$95.63 ,$469.32 ,$278.98 ,$211.69 ,$290.80 ,$101.47 
3/26/24,$240.69 ,$36.13 ,$247.22 ,$61.43 ,$69.27 ,$93.67 ,$82.48 ,$87.45 ,$36.56 ,$51.80 ,$27.23 ,$35.65 ,$17.91 ,$15.49 ,$78.67 ,$110.65 ,$17.31 ,$195.73 ,$37.09 ,$61.66 ,$56.68 ,$406.18 ,$91.28 ,$155.03 ,$820.20 ,$127.88 ,$280.60 ,$476.80 ,$445.99 ,$96.06 ,$469.91 ,$278.35 ,$211.13 ,$289.87 ,$100.26 
3/27/24,$244.63 ,$36.84 ,$251.72 ,$63.79 ,$71.05 ,$96.09 ,$84.80 ,$90.05 ,$37.31 ,$53.38 ,$28.29 ,$35.99 ,$18.15 ,$15.54 ,$79.60 ,$111.05 ,$17.56 ,$199.52 ,$37.81 ,$62.75 ,$57.61 ,$415.25 ,$93.50 ,$159.97 ,$835.12 ,$130.89 ,$279.02 ,$477.95 ,$456.78 ,$97.45 ,$477.36 ,$281.90 ,$212.50 ,$289.75 ,$101.93 
3/28/24,$245.93 ,$37.07 ,$254.87 ,$63.91 ,$71.74 ,$96.71 ,$86.10 ,$90.81 ,$37.57 ,$53.75 ,$28.49 ,$36.18 ,$18.34 ,$15.73 ,$80.17 ,$111.99 ,$17.70 ,$200.30 ,$37.92 ,$63.24 ,$57.96 ,$417.69 ,$94.16 ,$161.60 ,$833.70 ,$131.37 ,$279.08 ,$481.57 ,$454.87 ,$97.53 ,$478.66 ,$282.49 ,$213.10 ,$291.47 ,$102.62 
4/1/24,$243.30 ,$36.78 ,$252.00 ,$63.38 ,$71.10 ,$96.07 ,$84.56 ,$90.33 ,$37.23 ,$53.28 ,$28.42 ,$35.83 ,$18.41 ,$15.69 ,$79.71 ,$112.23 ,$17.81 ,$198.94 ,$37.52 ,$63.46 ,$57.61 ,$413.51 ,$93.53 ,$159.94 ,$826.77 ,$131.03 ,$278.28 ,$478.40 ,$452.79 ,$97.76 ,$471.35 ,$291.55 ,$208.56 ,$287.60 ,$101.90 
4/2/24,$242.53 ,$36.51 ,$250.76 ,$62.88 ,$71.34 ,$96.54 ,$85.21 ,$90.60 ,$37.58 ,$54.08 ,$28.44 ,$35.85 ,$18.42 ,$15.78 ,$80.00 ,$113.29 ,$18.16 ,$198.86 ,$37.30 ,$62.84 ,$57.35 ,$410.15 ,$92.71 ,$157.54 ,$816.59 ,$126.31 ,$278.44 ,$479.43 ,$453.24 ,$98.55 ,$466.36 ,$290.54 ,$205.20 ,$287.47 ,$101.56 
4/3/24,$241.55 ,$36.42 ,$251.83 ,$62.55 ,$70.98 ,$95.97 ,$84.33 ,$89.89 ,$37.21 ,$54.09 ,$28.15 ,$35.79 ,$18.55 ,$16.00 ,$80.15 ,$116.00 ,$18.29 ,$198.30 ,$37.44 ,$61.69 ,$57.13 ,$414.00 ,$93.00 ,$157.14 ,$814.80 ,$126.57 ,$276.96 ,$477.42 ,$447.90 ,$97.55 ,$457.01 ,$291.69 ,$204.27 ,$286.39 ,$100.68 
4/4/24,$240.69 ,$36.12 ,$248.51 ,$63.73 ,$70.05 ,$96.12 ,$83.96 ,$90.19 ,$37.22 ,$53.77 ,$28.10 ,$35.64 ,$18.43 ,$15.81 ,$79.22 ,$114.36 ,$18.56 ,$195.65 ,$36.92 ,$60.91 ,$56.68 ,$406.25 ,$92.28 ,$156.88 ,$792.09 ,$126.01 ,$274.00 ,$469.77 ,$454.04 ,$99.31 ,$459.48 ,$293.22 ,$209.59 ,$286.21 ,$101.14 
4/5/24,$242.01 ,$36.30 ,$250.03 ,$64.18 ,$69.91 ,$95.91 ,$83.95 ,$89.65 ,$37.34 ,$53.53 ,$28.05 ,$35.35 ,$18.46 ,$15.84 ,$79.65 ,$115.97 ,$18.88 ,$197.45 ,$37.11 ,$61.60 ,$57.40 ,$408.07 ,$92.47 ,$157.37 ,$797.56 ,$127.58 ,$277.14 ,$477.15 ,$455.38 ,$101.69 ,$454.50 ,$295.18 ,$208.96 ,$286.08 ,$100.47 
4/8/24,$240.29 ,$36.05 ,$250.26 ,$64.86 ,$70.06 ,$96.31 ,$84.27 ,$90.60 ,$37.78 ,$54.08 ,$28.22 ,$35.24 ,$18.36 ,$15.82 ,$79.98 ,$115.97 ,$18.53 ,$198.48 ,$37.50 ,$61.73 ,$57.79 ,$410.54 ,$93.21 ,$160.96 ,$803.32 ,$129.32 ,$277.76 ,$478.85 ,$452.38 ,$101.88 ,$456.36 ,$293.13 ,$208.50 ,$285.68 ,$99.71 
4/9/24,$240.79 ,$35.95 ,$253.39 ,$65.38 ,$70.59 ,$97.32 ,$85.08 ,$91.13 ,$37.87 ,$54.37 ,$28.28 ,$35.32 ,$18.48 ,$15.72 ,$79.87 ,$114.41 ,$18.13 ,$197.15 ,$37.73 ,$61.66 ,$57.58 ,$410.71 ,$94.08 ,$161.40 ,$803.90 ,$132.00 ,$276.72 ,$472.16 ,$447.57 ,$101.60 ,$454.66 ,$288.84 ,$206.15 ,$275.50 ,$97.03 
4/10/24,$236.85 ,$35.41 ,$249.65 ,$64.01 ,$69.77 ,$95.41 ,$83.29 ,$88.89 ,$36.91 ,$53.75 ,$27.37 ,$34.54 ,$18.27 ,$15.78 ,$79.06 ,$114.68 ,$17.98 ,$195.47 ,$36.65 ,$60.18 ,$56.94 ,$400.76 ,$91.65 ,$155.03 ,$783.65 ,$126.08 ,$274.48 ,$469.17 ,$451.71 ,$101.36 ,$457.91 ,$290.04 ,$205.49 ,$275.15 ,$96.50 
4/11/24,$236.16 ,$35.43 ,$249.73 ,$63.94 ,$69.58 ,$95.29 ,$82.91 ,$88.55 ,$36.80 ,$53.49 ,$27.58 ,$34.55 ,$18.35 ,$15.68 ,$79.34 ,$115.33 ,$17.75 ,$195.43 ,$36.35 ,$60.71 ,$56.69 ,$397.48 ,$86.84 ,$154.08 ,$785.96 ,$126.87 ,$275.68 ,$468.31 ,$452.32 ,$100.78 ,$457.83 ,$287.50 ,$202.39 ,$276.31 ,$95.97 
4/12/24,$234.40 ,$35.34 ,$245.74 ,$63.08 ,$68.73 ,$94.90 ,$82.10 ,$88.63 ,$36.48 ,$53.17 ,$27.46 ,$34.18 ,$18.13 ,$15.42 ,$78.70 ,$114.69 ,$17.51 ,$182.79 ,$35.79 ,$59.68 ,$56.47 ,$389.49 ,$86.19 ,$150.63 ,$763.40 ,$123.47 ,$275.96 ,$465.38 ,$450.40 ,$100.10 ,$456.11 ,$287.87 ,$202.62 ,$275.72 ,$94.56 
4/15/24,$233.94 ,$35.14 ,$245.57 ,$62.75 ,$68.39 ,$94.13 ,$80.91 ,$89.32 ,$36.27 ,$53.17 ,$27.40 ,$33.75 ,$17.97 ,$15.23 ,$77.85 ,$114.34 ,$17.26 ,$182.89 ,$35.95 ,$58.56 ,$56.97 ,$400.88 ,$86.99 ,$149.56 ,$762.99 ,$121.17 ,$271.28 ,$459.79 ,$453.08 ,$100.02 ,$451.29 ,$284.75 ,$203.22 ,$275.00 ,$93.85 
4/16/24,$231.26 ,$34.84 ,$242.91 ,$61.70 ,$67.77 ,$92.87 ,$79.51 ,$87.42 ,$35.75 ,$52.53 ,$27.22 ,$32.97 ,$17.69 ,$15.10 ,$77.08 ,$114.07 ,$17.36 ,$180.80 ,$34.68 ,$57.02 ,$56.41 ,$396.86 ,$89.14 ,$146.54 ,$749.67 ,$121.88 ,$271.35 ,$459.82 ,$454.31 ,$100.84 ,$450.35 ,$285.30 ,$200.34 ,$274.00 ,$93.63 
4/17/24,$229.23 ,$34.16 ,$239.34 ,$63.79 ,$69.80 ,$94.50 ,$81.24 ,$90.33 ,$36.42 ,$53.19 ,$27.70 ,$33.33 ,$17.76 ,$15.23 ,$77.68 ,$112.23 ,$17.69 ,$180.08 ,$35.23 ,$58.17 ,$57.18 ,$403.91 ,$90.08 ,$147.25 ,$753.79 ,$123.19 ,$272.69 ,$460.16 ,$456.05 ,$100.75 ,$452.05 ,$284.46 ,$201.40 ,$271.22 ,$92.91 
4/18/24,$229.81 ,$34.39 ,$240.27 ,$64.01 ,$70.57 ,$95.93 ,$82.56 ,$90.90 ,$36.68 ,$53.76 ,$27.95 ,$33.90 ,$18.21 ,$15.53 ,$77.88 ,$111.78 ,$17.94 ,$181.25 ,$35.77 ,$58.32 ,$58.74 ,$403.11 ,$90.26 ,$147.89 ,$747.30 ,$120.32 ,$271.37 ,$454.70 ,$456.09 ,$100.71 ,$452.50 ,$285.27 ,$202.08 ,$268.84 ,$93.48 
4/19/24,$232.08 ,$34.34 ,$241.28 ,$64.30 ,$72.15 ,$98.24 ,$84.20 ,$91.77 ,$37.55 ,$54.72 ,$28.53 ,$34.86 ,$18.84 ,$15.77 ,$79.63 ,$112.92 ,$17.90 ,$185.80 ,$36.97 ,$59.14 ,$60.35 ,$404.00 ,$90.66 ,$152.30 ,$749.98 ,$118.40 ,$269.78 ,$455.39 ,$463.87 ,$101.56 ,$462.58 ,$288.62 ,$205.45 ,$271.66 ,$91.60 
4/22/24,$234.47 ,$34.62 ,$244.61 ,$65.31 ,$72.98 ,$98.12 ,$84.90 ,$92.73 ,$37.67 ,$54.96 ,$28.78 ,$35.35 ,$18.82 ,$15.83 ,$79.91 ,$113.81 ,$18.05 ,$189.41 ,$37.73 ,$60.95 ,$61.10 ,$417.35 ,$92.09 ,$155.93 ,$760.11 ,$122.09 ,$272.33 ,$456.75 ,$461.33 ,$101.56 ,$470.98 ,$291.31 ,$208.14 ,$274.49 ,$92.31 
4/23/24,$236.29 ,$34.72 ,$245.03 ,$66.20 ,$73.25 ,$98.20 ,$85.56 ,$92.84 ,$37.56 ,$55.27 ,$28.73 ,$35.42 ,$18.76 ,$15.90 ,$80.35 ,$116.01 ,$18.25 ,$192.14 ,$38.37 ,$62.67 ,$60.94 ,$424.00 ,$93.76 ,$157.61 ,$766.62 ,$124.31 ,$274.11 ,$462.82 ,$460.08 ,$101.38 ,$474.68 ,$292.72 ,$207.68 ,$274.47 ,$93.70 
4/24/24,$231.98 ,$33.67 ,$236.22 ,$66.56 ,$73.91 ,$98.96 ,$86.37 ,$93.43 ,$37.77 ,$55.33 ,$29.07 ,$35.66 ,$18.81 ,$15.87 ,$80.95 ,$116.90 ,$18.07 ,$193.08 ,$38.32 ,$62.47 ,$60.60 ,$423.04 ,$93.85 ,$158.06 ,$762.80 ,$123.78 ,$275.02 ,$462.50 ,$459.14 ,$101.02 ,$474.57 ,$281.11 ,$207.71 ,$275.84 ,$94.15 
4/25/24,$243.55 ,$34.03 ,$240.83 ,$66.90 ,$74.37 ,$99.03 ,$86.86 ,$94.11 ,$37.66 ,$55.01 ,$29.34 ,$36.26 ,$18.80 ,$15.94 ,$81.38 ,$117.68 ,$17.87 ,$193.37 ,$37.91 ,$61.79 ,$59.93 ,$420.05 ,$92.56 ,$156.30 ,$757.65 ,$123.36 ,$275.16 ,$462.11 ,$464.78 ,$101.71 ,$488.06 ,$284.90 ,$207.36 ,$275.98 ,$94.69 
4/26/24,$242.79 ,$33.99 ,$239.94 ,$65.99 ,$73.21 ,$97.71 ,$85.26 ,$92.93 ,$37.32 ,$53.96 ,$28.85 ,$35.82 ,$18.68 ,$15.96 ,$81.06 ,$116.86 ,$18.03 ,$193.49 ,$37.83 ,$62.66 ,$59.91 ,$427.57 ,$92.83 ,$156.11 ,$762.88 ,$122.49 ,$274.52 ,$462.42 ,$461.29 ,$101.41 ,$480.45 ,$284.41 ,$214.54 ,$276.97 ,$95.99 
4/29/24,$240.95 ,$33.95 ,$241.44 ,$67.42 ,$74.39 ,$98.73 ,$86.67 ,$93.97 ,$37.72 ,$54.48 ,$29.22 ,$35.96 ,$18.60 ,$15.98 ,$81.42 ,$117.20 ,$17.23 ,$193.28 ,$37.55 ,$62.26 ,$59.80 ,$430.81 ,$92.11 ,$155.78 ,$761.28 ,$120.62 ,$271.84 ,$457.10 ,$467.55 ,$102.44 ,$486.22 ,$287.79 ,$217.06 ,$278.55 ,$96.99 
4/30/24,$237.16 ,$33.22 ,$230.32 ,$66.97 ,$73.50 ,$98.26 ,$86.03 ,$94.40 ,$37.58 ,$53.73 ,$29.14 ,$35.54 ,$18.28 ,$15.73 ,$79.12 ,$114.06 ,$16.93 ,$191.74 ,$37.01 ,$61.33 ,$59.32 ,$426.71 ,$90.84 ,$153.26 ,$754.64 ,$116.61 ,$268.61 ,$451.20 ,$464.93 ,$101.52 ,$485.03 ,$287.09 ,$214.05 ,$276.93 ,$95.77 
5/1/24,$234.96 ,$33.20 ,$230.58 ,$68.61 ,$74.52 ,$99.78 ,$88.15 ,$94.80 ,$37.84 ,$53.78 ,$29.32 ,$35.59 ,$18.23 ,$15.48 ,$76.92 ,$112.41 ,$17.23 ,$191.86 ,$36.95 ,$61.35 ,$59.52 ,$426.95 ,$91.54 ,$153.98 ,$751.58 ,$117.49 ,$267.32 ,$442.07 ,$461.73 ,$101.22 ,$486.37 ,$286.53 ,$211.75 ,$277.06 ,$95.73 
5/2/24,$237.69 ,$33.57 ,$233.80 ,$68.85 ,$75.33 ,$99.31 ,$88.25 ,$95.25 ,$37.89 ,$53.79 ,$29.40 ,$36.42 ,$18.46 ,$15.78 ,$76.95 ,$112.99 ,$17.49 ,$191.66 ,$36.88 ,$61.54 ,$59.83 ,$432.57 ,$92.65 ,$155.68 ,$757.00 ,$118.99 ,$267.61 ,$441.10 ,$463.20 ,$101.89 ,$475.00 ,$287.36 ,$211.34 ,$245.19 ,$95.54 
5/3/24,$240.36 ,$33.85 ,$235.55 ,$70.14 ,$75.85 ,$100.26 ,$88.60 ,$95.56 ,$37.41 ,$54.25 ,$29.45 ,$36.34 ,$18.57 ,$15.89 ,$77.23 ,$112.31 ,$17.61 ,$190.51 ,$37.25 ,$61.52 ,$59.94 ,$438.18 ,$93.64 ,$156.22 ,$763.91 ,$117.99 ,$268.49 ,$443.58 ,$461.91 ,$101.40 ,$469.09 ,$288.14 ,$212.24 ,$246.23 ,$97.34 
5/6/24,$239.21 ,$33.68 ,$230.47 ,$71.25 ,$75.47 ,$100.42 ,$88.81 ,$96.13 ,$37.55 ,$54.36 ,$29.32 ,$36.67 ,$18.61 ,$16.06 ,$78.07 ,$112.80 ,$17.49 ,$192.00 ,$37.69 ,$62.81 ,$60.19 ,$443.67 ,$94.79 ,$156.43 ,$774.64 ,$121.21 ,$272.67 ,$449.37 ,$462.78 ,$101.91 ,$468.86 ,$291.38 ,$214.75 ,$246.59 ,$98.88 
5/7/24,$242.38 ,$33.96 ,$232.32 ,$71.95 ,$76.95 ,$102.26 ,$89.87 ,$97.50 ,$37.91 ,$55.02 ,$29.60 ,$36.83 ,$18.77 ,$16.13 ,$78.37 ,$112.83 ,$17.66 ,$191.75 ,$37.84 ,$62.00 ,$60.26 ,$443.80 ,$95.79 ,$156.15 ,$780.92 ,$121.50 ,$276.46 ,$453.06 ,$466.68 ,$103.23 ,$473.75 ,$293.37 ,$215.91 ,$248.57 ,$87.04 
5/8/24,$245.90 ,$34.22 ,$232.14 ,$72.85 ,$77.63 ,$102.38 ,$90.58 ,$97.57 ,$37.82 ,$54.93 ,$29.46 ,$37.23 ,$18.81 ,$16.25 ,$79.14 ,$112.45 ,$17.78 ,$195.65 ,$37.71 ,$62.75 ,$61.23 ,$446.95 ,$95.64 ,$157.21 ,$778.33 ,$119.80 ,$277.19 ,$454.77 ,$466.16 ,$103.94 ,$471.61 ,$292.74 ,$215.81 ,$246.92 ,$88.07 
5/9/24,$246.61 ,$34.50 ,$226.33 ,$74.58 ,$78.25 ,$103.02 ,$90.95 ,$98.12 ,$38.33 ,$55.24 ,$29.79 ,$37.36 ,$19.01 ,$16.23 ,$80.03 ,$113.59 ,$17.64 ,$197.50 ,$38.28 ,$63.32 ,$61.28 ,$455.56 ,$98.11 ,$157.12 ,$789.13 ,$123.03 ,$278.54 ,$455.49 ,$468.39 ,$105.74 ,$473.43 ,$295.97 ,$219.49 ,$250.97 ,$88.94 
5/10/24,$247.40 ,$34.38 ,$230.29 ,$73.79 ,$78.14 ,$102.67 ,$91.61 ,$97.70 ,$37.67 ,$55.46 ,$29.70 ,$37.80 ,$19.08 ,$15.94 ,$80.07 ,$113.20 ,$17.35 ,$198.77 ,$38.45 ,$63.53 ,$61.89 ,$454.73 ,$98.28 ,$157.58 ,$796.67 ,$124.04 ,$280.74 ,$456.98 ,$468.88 ,$106.32 ,$474.80 ,$296.44 ,$219.60 ,$252.03 ,$89.90 
5/13/24,$245.68 ,$34.52 ,$230.98 ,$74.58 ,$78.70 ,$102.89 ,$91.52 ,$97.64 ,$38.13 ,$55.83 ,$29.66 ,$37.83 ,$19.15 ,$15.82 ,$80.60 ,$112.91 ,$17.45 ,$198.73 ,$38.21 ,$63.40 ,$61.26 ,$453.56 ,$98.56 ,$158.05 ,$790.33 ,$122.13 ,$279.39 ,$457.76 ,$470.56 ,$105.80 ,$476.65 ,$293.53 ,$220.58 ,$253.93 ,$88.69 
5/14/24,$244.94 ,$33.93 ,$229.94 ,$75.42 ,$78.71 ,$102.31 ,$90.79 ,$96.64 ,$38.40 ,$55.56 ,$29.68 ,$36.99 ,$19.41 ,$15.87 ,$81.68 ,$114.43 ,$17.31 ,$201.51 ,$38.49 ,$63.59 ,$61.89 ,$458.47 ,$99.38 ,$159.40 ,$802.96 ,$125.97 ,$277.74 ,$454.20 ,$467.18 ,$105.70 ,$474.07 ,$294.06 ,$221.13 ,$251.51 ,$89.21 
5/15/24,$246.54 ,$33.84 ,$231.36 ,$77.05 ,$79.29 ,$103.35 ,$91.97 ,$96.91 ,$38.73 ,$55.79 ,$29.76 ,$36.99 ,$19.54 ,$15.89 ,$81.61 ,$115.58 ,$17.01 ,$202.11 ,$38.91 ,$64.24 ,$62.34 ,$466.09 ,$100.52 ,$161.34 ,$815.70 ,$131.31 ,$281.50 ,$458.00 ,$464.08 ,$105.35 ,$469.65 ,$294.59 ,$222.09 ,$251.63 ,$90.53 
5/16/24,$245.90 ,$33.93 ,$232.55 ,$76.41 ,$79.38 ,$102.84 ,$92.54 ,$96.91 ,$38.62 ,$55.85 ,$29.94 ,$36.76 ,$19.60 ,$15.83 ,$82.24 ,$116.13 ,$17.37 ,$202.47 ,$39.22 ,$64.14 ,$61.06 ,$464.52 ,$99.58 ,$160.89 ,$807.71 ,$127.88 ,$279.84 ,$458.87 ,$464.83 ,$104.24 ,$470.69 ,$295.75 ,$222.09 ,$256.16 ,$88.64 
5/17/24,$244.97 ,$33.52 ,$231.47 ,$76.09 ,$79.54 ,$103.89 ,$92.67 ,$97.10 ,$38.58 ,$55.52 ,$30.08 ,$36.75 ,$19.70 ,$15.96 ,$82.63 ,$117.67 ,$17.48 ,$204.79 ,$39.29 ,$64.07 ,$61.08 ,$467.72 ,$100.22 ,$160.35 ,$812.22 ,$125.67 ,$280.10 ,$460.27 ,$466.20 ,$104.18 ,$470.22 ,$299.02 ,$223.57 ,$255.60 ,$88.41 
5/20/24,$243.63 ,$33.41 ,$230.33 ,$75.87 ,$79.19 ,$103.66 ,$92.59 ,$96.51 ,$38.46 ,$56.07 ,$29.99 ,$36.78 ,$19.84 ,$16.13 ,$82.71 ,$117.55 ,$17.59 ,$195.58 ,$38.82 ,$63.16 ,$60.70 ,$462.94 ,$100.33 ,$157.14 ,$805.19 ,$125.67 ,$278.54 ,$459.66 ,$467.08 ,$105.02 ,$468.94 ,$300.23 ,$223.62 ,$255.59 ,$88.49 
5/21/24,$234.96 ,$33.07 ,$224.71 ,$76.95 ,$79.78 ,$104.38 ,$92.62 ,$96.34 ,$38.52 ,$56.74 ,$30.41 ,$36.78 ,$19.74 ,$15.93 ,$83.01 ,$118.20 ,$17.22 ,$199.52 ,$39.65 ,$64.74 ,$61.46 ,$470.41 ,$101.53 ,$158.55 ,$804.93 ,$127.71 ,$275.95 ,$459.10 ,$468.31 ,$105.43 ,$471.90 ,$297.06 ,$225.25 ,$253.76 ,$88.46 
5/22/24,$234.71 ,$34.01 ,$230.62 ,$76.32 ,$78.69 ,$103.44 ,$91.48 ,$96.13 ,$37.90 ,$55.52 ,$30.06 ,$36.61 ,$19.39 ,$15.73 ,$81.66 ,$114.92 ,$17.09 ,$198.31 ,$39.76 ,$63.82 ,$60.93 ,$462.38 ,$100.74 ,$156.50 ,$799.61 ,$126.68 ,$275.58 ,$456.52 ,$469.71 ,$106.31 ,$474.69 ,$298.01 ,$225.32 ,$254.49 ,$88.68 
5/23/24,$232.71 ,$33.50 ,$226.30 ,$75.32 ,$77.17 ,$101.79 ,$89.28 ,$93.87 ,$37.03 ,$54.05 ,$29.35 ,$35.97 ,$19.08 ,$15.41 ,$80.19 ,$113.85 ,$17.05 ,$196.92 ,$39.17 ,$63.02 ,$59.68 ,$458.15 ,$98.92 ,$152.77 ,$784.55 ,$123.11 ,$274.23 ,$451.21 ,$467.08 ,$105.41 ,$467.21 ,$296.52 ,$223.11 ,$252.88 ,$87.68 
5/24/24,$232.05 ,$33.78 ,$226.86 ,$76.61 ,$77.75 ,$102.17 ,$88.97 ,$94.43 ,$36.69 ,$53.72 ,$29.51 ,$36.24 ,$19.07 ,$15.44 ,$80.85 ,$114.28 ,$16.92 ,$200.71 ,$39.70 ,$63.58 ,$60.21 ,$461.18 ,$98.97 ,$154.26 ,$781.90 ,$123.64 ,$274.49 ,$451.18 ,$467.35 ,$106.27 ,$466.43 ,$299.62 ,$223.25 ,$256.20 ,$89.01 
5/28/24,$229.01 ,$33.48 ,$222.81 ,$77.53 ,$77.54 ,$101.18 ,$88.62 ,$93.21 ,$36.78 ,$53.74 ,$29.54 ,$36.11 ,$19.07 ,$15.49 ,$80.96 ,$115.51 ,$16.75 ,$199.50 ,$39.32 ,$62.45 ,$59.48 ,$459.81 ,$98.67 ,$152.34 ,$771.41 ,$121.21 ,$270.98 ,$445.08 ,$458.48 ,$105.52 ,$455.50 ,$297.34 ,$218.87 ,$252.75 ,$87.93 
5/29/24,$225.88 ,$33.24 ,$219.01 ,$76.68 ,$77.20 ,$100.42 ,$87.47 ,$91.91 ,$36.18 ,$53.30 ,$29.38 ,$35.68 ,$18.91 ,$15.43 ,$79.59 ,$114.68 ,$16.91 ,$198.11 ,$38.72 ,$62.01 ,$58.75 ,$457.17 ,$97.27 ,$151.16 ,$756.58 ,$116.13 ,$268.86 ,$442.47 ,$452.72 ,$104.57 ,$446.39 ,$293.48 ,$215.24 ,$248.30 ,$88.00 
5/30/24,$229.24 ,$33.30 ,$220.68 ,$78.19 ,$78.08 ,$101.30 ,$88.16 ,$92.45 ,$36.73 ,$54.32 ,$29.74 ,$35.76 ,$19.00 ,$15.54 ,$79.94 ,$116.58 ,$17.01 ,$199.33 ,$38.63 ,$61.93 ,$59.21 ,$450.23 ,$97.23 ,$153.92 ,$761.86 ,$119.33 ,$271.30 ,$442.10 ,$460.94 ,$105.72 ,$446.52 ,$296.08 ,$219.17 ,$251.22 ,$89.26 
5/31/24,$232.82 ,$33.75 ,$224.80 ,$80.02 ,$80.14 ,$103.57 ,$90.25 ,$94.55 ,$37.55 ,$55.45 ,$30.51 ,$36.58 ,$19.49 ,$15.67 ,$81.00 ,$118.23 ,$16.75 ,$202.63 ,$39.99 ,$62.31 ,$59.92 ,$456.52 ,$97.84 ,$157.39 ,$772.03 ,$120.50 ,$272.46 ,$447.07 ,$470.34 ,$107.81 ,$450.77 ,$299.77 ,$224.83 ,$253.10 ,$92.13 
6/3/24,$228.32 ,$33.18 ,$223.79 ,$77.71 ,$80.39 ,$103.41 ,$90.08 ,$93.68 ,$37.20 ,$55.28 ,$30.75 ,$36.43 ,$19.50 ,$15.38 ,$79.54 ,$116.53 ,$16.85 ,$201.82 ,$39.88 ,$61.92 ,$59.34 ,$454.98 ,$97.41 ,$155.01 ,$777.37 ,$119.21 ,$270.38 ,$443.19 ,$467.60 ,$107.37 ,$449.33 ,$298.26 ,$226.65 ,$250.38 ,$90.08 
6/4/24,$227.62 ,$32.77 ,$221.71 ,$77.15 ,$80.71 ,$104.60 ,$90.38 ,$93.72 ,$37.36 ,$56.03 ,$30.84 ,$36.03 ,$19.66 ,$15.37 ,$79.04 ,$116.73 ,$16.86 ,$199.16 ,$39.68 ,$61.03 ,$58.70 ,$455.30 ,$96.58 ,$154.16 ,$785.29 ,$119.08 ,$272.42 ,$444.77 ,$468.89 ,$107.90 ,$448.39 ,$297.32 ,$226.69 ,$250.46 ,$89.21 
6/5/24,$227.41 ,$33.05 ,$223.30 ,$77.05 ,$79.42 ,$103.20 ,$88.95 ,$92.60 ,$36.79 ,$55.16 ,$30.43 ,$36.28 ,$19.79 ,$15.38 ,$79.16 ,$118.19 ,$16.89 ,$197.26 ,$39.96 ,$61.77 ,$58.68 ,$461.68 ,$96.66 ,$154.60 ,$788.88 ,$121.71 ,$274.50 ,$446.66 ,$465.23 ,$108.44 ,$442.37 ,$299.45 ,$224.15 ,$251.56 ,$90.69 
6/6/24,$228.31 ,$32.99 ,$224.70 ,$76.70 ,$78.65 ,$102.86 ,$88.70 ,$91.89 ,$36.52 ,$54.82 ,$30.25 ,$36.19 ,$19.81 ,$15.45 ,$78.95 ,$117.98 ,$16.90 ,$196.91 ,$39.70 ,$61.94 ,$57.73 ,$458.10 ,$96.85 ,$154.97 ,$778.53 ,$119.17 ,$277.04 ,$448.68 ,$468.62 ,$108.18 ,$444.78 ,$298.27 ,$222.04 ,$250.63 ,$89.69 
6/7/24,$227.97 ,$32.75 ,$224.07 ,$75.39 ,$77.94 ,$102.62 ,$88.30 ,$91.61 ,$36.17 ,$54.74 ,$30.17 ,$35.76 ,$19.62 ,$15.48 ,$78.65 ,$118.01 ,$17.19 ,$199.95 ,$39.78 ,$61.78 ,$58.36 ,$454.91 ,$97.14 ,$155.88 ,$768.69 ,$117.62 ,$278.67 ,$449.79 ,$470.13 ,$108.11 ,$440.04 ,$299.14 ,$221.90 ,$249.21 ,$89.45 
6/10/24,$228.95 ,$32.93 ,$225.11 ,$76.97 ,$78.97 ,$102.52 ,$88.55 ,$92.32 ,$36.21 ,$55.24 ,$30.43 ,$35.67 ,$19.80 ,$15.70 ,$80.02 ,$119.91 ,$16.90 ,$199.61 ,$39.67 ,$61.43 ,$57.93 ,$453.55 ,$96.39 ,$152.69 ,$766.17 ,$119.70 ,$275.04 ,$449.25 ,$467.46 ,$107.09 ,$435.77 ,$294.68 ,$221.42 ,$247.94 ,$89.07 
6/11/24,$227.41 ,$32.67 ,$224.93 ,$72.74 ,$78.50 ,$102.36 ,$88.41 ,$91.75 ,$36.21 ,$55.04 ,$30.82 ,$35.47 ,$19.79 ,$15.57 ,$79.64 ,$121.10 ,$16.74 ,$194.36 ,$38.86 ,$59.14 ,$57.13 ,$444.27 ,$95.43 ,$150.25 ,$757.63 ,$119.01 ,$274.67 ,$449.04 ,$462.80 ,$106.92 ,$429.82 ,$292.65 ,$220.22 ,$244.55 ,$88.49 
6/12/24,$226.47 ,$32.76 ,$224.13 ,$72.26 ,$78.44 ,$101.32 ,$87.96 ,$91.14 ,$34.75 ,$54.77 ,$30.99 ,$35.65 ,$19.88 ,$15.48 ,$80.19 ,$121.48 ,$16.69 ,$191.53 ,$39.41 ,$60.01 ,$57.30 ,$448.70 ,$95.65 ,$152.64 ,$770.11 ,$123.43 ,$270.32 ,$443.00 ,$459.11 ,$106.77 ,$427.15 ,$294.34 ,$218.97 ,$243.29 ,$89.51 
6/13/24,$222.12 ,$32.53 ,$221.84 ,$73.18 ,$78.69 ,$101.26 ,$87.90 ,$90.61 ,$35.41 ,$54.34 ,$30.90 ,$35.37 ,$19.76 ,$15.30 ,$78.76 ,$120.24 ,$16.55 ,$193.66 ,$39.26 ,$60.23 ,$57.27 ,$446.35 ,$95.21 ,$151.75 ,$769.71 ,$122.21 ,$271.19 ,$445.00 ,$458.56 ,$105.03 ,$423.42 ,$292.52 ,$219.20 ,$240.26 ,$89.02 
6/14/24,$222.10 ,$32.18 ,$219.90 ,$73.06 ,$78.65 ,$102.36 ,$88.00 ,$90.87 ,$35.54 ,$53.77 ,$30.85 ,$35.12 ,$19.59 ,$15.16 ,$78.10 ,$119.00 ,$16.74 ,$193.78 ,$39.24 ,$59.33 ,$57.40 ,$446.46 ,$95.50 ,$151.09 ,$769.33 ,$121.25 ,$270.66 ,$444.63 ,$458.34 ,$104.23 ,$424.09 ,$291.78 ,$217.47 ,$238.46 ,$89.42 
6/17/24,$221.38 ,$32.61 ,$220.90 ,$72.31 ,$77.68 ,$100.80 ,$87.75 ,$90.65 ,$35.17 ,$53.24 ,$30.69 ,$34.85 ,$19.67 ,$15.32 ,$79.05 ,$121.60 ,$16.78 ,$194.98 ,$39.51 ,$60.06 ,$58.24 ,$450.18 ,$97.04 ,$152.78 ,$781.08 ,$122.16 ,$271.17 ,$448.11 ,$459.01 ,$104.47 ,$429.78 ,$293.83 ,$220.69 ,$242.03 ,$91.21 
6/18/24,$222.58 ,$33.03 ,$221.94 ,$70.44 ,$77.94 ,$100.03 ,$87.55 ,$90.39 ,$34.89 ,$53.12 ,$31.00 ,$34.80 ,$19.74 ,$15.48 ,$80.06 ,$123.44 ,$17.10 ,$197.00 ,$39.99 ,$60.78 ,$59.05 ,$457.43 ,$97.57 ,$154.48 ,$783.65 ,$122.90 ,$273.62 ,$450.11 ,$460.00 ,$104.77 ,$425.83 ,$298.00 ,$222.45 ,$245.93 ,$92.55 
6/20/24,$225.17 ,$33.31 ,$224.50 ,$72.46 ,$78.87 ,$100.10 ,$87.88 ,$90.53 ,$34.94 ,$53.53 ,$31.28 ,$34.75 ,$19.80 ,$15.70 ,$81.05 ,$126.32 ,$17.12 ,$198.67 ,$39.99 ,$60.62 ,$58.96 ,$458.05 ,$97.44 ,$153.18 ,$782.83 ,$124.68 ,$276.82 ,$452.51 ,$466.34 ,$105.07 ,$434.48 ,$299.63 ,$224.10 ,$247.36 ,$92.49 
6/21/24,$226.11 ,$33.41 ,$224.87 ,$72.81 ,$78.46 ,$99.84 ,$87.05 ,$90.34 ,$34.78 ,$53.37 ,$31.00 ,$34.70 ,$19.71 ,$15.72 ,$79.88 ,$125.10 ,$17.57 ,$196.30 ,$39.49 ,$59.99 ,$58.10 ,$450.18 ,$96.16 ,$153.20 ,$787.60 ,$124.12 ,$275.22 ,$454.85 ,$467.60 ,$105.61 ,$432.09 ,$298.25 ,$225.51 ,$248.91 ,$93.01 
6/24/24,$226.36 ,$33.21 ,$218.68 ,$73.85 ,$79.34 ,$101.51 ,$88.14 ,$91.27 ,$35.33 ,$53.98 ,$31.31 ,$35.12 ,$20.11 ,$15.91 ,$80.89 ,$128.60 ,$17.54 ,$198.88 ,$40.02 ,$61.34 ,$59.01 ,$462.09 ,$97.10 ,$154.90 ,$798.95 ,$125.26 ,$276.30 ,$456.96 ,$471.51 ,$101.96 ,$430.67 ,$298.53 ,$225.49 ,$251.20 ,$94.02 
6/25/24,$224.06 ,$32.71 ,$213.37 ,$72.98 ,$78.02 ,$100.20 ,$86.89 ,$89.39 ,$34.82 ,$53.74 ,$30.39 ,$35.00 ,$20.10 ,$16.00 ,$81.02 ,$129.83 ,$17.78 ,$198.07 ,$39.38 ,$61.58 ,$57.20 ,$457.38 ,$97.80 ,$151.90 ,$794.39 ,$124.42 ,$273.53 ,$455.65 ,$468.07 ,$101.57 ,$428.48 ,$295.28 ,$224.51 ,$251.52 ,$94.25 
6/26/24,$223.61 ,$33.01 ,$212.49 ,$73.37 ,$78.21 ,$99.95 ,$87.16 ,$89.67 ,$34.80 ,$53.79 ,$30.50 ,$35.34 ,$19.74 ,$15.92 ,$80.53 ,$127.50 ,$17.79 ,$197.43 ,$39.00 ,$61.25 ,$57.01 ,$455.86 ,$96.89 ,$151.81 ,$787.45 ,$124.16 ,$273.60 ,$452.38 ,$466.99 ,$101.26 ,$431.49 ,$294.53 ,$223.48 ,$249.56 ,$95.49 
6/27/24,$223.47 ,$33.03 ,$209.90 ,$73.72 ,$78.04 ,$100.59 ,$88.30 ,$89.68 ,$34.70 ,$53.85 ,$30.81 ,$35.26 ,$19.76 ,$16.03 ,$80.75 ,$128.58 ,$17.86 ,$199.17 ,$39.25 ,$61.55 ,$57.42 ,$445.96 ,$95.77 ,$151.93 ,$781.13 ,$124.12 ,$266.59 ,$442.75 ,$467.13 ,$100.62 ,$434.91 ,$292.50 ,$223.18 ,$247.92 ,$94.98 
6/28/24,$226.26 ,$33.45 ,$214.69 ,$70.81 ,$77.57 ,$100.23 ,$87.74 ,$89.42 ,$34.61 ,$53.41 ,$30.98 ,$35.59 ,$19.87 ,$16.22 ,$81.55 ,$128.78 ,$18.03 ,$202.26 ,$39.77 ,$63.46 ,$59.39 ,$452.32 ,$97.19 ,$155.48 ,$787.32 ,$123.80 ,$262.47 ,$441.16 ,$467.10 ,$100.39 ,$435.95 ,$290.14 ,$224.58 ,$246.33 ,$95.00 
7/1/24,$224.86 ,$33.59 ,$214.06 ,$69.90 ,$77.00 ,$99.35 ,$87.28 ,$88.81 ,$34.55 ,$52.43 ,$30.55 ,$35.27 ,$19.79 ,$16.36 ,$81.72 ,$131.27 ,$18.55 ,$205.45 ,$40.01 ,$63.43 ,$60.59 ,$463.66 ,$99.16 ,$156.14 ,$782.27 ,$122.23 ,$263.24 ,$437.61 ,$466.44 ,$99.55 ,$435.00 ,$287.87 ,$221.96 ,$246.79 ,$94.03 
7/2/24,$225.50 ,$33.76 ,$215.55 ,$70.47 ,$77.55 ,$99.81 ,$87.62 ,$88.97 ,$34.53 ,$53.20 ,$30.46 ,$35.81 ,$19.72 ,$16.40 ,$82.33 ,$131.00 ,$18.90 ,$208.83 ,$40.93 ,$64.68 ,$60.97 ,$465.61 ,$99.65 ,$158.84 ,$789.13 ,$123.21 ,$268.23 ,$444.65 ,$465.70 ,$100.41 ,$437.37 ,$285.81 ,$223.60 ,$247.48 ,$94.27 
7/3/24,$225.57 ,$33.55 ,$216.30 ,$71.83 ,$77.72 ,$99.84 ,$87.56 ,$88.71 ,$34.73 ,$52.75 ,$30.33 ,$35.89 ,$19.96 ,$16.33 ,$82.80 ,$133.60 ,$18.50 ,$208.69 ,$40.90 ,$64.46 ,$60.66 ,$467.92 ,$100.20 ,$157.79 ,$789.12 ,$123.40 ,$268.99 ,$448.18 ,$466.03 ,$100.74 ,$437.09 ,$284.88 ,$224.58 ,$246.12 ,$95.47 
7/5/24,$225.17 ,$33.30 ,$215.86 ,$72.09 ,$78.04 ,$100.56 ,$87.86 ,$89.27 ,$34.31 ,$52.69 ,$30.49 ,$35.61 ,$19.89 ,$16.18 ,$82.25 ,$132.49 ,$18.53 ,$204.79 ,$40.41 ,$64.03 ,$59.62 ,$464.75 ,$99.59 ,$156.51 ,$790.60 ,$122.72 ,$270.36 ,$449.49 ,$462.16 ,$100.37 ,$434.73 ,$281.68 ,$224.07 ,$243.07 ,$95.11 
7/8/24,$223.39 ,$33.39 ,$214.25 ,$72.11 ,$77.80 ,$100.64 ,$87.11 ,$88.42 ,$34.24 ,$52.11 ,$30.32 ,$35.38 ,$19.91 ,$16.09 ,$82.00 ,$132.55 ,$18.65 ,$205.17 ,$40.62 ,$64.74 ,$59.01 ,$464.82 ,$100.59 ,$158.77 ,$790.19 ,$120.77 ,$266.40 ,$446.24 ,$461.76 ,$100.10 ,$430.25 ,$280.47 ,$226.00 ,$243.00 ,$95.53 
7/9/24,$221.78 ,$32.48 ,$213.75 ,$72.12 ,$78.12 ,$100.94 ,$87.69 ,$88.85 ,$34.43 ,$52.47 ,$29.63 ,$35.38 ,$19.99 ,$16.12 ,$82.42 ,$132.41 ,$18.55 ,$207.63 ,$41.42 ,$66.55 ,$59.88 ,$472.83 ,$102.61 ,$161.51 ,$802.28 ,$121.28 ,$265.44 ,$444.70 ,$460.30 ,$101.11 ,$423.73 ,$279.51 ,$225.96 ,$241.93 ,$94.30 
7/10/24,$224.41 ,$32.92 ,$214.83 ,$72.90 ,$78.44 ,$102.83 ,$88.25 ,$89.87 ,$34.69 ,$52.59 ,$29.59 ,$35.77 ,$20.10 ,$16.28 ,$82.32 ,$132.89 ,$18.52 ,$207.80 ,$41.74 ,$66.98 ,$59.72 ,$478.89 ,$103.46 ,$164.30 ,$812.00 ,$124.26 ,$263.00 ,$433.64 ,$461.01 ,$100.68 ,$426.24 ,$281.91 ,$227.27 ,$246.68 ,$95.66 
7/11/24,$228.72 ,$33.74 ,$220.94 ,$74.70 ,$79.86 ,$104.46 ,$90.84 ,$91.46 ,$35.32 ,$54.08 ,$29.68 ,$35.80 ,$20.16 ,$16.31 ,$82.90 ,$133.61 ,$18.44 ,$207.45 ,$41.81 ,$65.71 ,$60.16 ,$479.23 ,$104.64 ,$168.30 ,$824.87 ,$126.61 ,$262.55 ,$436.42 ,$460.38 ,$101.72 ,$432.02 ,$284.15 ,$230.34 ,$251.70 ,$97.25 
7/12/24,$230.22 ,$33.79 ,$221.35 ,$76.00 ,$79.99 ,$105.39 ,$90.96 ,$92.19 ,$35.24 ,$54.28 ,$30.30 ,$36.10 ,$20.19 ,$16.25 ,$84.66 ,$135.05 ,$18.68 ,$204.94 ,$41.59 ,$64.52 ,$56.54 ,$479.88 ,$104.09 ,$168.56 ,$827.97 ,$129.32 ,$265.74 ,$440.11 ,$463.73 ,$101.28 ,$432.24 ,$283.89 ,$231.04 ,$250.94 ,$98.43 
7/15/24,$235.99 ,$34.60 ,$227.76 ,$70.97 ,$80.05 ,$105.32 ,$90.94 ,$90.26 ,$35.35 ,$53.23 ,$28.28 ,$35.79 ,$20.17 ,$16.39 ,$84.68 ,$134.34 ,$18.77 ,$210.05 ,$41.89 ,$65.14 ,$57.73 ,$492.23 ,$105.26 ,$169.02 ,$822.96 ,$132.37 ,$268.45 ,$444.00 ,$463.88 ,$101.62 ,$431.92 ,$285.42 ,$234.54 ,$255.52 ,$99.08 
7/16/24,$243.06 ,$35.33 ,$234.79 ,$71.90 ,$81.12 ,$106.53 ,$91.85 ,$91.55 ,$35.52 ,$53.93 ,$28.57 ,$36.01 ,$20.24 ,$16.36 ,$85.06 ,$134.82 ,$18.83 ,$213.62 ,$44.13 ,$67.27 ,$60.24 ,$503.02 ,$106.22 ,$176.98 ,$843.94 ,$137.01 ,$269.25 ,$443.53 ,$468.58 ,$103.68 ,$435.16 ,$291.59 ,$240.42 ,$267.46 ,$103.98 
7/17/24,$243.89 ,$35.45 ,$234.45 ,$70.90 ,$81.63 ,$107.52 ,$93.52 ,$93.76 ,$36.43 ,$55.32 ,$28.64 ,$36.24 ,$20.53 ,$16.11 ,$85.37 ,$133.97 ,$18.92 ,$216.87 ,$43.98 ,$67.61 ,$60.91 ,$502.18 ,$106.96 ,$179.71 ,$841.09 ,$134.85 ,$272.70 ,$451.16 ,$476.07 ,$104.99 ,$440.17 ,$291.99 ,$238.25 ,$267.14 ,$103.17 
7/18/24,$243.01 ,$35.02 ,$230.38 ,$71.67 ,$81.31 ,$106.91 ,$93.49 ,$94.11 ,$36.24 ,$55.78 ,$28.82 ,$36.27 ,$21.05 ,$16.35 ,$83.44 ,$136.17 ,$18.83 ,$209.98 ,$43.01 ,$64.89 ,$59.24 ,$486.21 ,$104.81 ,$176.07 ,$829.00 ,$136.41 ,$269.15 ,$448.72 ,$476.00 ,$103.84 ,$439.61 ,$293.27 ,$237.76 ,$267.21 ,$103.13 
7/19/24,$242.32 ,$34.69 ,$227.95 ,$72.00 ,$81.40 ,$106.92 ,$93.14 ,$94.04 ,$36.13 ,$55.94 ,$28.97 ,$36.54 ,$21.49 ,$16.44 ,$83.47 ,$136.37 ,$19.03 ,$209.78 ,$42.90 ,$65.14 ,$59.23 ,$484.93 ,$102.09 ,$175.51 ,$830.70 ,$138.59 ,$265.46 ,$443.69 ,$474.92 ,$102.81 ,$437.94 ,$288.22 ,$234.77 ,$263.42 ,$102.00 
7/22/24,$243.27 ,$34.51 ,$228.03 ,$72.90 ,$81.85 ,$107.54 ,$94.35 ,$94.64 ,$36.25 ,$55.74 ,$28.96 ,$36.74 ,$21.85 ,$16.38 ,$84.43 ,$137.76 ,$18.98 ,$210.28 ,$42.30 ,$64.50 ,$59.14 ,$487.04 ,$102.44 ,$177.15 ,$843.24 ,$141.18 ,$267.71 ,$447.94 ,$474.59 ,$103.77 ,$438.10 ,$291.21 ,$238.14 ,$266.13 ,$104.22 
7/23/24,$239.50 ,$33.64 ,$224.28 ,$72.11 ,$81.35 ,$107.12 ,$93.64 ,$93.25 ,$35.87 ,$55.14 ,$28.70 ,$36.46 ,$21.62 ,$16.40 ,$83.23 ,$135.93 ,$18.36 ,$210.33 ,$42.41 ,$64.66 ,$59.67 ,$492.15 ,$103.50 ,$178.62 ,$844.69 ,$143.62 ,$264.79 ,$441.72 ,$501.29 ,$104.97 ,$442.30 ,$294.46 ,$240.02 ,$266.69 ,$105.74 
7/24/24,$237.38 ,$33.20 ,$221.34 ,$75.41 ,$82.67 ,$108.60 ,$95.02 ,$95.88 ,$36.47 ,$56.36 ,$29.02 ,$36.57 ,$21.05 ,$16.18 ,$82.16 ,$131.62 ,$18.02 ,$208.59 ,$42.19 ,$63.66 ,$59.44 ,$486.70 ,$101.97 ,$177.40 ,$827.65 ,$137.63 ,$254.17 ,$432.45 ,$515.20 ,$104.83 ,$442.12 ,$284.67 ,$237.15 ,$265.30 ,$100.02 
7/25/24,$235.35 ,$33.60 ,$222.90 ,$73.44 ,$81.66 ,$107.56 ,$95.84 ,$95.92 ,$36.48 ,$56.87 ,$28.88 ,$36.33 ,$21.07 ,$16.13 ,$81.40 ,$131.98 ,$18.38 ,$208.67 ,$41.68 ,$64.37 ,$59.70 ,$491.71 ,$103.56 ,$180.00 ,$836.54 ,$140.02 ,$253.74 ,$429.60 ,$521.40 ,$113.47 ,$470.57 ,$290.98 ,$243.27 ,$273.95 ,$98.73 
7/26/24,$240.36 ,$34.32 ,$247.22 ,$74.26 ,$82.17 ,$108.03 ,$96.45 ,$96.44 ,$36.75 ,$57.36 ,$29.36 ,$36.66 ,$21.37 ,$16.27 ,$82.02 ,$131.57 ,$18.35 ,$212.24 ,$41.67 ,$65.18 ,$60.39 ,$499.03 ,$104.19 ,$181.21 ,$856.20 ,$142.00 ,$259.46 ,$438.18 ,$524.80 ,$113.95 ,$480.30 ,$290.40 ,$229.41 ,$276.03 ,$99.14 
7/29/24,$242.15 ,$34.40 ,$247.63 ,$74.34 ,$83.05 ,$108.68 ,$97.07 ,$96.87 ,$36.89 ,$57.69 ,$29.19 ,$36.68 ,$21.29 ,$16.02 ,$82.20 ,$133.01 ,$18.61 ,$210.85 ,$41.09 ,$64.30 ,$59.59 ,$492.72 ,$102.48 ,$181.00 ,$862.15 ,$140.98 ,$261.60 ,$441.30 ,$527.64 ,$114.44 ,$477.29 ,$289.49 ,$224.78 ,$277.36 ,$98.28 
7/30/24,$245.43 ,$35.02 ,$249.71 ,$74.28 ,$83.38 ,$109.90 ,$98.14 ,$98.16 ,$37.22 ,$58.63 ,$28.51 ,$37.21 ,$21.72 ,$16.21 ,$82.79 ,$134.14 ,$18.19 ,$215.19 ,$41.28 ,$65.87 ,$60.01 ,$505.67 ,$103.76 ,$181.98 ,$872.59 ,$141.34 ,$263.10 ,$447.45 ,$537.66 ,$116.88 ,$486.73 ,$293.01 ,$227.74 ,$279.76 ,$97.79 
7/31/24,$246.73 ,$35.10 ,$249.56 ,$76.39 ,$83.52 ,$109.27 ,$98.12 ,$97.52 ,$37.20 ,$58.28 ,$27.75 ,$37.42 ,$21.13 ,$16.27 ,$83.33 ,$135.28 ,$18.00 ,$212.80 ,$40.31 ,$64.88 ,$59.34 ,$509.03 ,$103.21 ,$181.10 ,$876.50 ,$142.15 ,$265.67 ,$463.71 ,$541.92 ,$117.49 ,$484.32 ,$298.71 ,$226.89 ,$279.98 ,$99.49 
8/1/24,$244.47 ,$34.77 ,$246.46 ,$78.39 ,$87.57 ,$112.60 ,$101.24 ,$100.21 ,$38.26 ,$59.11 ,$28.15 ,$37.60 ,$21.07 ,$16.19 ,$82.06 ,$136.10 ,$17.42 ,$207.96 ,$39.50 ,$63.28 ,$56.88 ,$500.12 ,$101.76 ,$175.99 ,$865.35 ,$137.03 ,$265.93 ,$462.41 ,$548.86 ,$116.74 ,$493.36 ,$293.45 ,$229.22 ,$267.00 ,$98.58 
8/2/24,$239.97 ,$34.08 ,$243.41 ,$79.20 ,$88.58 ,$113.92 ,$101.79 ,$101.83 ,$38.77 ,$59.75 ,$27.07 ,$37.96 ,$20.68 ,$15.95 ,$80.17 ,$130.58 ,$17.00 ,$199.14 ,$37.58 ,$58.76 ,$53.26 ,$470.64 ,$95.85 ,$170.00 ,$846.02 ,$133.05 ,$266.58 ,$462.02 ,$548.77 ,$116.44 ,$494.55 ,$292.39 ,$230.19 ,$263.35 ,$94.39 
8/5/24,$234.87 ,$33.00 ,$239.68 ,$76.68 ,$86.57 ,$111.01 ,$98.06 ,$100.70 ,$37.52 ,$57.99 ,$25.93 ,$37.30 ,$20.08 ,$15.43 ,$78.62 ,$127.86 ,$17.37 ,$194.90 ,$36.65 ,$56.21 ,$52.12 ,$459.02 ,$92.07 ,$165.82 ,$830.76 ,$129.51 ,$256.44 ,$442.00 ,$545.38 ,$115.17 ,$492.63 ,$285.90 ,$227.10 ,$256.03 ,$92.38 
8/6/24,$238.55 ,$33.86 ,$243.85 ,$76.97 ,$86.45 ,$112.92 ,$98.29 ,$100.89 ,$37.59 ,$57.86 ,$25.77 ,$38.28 ,$20.66 ,$15.99 ,$82.32 ,$131.62 ,$17.27 ,$200.34 ,$36.92 ,$56.56 ,$52.36 ,$470.22 ,$92.97 ,$169.09 ,$840.96 ,$130.31 ,$258.26 ,$448.30 ,$541.56 ,$114.40 ,$486.53 ,$285.38 ,$225.96 ,$256.55 ,$93.24 
8/7/24,$236.84 ,$33.62 ,$239.98 ,$77.56 ,$87.29 ,$113.51 ,$99.57 ,$101.19 ,$37.84 ,$58.36 ,$25.63 ,$38.45 ,$20.80 ,$15.62 ,$83.06 ,$133.24 ,$17.59 ,$200.40 ,$37.30 ,$56.11 ,$52.29 ,$473.01 ,$92.11 ,$166.75 ,$839.84 ,$127.59 ,$256.52 ,$449.84 ,$548.51 ,$114.15 ,$489.75 ,$287.17 ,$226.83 ,$253.44 ,$94.30 
8/8/24,$240.54 ,$34.25 ,$242.03 ,$77.54 ,$86.46 ,$112.43 ,$98.04 ,$100.50 ,$37.54 ,$58.15 ,$26.28 ,$38.73 ,$21.07 ,$16.25 ,$85.33 ,$136.71 ,$17.28 ,$204.06 ,$38.21 ,$58.00 ,$52.76 ,$485.77 ,$94.63 ,$170.28 ,$854.83 ,$130.65 ,$259.83 ,$455.58 ,$551.62 ,$115.10 ,$491.32 ,$290.80 ,$230.62 ,$256.56 ,$97.57 
8/9/24,$237.52 ,$34.00 ,$239.62 ,$77.46 ,$86.80 ,$112.67 ,$97.53 ,$101.02 ,$37.48 ,$57.96 ,$26.47 ,$38.85 ,$21.02 ,$15.66 ,$85.00 ,$135.69 ,$17.02 ,$205.80 ,$38.28 ,$57.84 ,$52.76 ,$490.26 ,$94.72 ,$169.92 ,$856.21 ,$130.93 ,$259.76 ,$456.78 ,$551.58 ,$116.15 ,$494.34 ,$292.99 ,$228.33 ,$259.43 ,$97.84 
8/12/24,$236.75 ,$33.50 ,$237.18 ,$77.58 ,$87.20 ,$113.37 ,$97.14 ,$101.94 ,$36.90 ,$58.02 ,$26.20 ,$39.05 ,$20.92 ,$15.55 ,$85.18 ,$137.59 ,$17.05 ,$206.19 ,$38.17 ,$57.84 ,$52.06 ,$485.50 ,$94.84 ,$167.02 ,$838.27 ,$129.28 ,$259.89 ,$455.69 ,$556.91 ,$116.60 ,$501.66 ,$291.20 ,$228.83 ,$263.73 ,$97.24 
8/13/24,$237.27 ,$33.22 ,$239.37 ,$78.12 ,$87.20 ,$113.72 ,$98.13 ,$101.60 ,$37.13 ,$59.66 ,$25.88 ,$39.37 ,$20.92 ,$15.58 ,$85.74 ,$136.60 ,$17.30 ,$207.94 ,$38.46 ,$58.15 ,$52.87 ,$491.94 ,$96.71 ,$168.21 ,$854.59 ,$133.35 ,$260.13 ,$459.36 ,$559.42 ,$116.86 ,$502.38 ,$292.20 ,$227.88 ,$262.77 ,$97.34 
8/14/24,$241.22 ,$33.36 ,$241.97 ,$78.01 ,$87.19 ,$113.46 ,$97.24 ,$100.86 ,$37.03 ,$58.96 ,$25.77 ,$39.54 ,$20.96 ,$15.97 ,$86.34 ,$140.16 ,$17.36 ,$210.24 ,$38.81 ,$59.28 ,$53.66 ,$498.70 ,$99.44 ,$168.37 ,$857.52 ,$136.16 ,$261.14 ,$460.16 ,$563.22 ,$117.65 ,$505.00 ,$293.73 ,$226.06 ,$266.63 ,$97.07 
8/15/24,$243.71 ,$33.63 ,$241.15 ,$77.41 ,$87.01 ,$113.11 ,$96.56 ,$99.23 ,$37.50 ,$58.90 ,$25.87 ,$38.57 ,$21.11 ,$15.99 ,$86.97 ,$142.83 ,$17.54 ,$211.55 ,$39.03 ,$60.52 ,$54.57 ,$499.02 ,$100.64 ,$171.82 ,$872.06 ,$136.27 ,$266.80 ,$468.71 ,$560.29 ,$118.36 ,$503.70 ,$295.95 ,$226.49 ,$269.63 ,$98.20 
8/16/24,$244.53 ,$33.42 ,$240.44 ,$78.57 ,$87.36 ,$112.30 ,$96.94 ,$100.10 ,$37.61 ,$59.98 ,$25.79 ,$38.70 ,$21.08 ,$16.30 ,$87.46 ,$142.46 ,$17.76 ,$213.97 ,$39.34 ,$61.40 ,$55.33 ,$504.26 ,$101.44 ,$173.00 ,$872.49 ,$134.28 ,$267.38 ,$468.88 ,$560.13 ,$117.95 ,$506.66 ,$296.59 ,$228.50 ,$270.57 ,$98.22 
8/19/24,$246.07 ,$33.64 ,$241.17 ,$79.35 ,$86.94 ,$112.72 ,$97.54 ,$100.41 ,$37.61 ,$60.15 ,$26.04 ,$39.13 ,$21.36 ,$16.30 ,$88.40 ,$144.49 ,$17.46 ,$215.45 ,$39.67 ,$62.03 ,$56.45 ,$504.68 ,$101.75 ,$174.50 ,$870.21 ,$134.65 ,$266.47 ,$466.98 ,$558.39 ,$118.35 ,$504.87 ,$295.60 ,$230.48 ,$270.90 ,$99.45 
8/20/24,$246.50 ,$33.58 ,$240.77 ,$78.98 ,$86.80 ,$112.38 ,$97.64 ,$100.17 ,$37.54 ,$59.99 ,$25.81 ,$39.05 ,$21.03 ,$16.06 ,$86.59 ,$141.60 ,$17.58 ,$214.52 ,$38.69 ,$61.31 ,$56.15 ,$497.34 ,$100.78 ,$173.59 ,$860.97 ,$132.98 ,$268.04 ,$469.12 ,$557.01 ,$117.95 ,$508.04 ,$295.80 ,$229.64 ,$275.23 ,$99.19 
8/21/24,$245.73 ,$33.79 ,$241.53 ,$79.64 ,$87.57 ,$112.73 ,$98.01 ,$100.42 ,$37.87 ,$59.96 ,$26.14 ,$39.00 ,$20.97 ,$16.02 ,$87.03 ,$142.31 ,$17.67 ,$214.60 ,$38.75 ,$60.53 ,$55.46 ,$496.46 ,$100.69 ,$173.37 ,$863.09 ,$134.75 ,$268.20 ,$468.00 ,$553.76 ,$117.26 ,$506.86 ,$294.07 ,$230.05 ,$271.44 ,$100.62 
8/22/24,$244.32 ,$33.23 ,$237.10 ,$78.92 ,$86.41 ,$112.12 ,$98.29 ,$100.67 ,$37.88 ,$59.92 ,$26.94 ,$39.04 ,$21.00 ,$15.95 ,$87.50 ,$142.85 ,$17.85 ,$216.63 ,$39.24 ,$60.42 ,$55.96 ,$497.75 ,$100.56 ,$174.92 ,$865.24 ,$134.79 ,$267.94 ,$468.82 ,$557.03 ,$118.02 ,$509.63 ,$293.45 ,$231.21 ,$272.11 ,$100.69 
8/23/24,$246.85 ,$33.69 ,$240.65 ,$79.66 ,$86.12 ,$112.36 ,$98.25 ,$100.60 ,$37.79 ,$60.12 ,$26.77 ,$39.66 ,$21.28 ,$16.15 ,$88.07 ,$144.13 ,$17.91 ,$218.31 ,$39.77 ,$62.14 ,$56.70 ,$509.42 ,$101.89 ,$178.10 ,$882.84 ,$139.28 ,$267.44 ,$466.44 ,$555.01 ,$118.52 ,$509.34 ,$291.45 ,$230.68 ,$274.51 ,$102.08 
8/26/24,$247.84 ,$33.67 ,$242.37 ,$80.64 ,$86.49 ,$113.01 ,$99.02 ,$100.90 ,$37.97 ,$61.46 ,$27.18 ,$39.89 ,$21.42 ,$16.11 ,$88.60 ,$145.47 ,$17.66 ,$219.17 ,$39.92 ,$61.79 ,$56.72 ,$507.87 ,$102.33 ,$178.11 ,$883.14 ,$141.96 ,$268.21 ,$468.64 ,$558.10 ,$118.70 ,$512.00 ,$291.00 ,$228.95 ,$276.84 ,$101.39 
8/27/24,$250.35 ,$33.58 ,$248.89 ,$79.61 ,$85.74 ,$111.90 ,$98.54 ,$99.59 ,$37.68 ,$60.89 ,$27.22 ,$39.67 ,$21.39 ,$15.91 ,$88.44 ,$145.13 ,$17.29 ,$220.18 ,$39.67 ,$61.68 ,$56.26 ,$507.26 ,$102.08 ,$179.15 ,$886.13 ,$141.25 ,$270.72 ,$474.99 ,$560.41 ,$119.49 ,$512.44 ,$290.20 ,$230.06 ,$276.91 ,$101.39 
8/28/24,$252.67 ,$33.72 ,$250.29 ,$79.41 ,$85.75 ,$112.70 ,$98.54 ,$100.39 ,$37.89 ,$60.68 ,$27.20 ,$39.37 ,$21.33 ,$15.88 ,$88.21 ,$144.29 ,$17.76 ,$221.29 ,$39.95 ,$61.58 ,$57.07 ,$503.33 ,$102.20 ,$181.78 ,$888.66 ,$140.08 ,$269.19 ,$471.80 ,$563.98 ,$120.84 ,$513.56 ,$296.64 ,$231.95 ,$280.05 ,$101.65 
8/29/24,$253.20 ,$33.94 ,$252.02 ,$80.03 ,$85.80 ,$112.99 ,$99.75 ,$100.81 ,$38.03 ,$61.39 ,$27.08 ,$39.56 ,$21.42 ,$15.96 ,$90.15 ,$146.29 ,$17.94 ,$222.21 ,$40.17 ,$61.88 ,$57.35 ,$510.10 ,$102.60 ,$183.04 ,$894.87 ,$140.58 ,$274.32 ,$480.80 ,$566.85 ,$122.29 ,$519.35 ,$297.83 ,$233.68 ,$282.86 ,$102.50 
8/30/24,$256.09 ,$34.27 ,$256.16 ,$80.51 ,$86.40 ,$113.95 ,$100.28 ,$101.56 ,$38.09 ,$61.23 ,$27.30 ,$40.18 ,$21.57 ,$16.10 ,$92.36 ,$146.90 ,$17.62 ,$224.80 ,$40.75 ,$62.64 ,$58.47 ,$510.25 ,$103.61 ,$185.09 ,$901.81 ,$142.36 ,$276.37 ,$483.34 ,$568.10 ,$123.34 ,$523.21 ,$299.36 ,$236.67 ,$282.77 ,$103.00 
9/3/24,$255.21 ,$34.58 ,$254.56 ,$79.93 ,$88.91 ,$115.79 ,$101.57 ,$103.28 ,$38.49 ,$62.52 ,$27.49 ,$40.20 ,$21.56 ,$16.03 ,$92.24 ,$149.88 ,$17.54 ,$220.30 ,$40.70 ,$61.46 ,$58.37 ,$487.46 ,$99.27 ,$184.50 ,$886.43 ,$138.14 ,$278.54 ,$482.12 ,$567.22 ,$120.99 ,$522.69 ,$294.92 ,$235.28 ,$275.45 ,$98.92 
9/4/24,$255.70 ,$34.86 ,$259.69 ,$81.08 ,$89.13 ,$117.06 ,$102.43 ,$104.40 ,$38.89 ,$63.16 ,$27.65 ,$40.41 ,$21.41 ,$15.92 ,$91.32 ,$147.15 ,$17.62 ,$219.33 ,$40.50 ,$60.96 ,$58.12 ,$490.64 ,$100.15 ,$182.36 ,$886.49 ,$137.85 ,$280.49 ,$483.14 ,$574.78 ,$121.11 ,$523.68 ,$294.35 ,$236.50 ,$274.27 ,$98.70 
9/5/24,$251.53 ,$34.02 ,$252.76 ,$80.33 ,$89.51 ,$116.85 ,$103.10 ,$103.79 ,$38.42 ,$63.46 ,$27.76 ,$40.45 ,$21.48 ,$16.02 ,$91.81 ,$149.78 ,$17.37 ,$217.63 ,$40.14 ,$60.63 ,$56.86 ,$487.88 ,$99.56 ,$180.95 ,$876.64 ,$138.27 ,$278.62 ,$477.36 ,$568.59 ,$119.64 ,$519.39 ,$297.29 ,$232.52 ,$270.93 ,$97.56 
9/6/24,$249.63 ,$33.37 ,$250.01 ,$79.98 ,$88.41 ,$116.60 ,$102.05 ,$103.28 ,$38.20 ,$62.91 ,$27.28 ,$40.39 ,$21.13 ,$15.89 ,$91.06 ,$146.75 ,$17.25 ,$212.46 ,$38.76 ,$59.09 ,$54.00 ,$479.61 ,$96.59 ,$176.70 ,$866.92 ,$137.12 ,$279.37 ,$476.12 ,$566.63 ,$118.44 ,$515.00 ,$292.78 ,$227.23 ,$269.21 ,$95.74 
9/9/24,$251.11 ,$33.76 ,$256.81 ,$81.19 ,$89.32 ,$117.16 ,$103.66 ,$104.75 ,$38.73 ,$63.49 ,$27.41 ,$40.79 ,$21.12 ,$15.81 ,$92.04 ,$143.93 ,$17.12 ,$216.81 ,$39.47 ,$59.54 ,$54.59 ,$488.57 ,$98.18 ,$182.61 ,$877.94 ,$139.77 ,$285.61 ,$487.09 ,$576.57 ,$121.16 ,$524.21 ,$301.56 ,$229.27 ,$267.74 ,$96.37 
9/10/24,$252.58 ,$33.51 ,$257.37 ,$82.30 ,$89.64 ,$116.93 ,$103.23 ,$104.97 ,$39.05 ,$63.84 ,$27.55 ,$40.26 ,$21.12 ,$15.83 ,$91.72 ,$144.18 ,$17.26 ,$205.56 ,$39.28 ,$57.95 ,$53.95 ,$467.13 ,$96.62 ,$178.78 ,$883.83 ,$142.21 ,$285.34 ,$488.02 ,$572.19 ,$120.30 ,$519.97 ,$302.40 ,$227.89 ,$260.87 ,$95.76 
9/11/24,$247.50 ,$33.30 ,$253.77 ,$83.43 ,$88.77 ,$116.20 ,$103.05 ,$103.82 ,$39.30 ,$63.85 ,$27.95 ,$40.24 ,$20.83 ,$15.87 ,$90.24 ,$144.72 ,$17.41 ,$207.23 ,$39.00 ,$57.30 ,$53.73 ,$471.17 ,$97.03 ,$177.12 ,$877.12 ,$143.27 ,$283.96 ,$488.18 ,$566.96 ,$119.26 ,$515.93 ,$299.59 ,$227.01 ,$257.62 ,$96.55 
9/12/24,$248.89 ,$33.45 ,$254.59 ,$83.46 ,$88.49 ,$115.97 ,$102.99 ,$103.39 ,$39.86 ,$63.89 ,$27.59 ,$40.49 ,$20.94 ,$16.00 ,$90.50 ,$146.72 ,$17.71 ,$206.60 ,$38.78 ,$57.33 ,$51.57 ,$474.06 ,$96.64 ,$177.60 ,$885.12 ,$146.50 ,$285.37 ,$492.11 ,$568.27 ,$120.10 ,$518.54 ,$300.67 ,$228.17 ,$258.28 ,$98.46 
9/13/24,$249.12 ,$33.52 ,$245.80 ,$84.65 ,$89.44 ,$117.31 ,$104.17 ,$104.56 ,$40.23 ,$63.84 ,$27.93 ,$40.73 ,$21.14 ,$16.17 ,$91.37 ,$148.19 ,$17.79 ,$204.32 ,$38.65 ,$57.67 ,$52.78 ,$478.99 ,$98.25 ,$177.24 ,$885.73 ,$151.19 ,$287.35 ,$493.36 ,$569.91 ,$119.12 ,$519.78 ,$304.80 ,$229.77 ,$261.55 ,$98.42 
9/16/24,$252.43 ,$33.81 ,$247.07 ,$84.64 ,$89.89 ,$117.70 ,$104.95 ,$104.85 ,$40.43 ,$64.56 ,$28.21 ,$41.18 ,$21.47 ,$16.18 ,$93.68 ,$150.59 ,$17.79 ,$207.86 ,$39.10 ,$58.39 ,$53.79 ,$485.16 ,$100.09 ,$180.92 ,$895.18 ,$154.56 ,$290.48 ,$497.71 ,$572.92 ,$119.20 ,$521.27 ,$307.55 ,$231.71 ,$265.21 ,$98.35 
9/17/24,$253.55 ,$34.07 ,$246.24 ,$84.97 ,$89.65 ,$116.73 ,$104.21 ,$104.54 ,$40.20 ,$64.50 ,$28.32 ,$40.82 ,$21.56 ,$16.02 ,$94.66 ,$152.02 ,$17.69 ,$209.25 ,$39.55 ,$59.29 ,$54.51 ,$485.39 ,$99.84 ,$181.49 ,$904.52 ,$155.05 ,$291.56 ,$500.99 ,$567.01 ,$118.73 ,$520.75 ,$303.85 ,$229.71 ,$265.41 ,$97.77 
9/18/24,$251.20 ,$34.05 ,$249.29 ,$84.28 ,$89.01 ,$115.88 ,$103.22 ,$103.41 ,$39.50 ,$64.36 ,$28.21 ,$40.52 ,$21.61 ,$16.11 ,$93.90 ,$152.19 ,$17.87 ,$207.53 ,$39.62 ,$59.90 ,$54.26 ,$484.58 ,$99.30 ,$182.57 ,$922.71 ,$154.93 ,$288.48 ,$494.76 ,$565.49 ,$118.04 ,$521.63 ,$302.38 ,$229.71 ,$269.02 ,$97.09 
9/19/24,$248.44 ,$34.80 ,$251.86 ,$82.29 ,$88.86 ,$115.14 ,$101.74 ,$102.12 ,$39.29 ,$64.06 ,$28.26 ,$40.39 ,$21.59 ,$16.17 ,$93.77 ,$152.21 ,$17.75 ,$210.48 ,$40.87 ,$63.02 ,$55.80 ,$503.83 ,$100.73 ,$187.20 ,$934.87 ,$159.66 ,$285.24 ,$493.01 ,$565.18 ,$118.82 ,$522.26 ,$304.73 ,$230.46 ,$268.03 ,$98.02 
9/20/24,$245.39 ,$34.93 ,$247.86 ,$82.76 ,$89.70 ,$116.37 ,$102.15 ,$103.35 ,$40.27 ,$64.13 ,$28.17 ,$40.52 ,$21.79 ,$16.20 ,$93.97 ,$152.83 ,$18.03 ,$211.09 ,$40.27 ,$62.14 ,$56.29 ,$498.43 ,$102.47 ,$186.36 ,$928.79 ,$158.12 ,$284.77 ,$492.74 ,$571.92 ,$118.15 ,$525.13 ,$306.87 ,$233.21 ,$267.51 ,$102.84 
9/23/24,$244.00 ,$34.02 ,$246.00 ,$84.82 ,$90.52 ,$117.31 ,$102.53 ,$104.02 ,$40.40 ,$63.96 ,$28.93 ,$40.88 ,$22.18 ,$16.28 ,$95.27 ,$155.53 ,$18.07 ,$211.44 ,$39.87 ,$62.58 ,$55.11 ,$497.41 ,$102.47 ,$185.09 ,$937.61 ,$157.21 ,$288.63 ,$497.14 ,$580.51 ,$120.27 ,$533.14 ,$308.09 ,$237.73 ,$268.13 ,$105.62 
9/24/24,$248.96 ,$34.14 ,$246.93 ,$84.29 ,$89.73 ,$115.98 ,$101.41 ,$102.82 ,$39.99 ,$64.17 ,$28.68 ,$40.86 ,$22.22 ,$16.21 ,$95.23 ,$156.46 ,$18.03 ,$211.59 ,$39.45 ,$61.37 ,$54.16 ,$498.02 ,$102.58 ,$184.62 ,$941.23 ,$157.55 ,$272.78 ,$487.41 ,$578.63 ,$120.04 ,$529.86 ,$304.67 ,$234.74 ,$257.32 ,$106.71 
9/25/24,$245.50 ,$33.52 ,$243.30 ,$84.62 ,$89.35 ,$116.21 ,$101.15 ,$103.16 ,$39.99 ,$64.19 ,$28.62 ,$41.09 ,$22.09 ,$16.20 ,$94.69 ,$155.55 ,$17.30 ,$210.19 ,$39.25 ,$60.38 ,$53.61 ,$491.14 ,$102.34 ,$181.77 ,$936.80 ,$152.77 ,$269.63 ,$489.45 ,$577.94 ,$120.90 ,$528.11 ,$301.69 ,$233.32 ,$257.02 ,$106.29 
9/26/24,$243.23 ,$33.90 ,$244.34 ,$83.46 ,$88.95 ,$115.17 ,$100.74 ,$103.12 ,$39.93 ,$63.98 ,$28.94 ,$40.78 ,$21.68 ,$15.92 ,$89.15 ,$146.31 ,$17.49 ,$209.78 ,$39.52 ,$61.71 ,$56.39 ,$496.92 ,$104.60 ,$183.32 ,$945.02 ,$153.47 ,$271.69 ,$491.27 ,$577.40 ,$120.32 ,$524.31 ,$300.49 ,$231.56 ,$260.36 ,$107.31 
9/27/24,$244.22 ,$34.53 ,$246.47 ,$84.54 ,$90.10 ,$115.97 ,$101.84 ,$104.05 ,$40.38 ,$64.57 ,$29.10 ,$40.71 ,$21.79 ,$16.07 ,$90.24 ,$146.80 ,$17.37 ,$210.50 ,$39.40 ,$61.87 ,$55.90 ,$498.51 ,$104.11 ,$183.07 ,$945.21 ,$154.94 ,$275.17 ,$493.64 ,$582.36 ,$120.39 ,$526.79 ,$300.13 ,$234.99 ,$263.07 ,$108.59 
9/30/24,$246.48 ,$34.53 ,$248.50 ,$84.53 ,$90.18 ,$115.30 ,$102.60 ,$104.13 ,$40.55 ,$65.30 ,$29.42 ,$40.61 ,$22.09 ,$16.05 ,$91.13 ,$148.01 ,$17.51 ,$210.86 ,$39.68 ,$62.60 ,$56.49 ,$495.11 ,$104.24 ,$184.85 ,$949.51 ,$153.13 ,$274.95 ,$493.80 ,$584.56 ,$121.16 ,$528.07 ,$302.20 ,$237.87 ,$264.38 ,$108.70 
10/1/24,$245.55 ,$34.52 ,$248.14 ,$85.27 ,$90.88 ,$116.22 ,$102.22 ,$105.15 ,$40.77 ,$65.32 ,$29.89 ,$41.14 ,$22.59 ,$16.10 ,$92.28 ,$150.58 ,$17.34 ,$207.04 ,$39.22 ,$61.81 ,$55.39 ,$490.17 ,$104.42 ,$179.89 ,$934.02 ,$151.85 ,$277.60 ,$496.38 ,$605.86 ,$124.39 ,$543.88 ,$305.33 ,$245.29 ,$264.65 ,$111.65 
10/2/24,$243.35 ,$34.17 ,$247.03 ,$85.43 ,$91.59 ,$116.68 ,$101.81 ,$104.45 ,$40.95 ,$65.15 ,$30.05 ,$41.06 ,$22.94 ,$16.05 ,$93.40 ,$153.24 ,$17.62 ,$207.29 ,$39.23 ,$62.03 ,$55.30 ,$491.99 ,$104.52 ,$179.40 ,$957.25 ,$152.21 ,$277.00 ,$495.57 ,$603.20 ,$124.04 ,$538.87 ,$303.92 ,$244.66 ,$261.52 ,$113.28 
10/3/24,$240.63 ,$34.12 ,$244.88 ,$85.05 ,$90.70 ,$115.76 ,$101.37 ,$104.02 ,$40.78 ,$64.40 ,$30.30 ,$40.75 ,$23.35 ,$16.31 ,$94.71 ,$155.50 ,$17.68 ,$205.23 ,$39.25 ,$61.31 ,$54.98 ,$486.10 ,$104.57 ,$178.39 ,$951.49 ,$151.20 ,$276.86 ,$494.97 ,$605.82 ,$123.67 ,$537.58 ,$299.61 ,$243.11 ,$257.45 ,$117.15 
10/4/24,$238.86 ,$34.49 ,$247.92 ,$83.85 ,$90.31 ,$114.05 ,$100.28 ,$103.15 ,$40.21 ,$63.73 ,$30.52 ,$41.08 ,$23.62 ,$16.30 ,$95.23 ,$158.02 ,$17.53 ,$211.22 ,$40.11 ,$62.64 ,$56.96 ,$495.16 ,$107.88 ,$182.26 ,$949.19 ,$151.92 ,$277.93 ,$497.70 ,$605.13 ,$124.91 ,$536.74 ,$300.66 ,$243.66 ,$258.30 ,$117.71 
10/7/24,$236.87 ,$33.65 ,$243.76 ,$80.29 ,$88.89 ,$110.23 ,$98.06 ,$101.14 ,$39.54 ,$63.01 ,$29.64 ,$40.82 ,$23.58 ,$16.22 ,$94.84 ,$158.08 ,$17.43 ,$210.93 ,$39.96 ,$62.60 ,$57.16 ,$494.62 ,$107.64 ,$182.23 ,$940.67 ,$149.07 ,$273.79 ,$491.30 ,$605.54 ,$125.05 ,$533.97 ,$297.29 ,$241.76 ,$256.38 ,$116.24 
10/8/24,$237.56 ,$33.87 ,$243.20 ,$80.50 ,$89.29 ,$110.67 ,$98.20 ,$102.11 ,$39.61 ,$62.93 ,$29.47 ,$40.61 ,$23.32 ,$16.17 ,$93.60 ,$158.29 ,$17.67 ,$210.75 ,$39.93 ,$63.24 ,$57.30 ,$496.57 ,$107.49 ,$180.86 ,$949.07 ,$149.44 ,$274.96 ,$497.06 ,$608.05 ,$123.50 ,$532.65 ,$296.90 ,$241.28 ,$257.91 ,$116.82 
10/9/24,$237.68 ,$34.26 ,$245.16 ,$80.58 ,$88.93 ,$111.32 ,$97.72 ,$102.37 ,$39.60 ,$62.58 ,$29.49 ,$40.89 ,$23.48 ,$16.27 ,$94.75 ,$163.40 ,$17.61 ,$213.42 ,$40.19 ,$64.12 ,$57.54 ,$505.18 ,$109.04 ,$183.27 ,$955.92 ,$148.42 ,$276.93 ,$499.95 ,$605.11 ,$123.95 ,$532.23 ,$298.69 ,$242.22 ,$258.08 ,$118.30 
10/10/24,$238.82 ,$34.53 ,$245.91 ,$80.94 ,$88.26 ,$113.12 ,$97.22 ,$101.58 ,$39.27 ,$62.16 ,$29.49 ,$40.88 ,$23.72 ,$16.36 ,$94.69 ,$162.52 ,$17.69 ,$212.84 ,$39.97 ,$63.48 ,$57.75 ,$503.72 ,$108.08 ,$183.37 ,$955.59 ,$149.03 ,$277.47 ,$498.02 ,$597.49 ,$122.94 ,$527.09 ,$296.05 ,$242.35 ,$252.85 ,$115.83 
10/11/24,$242.31 ,$34.96 ,$250.17 ,$81.86 ,$88.96 ,$114.17 ,$98.25 ,$102.32 ,$39.74 ,$62.31 ,$29.57 ,$41.07 ,$24.70 ,$16.52 ,$96.61 ,$165.76 ,$17.67 ,$222.29 ,$41.95 ,$65.74 ,$60.99 ,$516.30 ,$110.46 ,$187.77 ,$990.26 ,$153.04 ,$277.84 ,$502.26 ,$604.17 ,$123.93 ,$528.70 ,$299.44 ,$246.04 ,$259.39 ,$117.42 
10/14/24,$245.27 ,$35.29 ,$253.84 ,$82.91 ,$89.84 ,$115.09 ,$98.79 ,$103.04 ,$39.93 ,$63.02 ,$29.78 ,$41.15 ,$24.88 ,$16.55 ,$97.50 ,$166.66 ,$17.38 ,$221.48 ,$41.91 ,$66.01 ,$62.16 ,$522.75 ,$112.28 ,$188.52 ,$991.72 ,$155.49 ,$280.68 ,$506.66 ,$610.87 ,$124.64 ,$534.07 ,$301.86 ,$248.23 ,$260.84 ,$119.32 
10/15/24,$245.79 ,$35.50 ,$254.33 ,$82.79 ,$90.71 ,$117.12 ,$99.66 ,$105.45 ,$40.56 ,$63.43 ,$29.96 ,$41.29 ,$24.76 ,$16.37 ,$94.98 ,$161.87 ,$17.47 ,$222.39 ,$42.14 ,$62.64 ,$63.03 ,$522.38 ,$112.22 ,$192.34 ,"$1,007.00 ",$156.32 ,$279.29 ,$507.23 ,$605.00 ,$125.03 ,$526.93 ,$300.21 ,$245.30 ,$259.33 ,$118.92 
10/16/24,$248.10 ,$35.47 ,$255.65 ,$84.39 ,$92.29 ,$119.78 ,$101.32 ,$106.14 ,$40.97 ,$64.01 ,$30.11 ,$41.81 ,$24.93 ,$16.40 ,$95.65 ,$162.63 ,$17.35 ,$223.64 ,$42.80 ,$64.25 ,$63.89 ,$529.86 ,$119.51 ,$189.93 ,"$1,015.75 ",$159.71 ,$287.52 ,$514.07 ,$612.83 ,$126.22 ,$531.43 ,$304.87 ,$248.14 ,$260.66 ,$124.70 
10/17/24,$241.72 ,$33.09 ,$248.24 ,$83.78 ,$92.70 ,$120.58 ,$100.91 ,$105.66 ,$40.77 ,$63.25 ,$30.18 ,$41.84 ,$24.82 ,$16.49 ,$96.44 ,$161.92 ,$17.27 ,$224.42 ,$42.60 ,$63.97 ,$64.38 ,$529.00 ,$119.44 ,$188.80 ,"$1,002.50 ",$169.73 ,$290.39 ,$513.76 ,$609.62 ,$125.75 ,$527.97 ,$308.23 ,$248.28 ,$261.87 ,$125.10 
10/18/24,$244.10 ,$34.12 ,$252.37 ,$84.38 ,$93.24 ,$120.76 ,$100.69 ,$106.76 ,$40.95 ,$64.07 ,$30.11 ,$41.98 ,$24.95 ,$16.41 ,$97.23 ,$162.75 ,$17.11 ,$225.37 ,$42.32 ,$62.85 ,$64.36 ,$528.50 ,$121.06 ,$189.38 ,"$1,007.02 ",$172.36 ,$290.62 ,$516.34 ,$611.81 ,$125.92 ,$530.79 ,$308.48 ,$248.78 ,$261.53 ,$126.21 
10/21/24,$240.35 ,$33.66 ,$248.16 ,$84.03 ,$92.73 ,$119.89 ,$100.16 ,$106.26 ,$40.50 ,$63.43 ,$30.09 ,$41.54 ,$24.74 ,$16.40 ,$96.82 ,$161.71 ,$17.11 ,$223.00 ,$41.76 ,$61.83 ,$64.02 ,$517.80 ,$118.28 ,$185.64 ,"$1,000.53 ",$170.77 ,$286.85 ,$515.01 ,$614.61 ,$125.90 ,$529.65 ,$308.08 ,$248.15 ,$261.24 ,$126.75 
10/22/24,$241.45 ,$33.85 ,$260.43 ,$83.70 ,$93.08 ,$119.88 ,$99.89 ,$105.70 ,$40.53 ,$63.68 ,$29.79 ,$41.45 ,$24.81 ,$16.38 ,$97.37 ,$165.12 ,$17.06 ,$224.12 ,$42.30 ,$63.56 ,$64.81 ,$518.30 ,$118.32 ,$186.28 ,"$1,000.81 ",$168.50 ,$284.79 ,$513.02 ,$576.98 ,$125.53 ,$520.20 ,$305.99 ,$244.93 ,$257.11 ,$123.63 
10/23/24,$241.35 ,$33.59 ,$256.98 ,$84.96 ,$94.15 ,$120.57 ,$100.83 ,$107.40 ,$40.74 ,$64.32 ,$29.75 ,$41.22 ,$24.77 ,$16.38 ,$96.76 ,$165.84 ,$17.10 ,$223.41 ,$42.34 ,$63.10 ,$64.56 ,$517.20 ,$118.28 ,$188.21 ,$988.16 ,$166.92 ,$283.76 ,$513.73 ,$571.10 ,$127.21 ,$516.40 ,$304.40 ,$245.82 ,$256.00 ,$122.91 
10/24/24,$230.75 ,$33.10 ,$253.42 ,$82.81 ,$93.61 ,$119.02 ,$99.39 ,$107.00 ,$40.71 ,$65.11 ,$29.48 ,$41.13 ,$24.99 ,$16.40 ,$97.42 ,$168.57 ,$16.93 ,$224.98 ,$42.65 ,$63.00 ,$65.43 ,$524.50 ,$119.17 ,$188.94 ,$984.00 ,$169.66 ,$283.22 ,$510.62 ,$564.21 ,$125.17 ,$523.68 ,$301.27 ,$244.17 ,$254.70 ,$122.37 
10/25/24,$230.30 ,$33.27 ,$251.09 ,$81.43 ,$91.88 ,$117.21 ,$98.19 ,$104.60 ,$40.07 ,$64.46 ,$29.31 ,$40.94 ,$24.95 ,$16.45 ,$96.66 ,$165.96 ,$16.76 ,$222.31 ,$41.89 ,$61.76 ,$64.53 ,$512.60 ,$116.88 ,$185.82 ,$974.07 ,$167.50 ,$281.73 ,$507.36 ,$562.29 ,$125.16 ,$519.35 ,$302.52 ,$252.81 ,$253.83 ,$123.03 
10/28/24,$231.98 ,$33.26 ,$253.59 ,$82.87 ,$91.79 ,$117.06 ,$99.11 ,$104.81 ,$40.23 ,$64.48 ,$29.75 ,$40.87 ,$24.80 ,$16.40 ,$96.02 ,$164.72 ,$16.75 ,$225.50 ,$42.62 ,$64.16 ,$65.61 ,$523.58 ,$119.13 ,$189.83 ,$986.22 ,$169.97 ,$284.19 ,$508.21 ,$555.17 ,$125.43 ,$512.15 ,$303.92 ,$248.03 ,$255.16 ,$123.76 
10/29/24,$231.99 ,$33.25 ,$252.41 ,$79.56 ,$89.82 ,$114.41 ,$97.39 ,$102.91 ,$39.55 ,$63.34 ,$29.43 ,$40.40 ,$24.63 ,$16.38 ,$95.55 ,$164.41 ,$16.77 ,$222.90 ,$42.53 ,$64.69 ,$65.30 ,$524.28 ,$119.30 ,$187.85 ,$983.17 ,$169.81 ,$281.88 ,$506.28 ,$546.80 ,$122.79 ,$504.05 ,$301.75 ,$245.07 ,$253.76 ,$125.53 
10/30/24,$232.17 ,$33.54 ,$252.74 ,$79.09 ,$89.36 ,$114.00 ,$97.40 ,$102.72 ,$39.70 ,$63.05 ,$29.26 ,$40.59 ,$24.84 ,$16.47 ,$96.16 ,$166.63 ,$16.27 ,$224.41 ,$42.31 ,$64.50 ,$65.41 ,$524.40 ,$117.92 ,$190.22 ,$979.87 ,$171.54 ,$290.16 ,$513.69 ,$545.94 ,$121.86 ,$505.34 ,$301.37 ,$245.41 ,$250.49 ,$124.85 
10/31/24,$232.07 ,$33.64 ,$250.43 ,$79.25 ,$91.03 ,$115.27 ,$98.75 ,$101.68 ,$39.30 ,$66.81 ,$29.53 ,$40.40 ,$24.51 ,$16.48 ,$96.88 ,$166.96 ,$16.39 ,$221.92 ,$41.82 ,$64.17 ,$64.92 ,$517.79 ,$116.25 ,$188.27 ,$981.03 ,$167.75 ,$289.85 ,$499.59 ,$546.05 ,$120.99 ,$509.02 ,$291.61 ,$247.47 ,$184.96 ,$121.75 
11/1/24,$232.69 ,$33.39 ,$250.09 ,$77.35 ,$88.54 ,$112.68 ,$97.25 ,$100.00 ,$38.15 ,$66.69 ,$28.58 ,$40.42 ,$24.18 ,$16.43 ,$93.36 ,$165.27 ,$16.71 ,$222.94 ,$41.76 ,$63.71 ,$64.68 ,$519.35 ,$116.85 ,$187.15 ,$985.08 ,$168.14 ,$290.74 ,$508.08 ,$545.35 ,$118.75 ,$506.95 ,$292.99 ,$247.48 ,$189.23 ,$122.58 
11/4/24,$229.91 ,$33.36 ,$247.59 ,$78.37 ,$88.12 ,$112.52 ,$98.40 ,$99.15 ,$37.97 ,$65.82 ,$29.02 ,$40.83 ,$24.49 ,$16.51 ,$95.64 ,$169.20 ,$16.92 ,$219.78 ,$41.33 ,$62.35 ,$63.70 ,$511.47 ,$116.14 ,$185.95 ,$991.50 ,$167.04 ,$291.85 ,$505.58 ,$543.10 ,$118.00 ,$507.44 ,$293.60 ,$247.07 ,$191.04 ,$119.68 
11/5/24,$233.87 ,$34.02 ,$252.11 ,$78.65 ,$88.70 ,$114.08 ,$100.40 ,$99.82 ,$38.47 ,$66.33 ,$29.55 ,$41.05 ,$24.71 ,$16.90 ,$98.61 ,$177.40 ,$17.43 ,$221.49 ,$41.88 ,$63.67 ,$64.07 ,$526.96 ,$117.81 ,$188.80 ,"$1,014.35 ",$169.62 ,$293.29 ,$505.56 ,$546.75 ,$118.98 ,$512.90 ,$296.65 ,$250.95 ,$193.24 ,$116.95 
11/6/24,$248.49 ,$36.88 ,$277.00 ,$74.52 ,$87.42 ,$113.63 ,$96.25 ,$98.96 ,$38.32 ,$66.49 ,$29.02 ,$41.53 ,$26.35 ,$17.42 ,$102.20 ,$186.04 ,$17.78 ,$247.06 ,$45.41 ,$69.03 ,$72.47 ,$595.98 ,$131.49 ,$204.97 ,"$1,029.82 ",$176.38 ,$307.40 ,$521.13 ,$551.82 ,$121.59 ,$523.14 ,$308.46 ,$256.45 ,$203.21 ,$118.33 
11/7/24,$242.56 ,$35.56 ,$270.71 ,$74.62 ,$86.93 ,$111.08 ,$96.33 ,$97.58 ,$38.09 ,$66.20 ,$29.37 ,$42.42 ,$26.41 ,$17.41 ,$104.14 ,$187.79 ,$17.28 ,$236.38 ,$44.77 ,$68.11 ,$69.82 ,$582.17 ,$128.44 ,$203.21 ,"$1,036.06 ",$176.30 ,$305.80 ,$517.88 ,$551.84 ,$120.08 ,$520.58 ,$306.00 ,$254.81 ,$197.82 ,$121.05 
11/8/24,$241.49 ,$36.00 ,$271.67 ,$76.97 ,$88.64 ,$113.23 ,$96.40 ,$98.13 ,$38.11 ,$67.37 ,$30.39 ,$42.33 ,$26.88 ,$17.30 ,$107.16 ,$192.28 ,$17.31 ,$236.98 ,$45.13 ,$68.63 ,$70.04 ,$589.26 ,$129.53 ,$203.97 ,"$1,039.28 ",$177.46 ,$307.87 ,$524.76 ,$564.56 ,$123.55 ,$528.99 ,$309.47 ,$260.60 ,$202.66 ,$124.57 
11/11/24,$241.95 ,$36.52 ,$271.11 ,$75.91 ,$88.33 ,$112.46 ,$94.51 ,$98.48 ,$38.40 ,$68.65 ,$30.06 ,$42.78 ,$27.27 ,$17.24 ,$109.04 ,$194.96 ,$16.90 ,$239.29 ,$46.08 ,$69.80 ,$72.56 ,$602.34 ,$133.52 ,$209.71 ,"$1,053.84 ",$183.16 ,$310.92 ,$530.12 ,$570.58 ,$124.56 ,$533.70 ,$313.91 ,$264.22 ,$206.63 ,$126.51 
11/12/24,$238.91 ,$36.13 ,$267.45 ,$74.26 ,$87.71 ,$111.88 ,$92.96 ,$97.04 ,$38.16 ,$68.61 ,$30.44 ,$42.18 ,$27.18 ,$17.05 ,$107.82 ,$194.31 ,$16.95 ,$239.56 ,$45.86 ,$69.02 ,$72.60 ,$592.59 ,$132.31 ,$211.04 ,"$1,036.35 ",$180.66 ,$309.85 ,$529.17 ,$565.96 ,$123.37 ,$531.39 ,$312.05 ,$261.72 ,$204.60 ,$126.93 
11/13/24,$240.41 ,$36.48 ,$269.26 ,$74.24 ,$87.52 ,$111.31 ,$93.33 ,$95.41 ,$38.14 ,$68.65 ,$30.41 ,$42.49 ,$26.80 ,$17.10 ,$108.17 ,$193.00 ,$17.14 ,$241.16 ,$45.87 ,$68.89 ,$72.77 ,$594.22 ,$132.76 ,$209.30 ,"$1,030.98 ",$181.56 ,$309.48 ,$521.88 ,$557.73 ,$123.75 ,$520.42 ,$314.03 ,$261.65 ,$204.00 ,$132.11 
11/14/24,$235.58 ,$35.63 ,$264.76 ,$75.28 ,$86.78 ,$110.68 ,$93.76 ,$95.24 ,$38.12 ,$68.91 ,$29.98 ,$43.09 ,$26.76 ,$17.15 ,$107.88 ,$191.57 ,$17.18 ,$241.87 ,$45.90 ,$68.15 ,$72.80 ,$588.61 ,$132.43 ,$207.96 ,"$1,047.08 ",$181.21 ,$308.25 ,$520.40 ,$538.99 ,$118.92 ,$500.34 ,$292.42 ,$248.16 ,$195.33 ,$128.23 
11/15/24,$235.57 ,$35.13 ,$261.26 ,$76.35 ,$87.93 ,$112.17 ,$96.31 ,$96.44 ,$39.11 ,$69.46 ,$30.86 ,$42.18 ,$27.27 ,$17.29 ,$109.81 ,$196.04 ,$17.47 ,$245.31 ,$46.75 ,$68.76 ,$74.34 ,$593.54 ,$134.06 ,$207.68 ,"$1,047.37 ",$181.41 ,$309.64 ,$521.89 ,$534.83 ,$118.53 ,$493.99 ,$287.99 ,$247.00 ,$193.56 ,$126.25 
11/18/24,$234.41 ,$34.97 ,$262.22 ,$76.39 ,$88.04 ,$113.54 ,$96.49 ,$96.45 ,$39.23 ,$69.94 ,$31.15 ,$42.56 ,$27.78 ,$17.58 ,$112.51 ,$199.00 ,$17.43 ,$245.03 ,$46.72 ,$69.00 ,$74.09 ,$587.99 ,$133.78 ,$206.83 ,"$1,049.97 ",$183.01 ,$312.16 ,$521.63 ,$530.96 ,$119.39 ,$488.68 ,$286.00 ,$244.27 ,$196.30 ,$126.19 
11/19/24,$233.29 ,$34.60 ,$259.71 ,$77.08 ,$88.29 ,$113.58 ,$96.70 ,$96.97 ,$39.10 ,$69.57 ,$31.40 ,$42.98 ,$28.08 ,$17.96 ,$113.11 ,$203.57 ,$17.56 ,$243.09 ,$46.41 ,$68.60 ,$73.43 ,$581.38 ,$132.24 ,$204.86 ,"$1,028.11 ",$184.91 ,$311.85 ,$519.46 ,$533.26 ,$118.96 ,$491.02 ,$280.96 ,$243.58 ,$191.61 ,$130.33 
11/20/24,$233.56 ,$34.57 ,$258.93 ,$76.88 ,$87.97 ,$113.74 ,$96.80 ,$97.88 ,$38.73 ,$70.05 ,$31.57 ,$42.79 ,$28.00 ,$18.28 ,$113.16 ,$202.84 ,$17.82 ,$240.78 ,$46.06 ,$68.28 ,$73.58 ,$581.93 ,$131.69 ,$203.95 ,"$1,024.67 ",$185.03 ,$307.39 ,$512.54 ,$534.73 ,$119.15 ,$491.98 ,$280.05 ,$244.36 ,$190.25 ,$129.76 
11/21/24,$239.02 ,$35.34 ,$264.26 ,$77.36 ,$88.14 ,$114.86 ,$98.08 ,$98.70 ,$39.31 ,$71.38 ,$31.73 ,$43.49 ,$28.54 ,$18.97 ,$116.75 ,$207.69 ,$17.94 ,$244.76 ,$46.46 ,$68.95 ,$74.83 ,$596.11 ,$134.99 ,$205.75 ,"$1,028.00 ",$194.01 ,$309.90 ,$515.10 ,$542.01 ,$120.53 ,$496.41 ,$279.93 ,$246.60 ,$195.30 ,$133.28 
11/22/24,$242.39 ,$35.78 ,$268.95 ,$76.00 ,$87.60 ,$114.70 ,$97.59 ,$98.36 ,$38.71 ,$71.35 ,$31.93 ,$43.26 ,$28.49 ,$19.07 ,$117.05 ,$207.31 ,$17.57 ,$248.55 ,$47.00 ,$69.84 ,$75.96 ,$602.78 ,$134.69 ,$210.07 ,"$1,036.46 ",$199.05 ,$309.92 ,$520.86 ,$542.22 ,$120.77 ,$496.87 ,$281.81 ,$248.16 ,$198.95 ,$132.89 
11/25/24,$249.32 ,$36.62 ,$275.93 ,$76.64 ,$88.42 ,$115.00 ,$98.10 ,$99.47 ,$39.13 ,$71.60 ,$32.48 ,$42.95 ,$27.85 ,$18.97 ,$111.52 ,$201.06 ,$17.67 ,$250.29 ,$47.50 ,$70.75 ,$76.90 ,$603.03 ,$133.66 ,$212.47 ,"$1,031.49 ",$193.12 ,$313.19 ,$526.60 ,$521.89 ,$118.65 ,$485.27 ,$281.35 ,$240.60 ,$198.88 ,$130.39 
11/26/24,$245.63 ,$36.69 ,$276.09 ,$77.49 ,$89.33 ,$117.04 ,$99.33 ,$101.70 ,$39.49 ,$71.87 ,$32.53 ,$42.70 ,$28.09 ,$19.20 ,$113.45 ,$203.41 ,$18.09 ,$249.97 ,$47.75 ,$69.75 ,$77.35 ,$605.50 ,$131.28 ,$214.20 ,"$1,026.48 ",$191.66 ,$311.82 ,$528.48 ,$521.45 ,$120.61 ,$488.43 ,$282.02 ,$245.58 ,$197.98 ,$132.36 
11/27/24,$245.23 ,$36.58 ,$275.38 ,$78.52 ,$89.74 ,$117.42 ,$99.89 ,$101.58 ,$39.51 ,$72.92 ,$32.66 ,$42.90 ,$28.07 ,$19.42 ,$112.59 ,$201.39 ,$18.67 ,$249.79 ,$47.77 ,$70.16 ,$77.21 ,$605.43 ,$131.21 ,$215.00 ,"$1,019.45 ",$189.02 ,$314.70 ,$532.38 ,$525.75 ,$120.34 ,$489.08 ,$282.31 ,$245.33 ,$199.37 ,$130.45 
11/29/24,$244.66 ,$36.55 ,$275.85 ,$78.67 ,$89.13 ,$117.05 ,$99.86 ,$100.59 ,$39.56 ,$72.56 ,$32.62 ,$43.38 ,$28.27 ,$19.86 ,$113.60 ,$204.30 ,$18.31 ,$249.72 ,$47.51 ,$70.87 ,$76.17 ,$608.57 ,$131.61 ,$214.72 ,"$1,022.80 ",$191.09 ,$315.08 ,$532.94 ,$529.41 ,$121.83 ,$489.65 ,$284.01 ,$246.25 ,$197.92 ,$130.85 
12/2/24,$240.78 ,$36.34 ,$272.75 ,$77.07 ,$87.77 ,$115.18 ,$98.22 ,$98.50 ,$38.37 ,$71.20 ,$31.99 ,$43.36 ,$27.44 ,$19.42 ,$110.44 ,$194.54 ,$18.57 ,$246.25 ,$47.04 ,$71.39 ,$75.28 ,$601.71 ,$131.03 ,$211.36 ,"$1,020.11 ",$187.05 ,$316.65 ,$531.36 ,$520.34 ,$118.68 ,$484.75 ,$276.44 ,$242.82 ,$194.84 ,$129.13 
12/3/24,$236.99 ,$36.00 ,$270.12 ,$76.29 ,$86.26 ,$113.64 ,$97.02 ,$97.53 ,$38.14 ,$71.00 ,$32.13 ,$43.49 ,$27.42 ,$19.26 ,$110.51 ,$197.13 ,$18.16 ,$244.82 ,$46.82 ,$71.42 ,$74.14 ,$602.08 ,$130.44 ,$209.01 ,"$1,039.00 ",$186.17 ,$313.01 ,$526.18 ,$517.00 ,$118.10 ,$485.21 ,$277.42 ,$239.86 ,$191.87 ,$129.20 
12/4/24,$235.00 ,$35.30 ,$267.63 ,$75.74 ,$85.85 ,$113.28 ,$96.25 ,$96.62 ,$37.85 ,$70.72 ,$32.30 ,$43.64 ,$27.39 ,$18.98 ,$108.74 ,$195.45 ,$18.44 ,$243.40 ,$46.37 ,$71.50 ,$73.06 ,$598.71 ,$129.99 ,$207.92 ,"$1,035.00 ",$185.50 ,$309.90 ,$521.14 ,$517.50 ,$119.23 ,$486.62 ,$277.66 ,$240.48 ,$192.90 ,$130.50 
12/5/24,$234.63 ,$34.62 ,$264.00 ,$76.20 ,$86.19 ,$114.01 ,$97.45 ,$96.50 ,$37.98 ,$70.86 ,$31.99 ,$43.92 ,$27.97 ,$19.07 ,$110.12 ,$198.33 ,$18.18 ,$245.48 ,$47.00 ,$72.23 ,$73.66 ,$596.80 ,$130.32 ,$208.83 ,"$1,044.78 ",$187.20 ,$309.08 ,$524.77 ,$517.48 ,$118.52 ,$479.57 ,$275.15 ,$238.14 ,$188.88 ,$127.97 
12/6/24,$233.57 ,$34.45 ,$260.78 ,$75.24 ,$84.81 ,$112.10 ,$95.85 ,$94.82 ,$37.85 ,$69.74 ,$31.66 ,$43.14 ,$27.77 ,$19.26 ,$109.00 ,$194.34 ,$17.89 ,$247.36 ,$46.75 ,$72.15 ,$74.33 ,$599.68 ,$129.96 ,$208.63 ,"$1,042.87 ",$187.00 ,$311.01 ,$528.57 ,$513.03 ,$117.99 ,$473.65 ,$271.80 ,$234.64 ,$187.95 ,$126.01 
12/9/24,$233.54 ,$33.97 ,$256.84 ,$74.70 ,$84.31 ,$111.86 ,$95.58 ,$94.78 ,$37.44 ,$69.11 ,$31.36 ,$42.35 ,$27.10 ,$18.84 ,$105.12 ,$186.93 ,$17.63 ,$243.81 ,$45.91 ,$71.86 ,$72.62 ,$594.12 ,$128.58 ,$204.50 ,"$1,046.38 ",$185.35 ,$308.30 ,$522.82 ,$510.01 ,$116.58 ,$479.17 ,$269.57 ,$229.76 ,$193.25 ,$122.20 
12/10/24,$237.09 ,$34.17 ,$256.08 ,$74.14 ,$84.39 ,$111.11 ,$95.10 ,$94.69 ,$37.32 ,$69.15 ,$31.38 ,$42.31 ,$26.89 ,$18.74 ,$104.34 ,$185.34 ,$17.89 ,$242.86 ,$45.75 ,$72.50 ,$72.05 ,$585.03 ,$126.79 ,$204.44 ,"$1,057.07 ",$189.57 ,$312.38 ,$529.01 ,$512.94 ,$117.61 ,$480.18 ,$270.43 ,$230.68 ,$190.98 ,$122.10 
12/11/24,$233.78 ,$33.61 ,$247.25 ,$73.98 ,$83.25 ,$109.59 ,$93.63 ,$92.75 ,$36.76 ,$68.36 ,$31.41 ,$42.34 ,$26.95 ,$19.18 ,$104.33 ,$186.28 ,$18.05 ,$243.53 ,$46.08 ,$71.96 ,$71.60 ,$592.56 ,$127.59 ,$203.38 ,"$1,065.26 ",$192.41 ,$313.79 ,$534.45 ,$504.24 ,$116.94 ,$475.62 ,$265.43 ,$228.87 ,$191.52 ,$122.84 
12/12/24,$233.71 ,$33.68 ,$248.31 ,$73.22 ,$83.37 ,$109.16 ,$92.85 ,$92.61 ,$36.83 ,$68.49 ,$31.91 ,$42.05 ,$26.90 ,$19.21 ,$104.47 ,$185.57 ,$17.86 ,$241.53 ,$46.08 ,$71.43 ,$70.80 ,$591.61 ,$127.91 ,$202.31 ,"$1,058.82 ",$190.30 ,$314.23 ,$532.41 ,$496.58 ,$116.05 ,$481.51 ,$263.04 ,$224.35 ,$190.85 ,$122.65 
12/13/24,$234.98 ,$33.24 ,$246.22 ,$73.62 ,$83.20 ,$108.82 ,$92.71 ,$92.69 ,$36.87 ,$68.12 ,$31.94 ,$41.91 ,$26.88 ,$19.04 ,$104.03 ,$184.62 ,$17.55 ,$239.94 ,$45.67 ,$71.01 ,$70.44 ,$585.48 ,$127.40 ,$201.50 ,"$1,056.54 ",$188.42 ,$314.74 ,$529.00 ,$494.65 ,$117.75 ,$480.00 ,$263.11 ,$223.16 ,$192.14 ,$120.91 
12/16/24,$232.89 ,$32.94 ,$242.82 ,$72.79 ,$81.88 ,$107.44 ,$91.77 ,$91.26 ,$36.22 ,$67.66 ,$32.07 ,$41.53 ,$26.56 ,$18.70 ,$102.85 ,$183.40 ,$17.44 ,$239.58 ,$45.47 ,$71.49 ,$71.98 ,$586.33 ,$129.03 ,$200.53 ,"$1,064.65 ",$188.46 ,$315.89 ,$530.31 ,$491.65 ,$118.11 ,$482.60 ,$266.07 ,$222.04 ,$198.27 ,$121.86 
12/17/24,$229.88 ,$32.93 ,$242.47 ,$72.27 ,$83.28 ,$107.89 ,$91.92 ,$90.84 ,$36.52 ,$68.08 ,$31.71 ,$41.40 ,$26.61 ,$18.64 ,$101.78 ,$181.22 ,$16.97 ,$238.36 ,$45.05 ,$71.12 ,$70.81 ,$574.68 ,$127.74 ,$198.30 ,"$1,049.22 ",$183.11 ,$318.30 ,$531.01 ,$490.61 ,$117.42 ,$480.29 ,$265.22 ,$218.45 ,$193.49 ,$118.07 
12/18/24,$224.54 ,$32.08 ,$237.80 ,$70.52 ,$81.50 ,$105.76 ,$90.91 ,$88.87 ,$36.56 ,$66.40 ,$31.44 ,$40.50 ,$25.83 ,$18.20 ,$97.64 ,$171.94 ,$16.98 ,$230.37 ,$43.50 ,$68.12 ,$68.76 ,$550.25 ,$121.04 ,$191.96 ,"$1,020.30 ",$171.70 ,$309.78 ,$519.96 ,$482.94 ,$114.45 ,$467.66 ,$262.27 ,$213.42 ,$194.44 ,$113.72 
12/19/24,$223.15 ,$31.58 ,$230.60 ,$69.77 ,$81.78 ,$107.08 ,$91.24 ,$89.07 ,$37.19 ,$66.65 ,$31.76 ,$40.71 ,$26.24 ,$18.27 ,$97.66 ,$172.53 ,$16.94 ,$232.96 ,$43.38 ,$68.42 ,$68.85 ,$553.99 ,$120.50 ,$190.03 ,"$1,016.33 ",$168.91 ,$314.88 ,$523.28 ,$479.66 ,$115.46 ,$467.13 ,$260.28 ,$210.64 ,$187.61 ,$112.96 
12/20/24,$226.32 ,$31.85 ,$234.15 ,$71.67 ,$82.86 ,$108.28 ,$92.75 ,$90.03 ,$37.02 ,$67.40 ,$32.54 ,$41.37 ,$26.85 ,$18.86 ,$100.08 ,$176.79 ,$16.91 ,$237.60 ,$44.17 ,$69.19 ,$70.34 ,$566.10 ,$123.44 ,$192.76 ,"$1,028.69 ",$170.84 ,$317.71 ,$528.03 ,$489.02 ,$116.48 ,$469.54 ,$263.64 ,$213.55 ,$190.45 ,$113.28 
12/23/24,$227.13 ,$32.22 ,$235.77 ,$72.49 ,$83.04 ,$108.56 ,$92.86 ,$89.67 ,$37.33 ,$67.72 ,$32.10 ,$41.80 ,$27.05 ,$19.04 ,$100.97 ,$178.37 ,$17.13 ,$238.39 ,$43.89 ,$69.77 ,$70.54 ,$570.78 ,$124.45 ,$193.12 ,"$1,039.70 ",$172.19 ,$317.22 ,$528.96 ,$486.49 ,$116.63 ,$467.20 ,$265.19 ,$213.03 ,$190.41 ,$111.88 
12/24/24,$229.75 ,$32.57 ,$237.92 ,$72.91 ,$83.16 ,$108.97 ,$92.37 ,$89.58 ,$37.52 ,$68.21 ,$32.39 ,$41.87 ,$27.33 ,$19.60 ,$102.19 ,$180.72 ,$16.84 ,$242.31 ,$44.38 ,$71.00 ,$71.59 ,$582.79 ,$127.06 ,$194.08 ,"$1,054.83 ",$175.69 ,$320.65 ,$535.71 ,$488.13 ,$116.83 ,$471.09 ,$265.90 ,$213.32 ,$192.46 ,$112.87 
12/26/24,$230.23 ,$32.52 ,$237.18 ,$72.37 ,$82.84 ,$108.31 ,$92.06 ,$89.59 ,$37.45 ,$68.18 ,$32.37 ,$41.80 ,$27.25 ,$19.26 ,$101.25 ,$177.90 ,$16.77 ,$243.14 ,$44.55 ,$71.35 ,$71.76 ,$581.23 ,$128.03 ,$194.77 ,"$1,054.28 ",$176.46 ,$320.91 ,$536.15 ,$489.98 ,$117.04 ,$472.23 ,$266.78 ,$213.59 ,$191.83 ,$113.00 
12/27/24,$229.93 ,$32.46 ,$235.25 ,$72.11 ,$83.14 ,$108.34 ,$92.51 ,$89.56 ,$37.43 ,$68.14 ,$32.21 ,$41.82 ,$27.18 ,$19.28 ,$100.83 ,$177.36 ,$16.83 ,$241.17 ,$44.34 ,$71.00 ,$71.11 ,$576.18 ,$126.76 ,$193.28 ,"$1,044.18 ",$174.01 ,$318.66 ,$532.20 ,$488.97 ,$116.71 ,$471.35 ,$266.14 ,$212.37 ,$190.42 ,$112.52 
12/30/24,$227.79 ,$32.15 ,$233.49 ,$71.76 ,$82.38 ,$107.71 ,$92.06 ,$89.16 ,$37.63 ,$67.59 ,$31.83 ,$42.12 ,$27.36 ,$19.57 ,$100.78 ,$177.76 ,$17.08 ,$239.32 ,$43.91 ,$70.39 ,$70.41 ,$573.55 ,$125.75 ,$192.53 ,"$1,027.43 ",$172.05 ,$315.31 ,$525.55 ,$483.37 ,$115.22 ,$466.52 ,$263.38 ,$208.94 ,$188.41 ,$112.16 
12/31/24,$228.04 ,$32.27 ,$234.70 ,$71.69 ,$82.32 ,$107.74 ,$92.23 ,$89.23 ,$37.64 ,$67.52 ,$31.73 ,$42.43 ,$27.40 ,$19.59 ,$100.40 ,$178.50 ,$17.32 ,$239.71 ,$43.95 ,$70.39 ,$70.24 ,$572.62 ,$125.72 ,$192.85 ,"$1,025.11 ",$172.42 ,$316.04 ,$526.57 ,$485.94 ,$115.72 ,$469.29 ,$263.49 ,$210.28 ,$188.97 ,$111.39 
1/2/25,$229.12 ,$32.16 ,$234.60 ,$71.61 ,$82.07 ,$107.82 ,$91.94 ,$89.03 ,$37.66 ,$66.86 ,$31.49 ,$42.98 ,$28.11 ,$19.71 ,$101.77 ,$183.06 ,$17.38 ,$240.00 ,$44.29 ,$69.94 ,$70.19 ,$574.97 ,$124.78 ,$191.39 ,"$1,017.40 ",$173.75 ,$314.40 ,$522.40 ,$482.25 ,$116.01 ,$468.01 ,$261.01 ,$207.36 ,$187.61 ,$111.48 
1/3/25,$231.50 ,$32.34 ,$235.88 ,$71.99 ,$82.32 ,$107.78 ,$92.05 ,$89.24 ,$38.05 ,$66.69 ,$31.64 ,$43.09 ,$28.27 ,$19.64 ,$102.90 ,$186.17 ,$17.58 ,$243.28 ,$44.81 ,$71.00 ,$71.31 ,$580.13 ,$125.94 ,$195.63 ,"$1,020.83 ",$175.91 ,$314.91 ,$521.36 ,$481.82 ,$115.87 ,$467.82 ,$263.37 ,$209.75 ,$188.08 ,$113.50 
1/6/25,$230.01 ,$32.00 ,$236.96 ,$71.24 ,$80.96 ,$106.37 ,$90.32 ,$88.37 ,$37.80 ,$65.14 ,$31.05 ,$42.99 ,$27.83 ,$19.62 ,$101.62 ,$186.16 ,$17.63 ,$240.85 ,$45.40 ,$72.74 ,$72.03 ,$583.39 ,$128.64 ,$195.59 ,"$1,012.74 ",$174.79 ,$313.04 ,$511.93 ,$466.00 ,$114.10 ,$455.14 ,$257.99 ,$204.29 ,$186.70 ,$114.78 
1/7/25,$230.54 ,$32.19 ,$237.76 ,$70.43 ,$81.09 ,$106.81 ,$90.47 ,$88.00 ,$37.53 ,$65.64 ,$30.87 ,$43.64 ,$27.81 ,$19.49 ,$101.61 ,$187.82 ,$18.73 ,$243.17 ,$46.08 ,$73.68 ,$71.59 ,$580.12 ,$126.88 ,$194.77 ,$980.76 ,$171.34 ,$311.67 ,$511.40 ,$463.96 ,$114.80 ,$452.39 ,$259.65 ,$203.00 ,$189.05 ,$115.13 
1/8/25,$231.82 ,$32.20 ,$236.91 ,$70.66 ,$83.02 ,$108.23 ,$92.26 ,$89.01 ,$38.19 ,$66.39 ,$31.17 ,$44.02 ,$28.29 ,$19.73 ,$102.85 ,$191.98 ,$18.88 ,$243.13 ,$46.21 ,$73.26 ,$71.57 ,$580.02 ,$127.86 ,$194.68 ,$986.10 ,$173.97 ,$312.60 ,$516.40 ,$468.85 ,$115.92 ,$462.21 ,$261.47 ,$207.15 ,$189.66 ,$114.53 
1/10/25,$225.21 ,$31.78 ,$233.94 ,$67.38 ,$81.32 ,$105.87 ,$93.51 ,$88.15 ,$37.30 ,$63.37 ,$31.18 ,$43.48 ,$28.16 ,$19.42 ,$101.75 ,$193.30 ,$19.01 ,$239.87 ,$45.11 ,$71.40 ,$69.96 ,$560.00 ,$123.45 ,$189.02 ,$955.64 ,$164.85 ,$307.71 ,$504.67 ,$468.05 ,$115.11 ,$458.69 ,$259.38 ,$208.28 ,$190.02 ,$114.69 
1/13/25,$226.76 ,$31.89 ,$237.36 ,$66.96 ,$81.87 ,$106.14 ,$94.54 ,$88.47 ,$37.56 ,$63.62 ,$31.61 ,$43.40 ,$28.52 ,$19.47 ,$103.98 ,$197.47 ,$19.40 ,$244.21 ,$45.06 ,$72.77 ,$70.53 ,$562.95 ,$123.99 ,$192.43 ,$955.01 ,$165.77 ,$306.92 ,$504.91 ,$483.16 ,$117.74 ,$472.38 ,$263.67 ,$213.92 ,$195.14 ,$114.54 
1/14/25,$229.38 ,$32.14 ,$239.24 ,$67.98 ,$82.05 ,$106.85 ,$94.50 ,$89.37 ,$37.92 ,$64.08 ,$31.86 ,$44.07 ,$29.12 ,$19.93 ,$106.04 ,$201.38 ,$19.35 ,$247.47 ,$45.78 ,$73.50 ,$71.19 ,$571.53 ,$124.62 ,$195.71 ,$963.17 ,$169.32 ,$309.09 ,$509.02 ,$484.46 ,$119.47 ,$475.50 ,$265.12 ,$214.89 ,$197.43 ,$117.11 
1/15/25,$230.86 ,$32.46 ,$240.36 ,$69.29 ,$82.34 ,$106.45 ,$95.12 ,$90.23 ,$38.02 ,$64.94 ,$31.87 ,$44.33 ,$29.44 ,$20.04 ,$106.88 ,$205.50 ,$20.16 ,$252.35 ,$47.10 ,$78.27 ,$75.95 ,$605.92 ,$130.55 ,$200.44 ,"$1,013.18 ",$175.14 ,$316.28 ,$522.35 ,$483.97 ,$119.09 ,$472.30 ,$266.09 ,$214.14 ,$198.70 ,$118.51 
1/16/25,$234.89 ,$32.97 ,$247.11 ,$71.37 ,$83.89 ,$109.06 ,$96.82 ,$92.22 ,$39.34 ,$66.20 ,$32.80 ,$44.03 ,$30.06 ,$20.25 ,$108.66 ,$212.95 ,$20.06 ,$254.27 ,$46.64 ,$78.51 ,$75.95 ,$612.99 ,$135.81 ,$196.54 ,$995.72 ,$176.72 ,$317.25 ,$523.14 ,$486.86 ,$120.46 ,$481.19 ,$268.83 ,$218.48 ,$201.02 ,$121.13 
1/17/25,$234.26 ,$32.73 ,$245.34 ,$70.76 ,$83.90 ,$109.26 ,$97.25 ,$93.65 ,$39.42 ,$66.72 ,$32.56 ,$44.51 ,$30.31 ,$20.29 ,$108.96 ,$215.72 ,$20.57 ,$259.16 ,$46.53 ,$79.99 ,$77.08 ,$625.94 ,$137.87 ,$198.54 ,"$1,004.96 ",$179.95 ,$319.62 ,$524.70 ,$490.32 ,$121.11 ,$482.38 ,$266.67 ,$218.16 ,$202.55 ,$122.43 
1/21/25,$236.73 ,$33.27 ,$251.85 ,$70.85 ,$84.73 ,$110.77 ,$97.81 ,$93.21 ,$40.44 ,$67.68 ,$33.06 ,$45.31 ,$31.22 ,$20.91 ,$109.85 ,$217.22 ,$20.59 ,$263.03 ,$46.66 ,$81.67 ,$77.85 ,$634.74 ,$137.30 ,$198.56 ,"$1,012.09 ",$181.52 ,$323.63 ,$528.06 ,$506.29 ,$125.75 ,$504.45 ,$271.63 ,$222.86 ,$208.61 ,$126.68 
1/22/25,$235.80 ,$33.24 ,$251.85 ,$68.49 ,$82.52 ,$108.82 ,$97.49 ,$90.77 ,$39.22 ,$66.98 ,$32.44 ,$44.76 ,$30.78 ,$20.92 ,$106.30 ,$211.27 ,$20.57 ,$262.84 ,$45.79 ,$81.69 ,$77.54 ,$632.73 ,$136.00 ,$196.30 ,"$1,006.34 ",$182.77 ,$323.56 ,$527.18 ,$499.34 ,$124.38 ,$502.41 ,$268.84 ,$220.06 ,$205.17 ,$128.33 
1/23/25,$248.05 ,$33.67 ,$256.14 ,$69.23 ,$82.26 ,$109.34 ,$97.47 ,$90.76 ,$39.24 ,$66.06 ,$32.44 ,$44.86 ,$30.48 ,$21.06 ,$104.89 ,$211.39 ,$20.39 ,$265.95 ,$46.39 ,$81.98 ,$77.43 ,$639.50 ,$137.80 ,$197.65 ,"$1,017.73 ",$185.52 ,$328.21 ,$534.22 ,$497.28 ,$126.29 ,$499.77 ,$268.56 ,$219.79 ,$204.14 ,$128.46 
1/24/25,$248.78 ,$32.69 ,$254.67 ,$72.83 ,$83.48 ,$109.86 ,$98.18 ,$90.60 ,$39.38 ,$66.61 ,$32.36 ,$45.06 ,$30.27 ,$21.05 ,$104.53 ,$209.07 ,$20.17 ,$264.84 ,$46.52 ,$81.48 ,$77.32 ,$636.90 ,$137.82 ,$199.53 ,"$1,020.45 ",$186.74 ,$330.20 ,$533.49 ,$496.96 ,$125.31 ,$497.02 ,$266.43 ,$218.65 ,$202.72 ,$127.65 
1/27/25,$254.42 ,$33.64 ,$259.76 ,$73.83 ,$86.50 ,$112.62 ,$102.63 ,$94.89 ,$40.70 ,$67.99 ,$32.88 ,$44.70 ,$27.46 ,$19.81 ,$100.45 ,$199.24 ,$20.52 ,$265.85 ,$47.09 ,$81.07 ,$77.94 ,$633.28 ,$136.65 ,$202.89 ,"$1,029.94 ",$182.52 ,$334.54 ,$547.64 ,$503.69 ,$125.05 ,$503.23 ,$269.84 ,$222.29 ,$202.99 ,$111.46 
1/28/25,$249.16 ,$32.68 ,$252.32 ,$70.54 ,$83.54 ,$111.31 ,$100.00 ,$93.39 ,$39.81 ,$66.43 ,$32.31 ,$44.46 ,$27.46 ,$20.35 ,$100.60 ,$202.37 ,$20.64 ,$267.14 ,$46.84 ,$79.94 ,$77.88 ,$637.80 ,$138.54 ,$201.72 ,"$1,051.20 ",$185.59 ,$334.48 ,$547.36 ,$457.45 ,$128.35 ,$486.64 ,$262.57 ,$213.30 ,$195.77 ,$112.06 
1/29/25,$249.55 ,$32.98 ,$256.74 ,$70.89 ,$82.83 ,$110.62 ,$98.05 ,$92.57 ,$39.57 ,$66.07 ,$32.30 ,$44.26 ,$27.30 ,$20.53 ,$100.38 ,$202.86 ,$20.96 ,$266.58 ,$46.75 ,$80.63 ,$78.37 ,$637.38 ,$138.71 ,$202.18 ,"$1,052.61 ",$185.38 ,$335.88 ,$548.80 ,$454.36 ,$125.13 ,$481.54 ,$251.45 ,$211.95 ,$192.89 ,$112.14 
1/30/25,$249.92 ,$32.86 ,$257.20 ,$71.30 ,$84.93 ,$112.26 ,$98.03 ,$93.86 ,$40.02 ,$66.86 ,$32.88 ,$44.50 ,$28.10 ,$21.08 ,$99.87 ,$205.21 ,$19.80 ,$268.23 ,$46.72 ,$81.86 ,$78.82 ,$645.70 ,$139.94 ,$202.07 ,"$1,071.52 ",$177.78 ,$343.05 ,$566.01 ,$459.65 ,$128.98 ,$483.37 ,$256.93 ,$212.06 ,$195.50 ,$115.24 
1/31/25,$247.79 ,$32.87 ,$255.30 ,$71.56 ,$83.95 ,$111.99 ,$98.36 ,$93.74 ,$40.00 ,$67.20 ,$32.57 ,$43.24 ,$27.48 ,$20.48 ,$97.17 ,$196.80 ,$19.90 ,$267.30 ,$46.30 ,$81.43 ,$78.80 ,$640.40 ,$138.43 ,$200.95 ,"$1,075.50 ",$177.11 ,$341.80 ,$555.43 ,$462.95 ,$128.95 ,$487.27 ,$256.98 ,$212.01 ,$197.26 ,$112.93 
2/3/25,$243.02 ,$32.51 ,$250.32 ,$71.05 ,$83.97 ,$113.20 ,$99.36 ,$95.62 ,$40.57 ,$67.75 ,$32.51 ,$42.92 ,$27.58 ,$20.76 ,$97.63 ,$201.73 ,$20.10 ,$266.81 ,$46.21 ,$79.61 ,$78.14 ,$632.37 ,$137.16 ,$197.64 ,"$1,013.75 ",$173.54 ,$345.82 ,$563.95 ,$455.42 ,$129.92 ,$487.75 ,$256.59 ,$212.78 ,$196.56 ,$112.31 
2/4/25,$243.50 ,$32.87 ,$252.92 ,$69.90 ,$83.20 ,$112.43 ,$97.88 ,$94.91 ,$40.54 ,$67.32 ,$32.15 ,$43.72 ,$27.50 ,$20.77 ,$97.02 ,$199.81 ,$20.29 ,$267.94 ,$46.71 ,$78.48 ,$79.47 ,$634.18 ,$136.77 ,$198.98 ,"$1,015.66 ",$170.83 ,$345.15 ,$559.11 ,$453.68 ,$128.37 ,$482.39 ,$257.43 ,$210.71 ,$195.76 ,$111.35 
2/5/25,$244.48 ,$32.88 ,$252.51 ,$69.20 ,$83.87 ,$113.86 ,$99.39 ,$96.19 ,$41.04 ,$67.95 ,$32.27 ,$43.93 ,$27.64 ,$20.79 ,$97.91 ,$204.44 ,$20.01 ,$270.43 ,$47.11 ,$79.46 ,$80.05 ,$645.45 ,$138.93 ,$198.89 ,"$1,014.50 ",$174.85 ,$349.44 ,$566.29 ,$449.87 ,$129.16 ,$472.34 ,$258.58 ,$208.97 ,$195.58 ,$113.21 
2/6/25,$243.51 ,$32.74 ,$251.48 ,$69.27 ,$83.79 ,$114.52 ,$100.17 ,$95.42 ,$41.12 ,$67.12 ,$32.44 ,$44.20 ,$26.78 ,$20.37 ,$95.82 ,$198.98 ,$19.40 ,$276.90 ,$47.74 ,$82.33 ,$81.42 ,$658.22 ,$141.08 ,$202.43 ,"$1,006.62 ",$174.55 ,$347.48 ,$567.16 ,$448.52 ,$128.78 ,$466.55 ,$255.53 ,$206.66 ,$159.75 ,$112.80 
2/7/25,$242.08 ,$32.59 ,$249.10 ,$68.27 ,$84.58 ,$114.99 ,$100.35 ,$96.08 ,$41.31 ,$66.60 ,$32.40 ,$44.45 ,$27.04 ,$19.93 ,$95.81 ,$201.42 ,$19.75 ,$275.80 ,$47.40 ,$81.72 ,$80.67 ,$655.90 ,$139.98 ,$200.72 ,$992.04 ,$170.27 ,$348.02 ,$562.75 ,$444.39 ,$127.95 ,$468.58 ,$254.83 ,$206.13 ,$168.49 ,$114.43 
2/10/25,$244.33 ,$33.08 ,$253.43 ,$69.70 ,$85.51 ,$115.60 ,$100.83 ,$96.70 ,$41.80 ,$66.88 ,$32.38 ,$44.81 ,$27.07 ,$20.09 ,$98.69 ,$205.97 ,$19.72 ,$271.04 ,$46.67 ,$80.73 ,$79.10 ,$650.53 ,$137.31 ,$197.28 ,$985.55 ,$168.61 ,$351.23 ,$565.49 ,$448.22 ,$128.25 ,$474.37 ,$256.34 ,$208.43 ,$168.27 ,$114.07 
2/11/25,$247.73 ,$33.11 ,$256.45 ,$70.33 ,$86.45 ,$116.69 ,$101.88 ,$96.31 ,$42.36 ,$67.19 ,$32.41 ,$45.25 ,$26.79 ,$19.81 ,$98.93 ,$203.17 ,$19.37 ,$274.99 ,$46.79 ,$81.11 ,$79.64 ,$647.24 ,$137.79 ,$199.22 ,$988.20 ,$164.78 ,$350.72 ,$564.70 ,$449.36 ,$129.11 ,$473.84 ,$256.99 ,$206.75 ,$167.77 ,$111.89 
2/12/25,$248.51 ,$32.92 ,$253.91 ,$69.28 ,$86.81 ,$116.37 ,$102.35 ,$94.57 ,$42.89 ,$67.40 ,$32.58 ,$45.10 ,$26.28 ,$19.65 ,$97.62 ,$200.59 ,$19.54 ,$275.45 ,$46.21 ,$81.27 ,$79.25 ,$649.00 ,$137.11 ,$195.59 ,$973.71 ,$160.89 ,$351.49 ,$564.60 ,$441.97 ,$126.78 ,$470.86 ,$251.33 ,$200.61 ,$163.49 ,$109.39 
2/13/25,$250.97 ,$33.10 ,$257.22 ,$68.60 ,$86.78 ,$113.95 ,$100.99 ,$95.66 ,$42.97 ,$68.40 ,$33.43 ,$45.45 ,$26.56 ,$19.82 ,$98.97 ,$204.42 ,$19.80 ,$276.32 ,$46.33 ,$82.10 ,$78.85 ,$648.95 ,$136.84 ,$195.43 ,$980.30 ,$160.48 ,$355.63 ,$566.31 ,$434.72 ,$125.84 ,$455.06 ,$246.16 ,$200.00 ,$160.82 ,$109.12 
2/14/25,$249.22 ,$33.37 ,$255.99 ,$68.06 ,$85.58 ,$111.60 ,$101.83 ,$94.92 ,$42.85 ,$68.61 ,$33.41 ,$43.07 ,$26.55 ,$19.99 ,$97.85 ,$205.36 ,$20.36 ,$276.59 ,$46.96 ,$84.61 ,$79.98 ,$660.55 ,$138.95 ,$193.91 ,$973.92 ,$164.84 ,$353.81 ,$564.76 ,$423.19 ,$122.41 ,$438.90 ,$241.94 ,$197.61 ,$161.27 ,$106.83 
2/18/25,$251.17 ,$33.64 ,$258.42 ,$68.50 ,$85.89 ,$110.89 ,$102.20 ,$95.76 ,$42.70 ,$68.54 ,$33.81 ,$42.75 ,$26.75 ,$20.30 ,$98.64 ,$209.45 ,$20.47 ,$279.95 ,$46.53 ,$84.63 ,$80.78 ,$672.19 ,$140.71 ,$196.52 ,$977.86 ,$166.74 ,$356.73 ,$568.61 ,$428.54 ,$123.76 ,$441.36 ,$242.60 ,$195.70 ,$169.71 ,$106.74 
2/19/25,$247.06 ,$32.41 ,$249.05 ,$69.06 ,$86.48 ,$111.79 ,$103.09 ,$95.26 ,$42.65 ,$69.07 ,$34.09 ,$42.31 ,$26.89 ,$20.12 ,$99.20 ,$210.29 ,$20.62 ,$279.25 ,$46.01 ,$83.94 ,$80.35 ,$668.15 ,$140.69 ,$194.21 ,$986.34 ,$166.85 ,$355.23 ,$568.50 ,$432.95 ,$125.41 ,$433.45 ,$244.18 ,$194.65 ,$173.77 ,$107.69 
2/20/25,$247.65 ,$32.46 ,$249.41 ,$70.14 ,$87.82 ,$113.16 ,$104.35 ,$95.76 ,$43.17 ,$69.32 ,$33.73 ,$41.98 ,$26.59 ,$19.94 ,$98.63 ,$204.70 ,$20.48 ,$266.80 ,$45.30 ,$81.34 ,$78.63 ,$642.26 ,$134.34 ,$191.89 ,$989.38 ,$163.90 ,$350.49 ,$563.28 ,$436.29 ,$125.11 ,$438.11 ,$246.20 ,$197.23 ,$177.89 ,$104.82 
2/21/25,$245.55 ,$32.30 ,$247.76 ,$71.58 ,$88.40 ,$115.55 ,$105.33 ,$98.26 ,$43.39 ,$69.94 ,$34.29 ,$41.78 ,$26.41 ,$19.39 ,$98.10 ,$200.36 ,$20.29 ,$264.24 ,$44.81 ,$79.65 ,$77.50 ,$625.60 ,$131.69 ,$188.05 ,$974.22 ,$158.38 ,$348.53 ,$557.51 ,$440.72 ,$123.29 ,$447.96 ,$243.06 ,$199.02 ,$170.29 ,$101.38 
2/24/25,$242.33 ,$31.81 ,$244.10 ,$70.80 ,$88.89 ,$115.92 ,$106.29 ,$99.68 ,$43.35 ,$70.78 ,$34.20 ,$41.54 ,$26.47 ,$18.97 ,$98.12 ,$198.47 ,$20.11 ,$261.34 ,$44.46 ,$78.54 ,$77.22 ,$626.14 ,$129.97 ,$186.96 ,$952.80 ,$157.07 ,$349.86 ,$559.00 ,$440.27 ,$125.43 ,$449.94 ,$246.27 ,$199.85 ,$168.81 ,$99.90 
2/25/25,$245.89 ,$32.09 ,$245.10 ,$71.28 ,$89.85 ,$117.29 ,$107.64 ,$100.97 ,$44.04 ,$70.45 ,$34.22 ,$41.65 ,$26.10 ,$18.92 ,$95.77 ,$194.92 ,$20.11 ,$257.40 ,$43.94 ,$78.14 ,$76.00 ,$614.91 ,$129.60 ,$186.47 ,$958.01 ,$157.23 ,$352.09 ,$564.03 ,$448.46 ,$127.34 ,$461.01 ,$249.91 ,$203.97 ,$175.48 ,$104.07 
2/26/25,$245.48 ,$31.98 ,$242.06 ,$71.01 ,$88.75 ,$116.31 ,$106.89 ,$99.96 ,$44.06 ,$69.97 ,$34.04 ,$41.75 ,$26.17 ,$19.16 ,$95.76 ,$198.57 ,$19.96 ,$258.79 ,$43.94 ,$79.07 ,$76.45 ,$617.77 ,$131.05 ,$187.02 ,$953.77 ,$159.46 ,$350.63 ,$561.27 ,$441.50 ,$127.31 ,$454.87 ,$249.24 ,$202.33 ,$173.19 ,$106.64 
2/27/25,$245.07 ,$32.01 ,$242.18 ,$69.38 ,$88.29 ,$115.89 ,$105.16 ,$99.92 ,$43.79 ,$70.76 ,$33.74 ,$41.73 ,$26.21 ,$18.94 ,$96.64 ,$195.54 ,$20.34 ,$259.05 ,$44.12 ,$78.87 ,$76.62 ,$608.00 ,$129.24 ,$188.56 ,$944.89 ,$157.39 ,$355.74 ,$564.82 ,$446.46 ,$130.52 ,$459.97 ,$251.62 ,$204.90 ,$174.28 ,$102.13 
2/28/25,$246.69 ,$32.01 ,$245.75 ,$70.17 ,$89.79 ,$117.49 ,$106.05 ,$101.52 ,$44.20 ,$72.10 ,$34.38 ,$42.73 ,$27.10 ,$19.29 ,$100.39 ,$201.72 ,$19.95 ,$264.65 ,$46.10 ,$79.95 ,$78.32 ,$622.29 ,$133.11 ,$191.92 ,$977.78 ,$161.16 ,$362.71 ,$576.31 ,$450.37 ,$132.99 ,$461.74 ,$252.60 ,$206.11 ,$175.58 ,$103.97 
3/3/25,$245.81 ,$31.93 ,$245.14 ,$71.62 ,$90.85 ,$118.67 ,$107.70 ,$104.02 ,$44.55 ,$71.90 ,$34.57 ,$42.67 ,$27.14 ,$19.03 ,$96.76 ,$195.68 ,$19.30 ,$260.62 ,$45.56 ,$77.17 ,$77.03 ,$605.26 ,$129.13 ,$189.49 ,$966.47 ,$158.53 ,$361.82 ,$574.92 ,$451.94 ,$133.83 ,$473.41 ,$254.04 ,$207.70 ,$172.68 ,$101.50 
3/4/25,$241.52 ,$31.20 ,$238.51 ,$70.85 ,$89.89 ,$116.41 ,$105.24 ,$102.15 ,$43.68 ,$70.03 ,$33.69 ,$41.55 ,$26.99 ,$18.47 ,$93.79 ,$190.01 ,$18.95 ,$250.25 ,$42.67 ,$72.35 ,$73.30 ,$581.14 ,$121.72 ,$180.45 ,$951.79 ,$150.73 ,$352.23 ,$555.07 ,$448.82 ,$128.70 ,$463.83 ,$250.80 ,$207.08 ,$172.30 ,$101.25 
3/5/25,$243.61 ,$30.92 ,$238.64 ,$70.48 ,$88.65 ,$115.23 ,$103.39 ,$100.20 ,$43.36 ,$68.73 ,$33.82 ,$42.49 ,$26.73 ,$18.20 ,$91.87 ,$186.81 ,$19.00 ,$251.53 ,$42.29 ,$72.96 ,$74.16 ,$593.07 ,$123.75 ,$180.47 ,$968.14 ,$152.04 ,$352.68 ,$558.30 ,$460.42 ,$129.64 ,$474.20 ,$262.96 ,$210.53 ,$193.59 ,$103.94 
3/6/25,$245.27 ,$30.93 ,$238.20 ,$70.01 ,$88.72 ,$114.84 ,$102.59 ,$100.91 ,$42.88 ,$67.66 ,$33.40 ,$41.60 ,$26.31 ,$17.70 ,$89.74 ,$181.98 ,$19.35 ,$246.54 ,$41.46 ,$70.58 ,$72.65 ,$567.67 ,$119.37 ,$178.98 ,$959.64 ,$145.63 ,$344.16 ,$549.82 ,$461.50 ,$128.28 ,$475.20 ,$264.55 ,$213.79 ,$193.93 ,$100.24 
3/7/25,$249.31 ,$31.26 ,$242.22 ,$72.83 ,$91.40 ,$116.74 ,$104.62 ,$103.64 ,$43.11 ,$68.00 ,$34.26 ,$42.00 ,$26.14 ,$17.46 ,$89.57 ,$181.91 ,$19.43 ,$242.28 ,$41.40 ,$70.46 ,$71.05 ,$559.67 ,$119.29 ,$179.77 ,$946.92 ,$145.15 ,$345.32 ,$546.77 ,$473.65 ,$128.40 ,$486.52 ,$271.56 ,$220.10 ,$195.97 ,$99.56 
3/10/25,$248.29 ,$30.65 ,$239.10 ,$76.16 ,$92.96 ,$118.50 ,$107.32 ,$106.66 ,$43.76 ,$69.35 ,$34.43 ,$42.68 ,$26.14 ,$17.26 ,$91.42 ,$178.44 ,$19.32 ,$232.22 ,$39.83 ,$67.41 ,$66.78 ,$531.66 ,$111.69 ,$174.61 ,$915.26 ,$139.37 ,$341.48 ,$537.12 ,$479.17 ,$128.52 ,$495.45 ,$271.94 ,$217.85 ,$197.03 ,$96.59 
3/11/25,$237.78 ,$29.52 ,$232.98 ,$74.03 ,$90.10 ,$117.70 ,$104.43 ,$103.77 ,$43.40 ,$68.73 ,$34.53 ,$42.30 ,$26.41 ,$17.83 ,$92.62 ,$181.19 ,$19.56 ,$229.14 ,$39.61 ,$67.50 ,$67.28 ,$531.43 ,$112.04 ,$170.06 ,$910.37 ,$138.14 ,$332.14 ,$525.80 ,$468.88 ,$128.11 ,$494.11 ,$264.12 ,$212.33 ,$195.01 ,$96.90 
3/12/25,$237.49 ,$29.55 ,$230.96 ,$72.92 ,$88.68 ,$116.64 ,$102.96 ,$102.64 ,$42.61 ,$68.85 ,$34.55 ,$42.54 ,$26.52 ,$18.40 ,$92.97 ,$187.04 ,$19.26 ,$227.90 ,$39.91 ,$67.95 ,$68.93 ,$535.71 ,$114.00 ,$171.01 ,$910.06 ,$140.54 ,$332.84 ,$524.64 ,$461.50 ,$127.96 ,$475.10 ,$260.01 ,$208.95 ,$191.73 ,$98.07 
3/13/25,$234.29 ,$29.13 ,$227.69 ,$72.73 ,$89.63 ,$118.21 ,$104.24 ,$104.57 ,$43.47 ,$68.67 ,$34.61 ,$42.55 ,$26.54 ,$18.17 ,$93.50 ,$182.86 ,$19.71 ,$225.19 ,$39.67 ,$67.23 ,$68.46 ,$524.81 ,$111.68 ,$168.84 ,$900.46 ,$136.53 ,$328.55 ,$519.83 ,$467.93 ,$129.20 ,$490.59 ,$261.16 ,$211.18 ,$195.51 ,$97.07 
3/14/25,$237.53 ,$30.01 ,$232.30 ,$73.55 ,$90.38 ,$120.12 ,$105.56 ,$106.41 ,$44.19 ,$69.75 ,$35.48 ,$42.83 ,$27.10 ,$18.73 ,$96.43 ,$190.30 ,$19.96 ,$232.44 ,$40.89 ,$68.78 ,$70.85 ,$541.41 ,$115.34 ,$172.99 ,$928.70 ,$140.89 ,$331.80 ,$527.64 ,$466.17 ,$129.99 ,$484.93 ,$262.03 ,$211.06 ,$196.16 ,$98.27 
3/17/25,$237.86 ,$30.33 ,$234.39 ,$72.11 ,$90.54 ,$120.81 ,$105.86 ,$107.62 ,$44.39 ,$69.96 ,$35.59 ,$43.50 ,$27.79 ,$18.90 ,$98.44 ,$196.60 ,$19.94 ,$233.93 ,$41.44 ,$69.94 ,$70.84 ,$551.34 ,$117.96 ,$174.00 ,$958.00 ,$147.78 ,$334.55 ,$531.99 ,$467.61 ,$132.05 ,$490.50 ,$265.18 ,$212.98 ,$207.13 ,$100.00 
3/18/25,$237.09 ,$30.26 ,$234.55 ,$70.70 ,$90.23 ,$120.76 ,$105.99 ,$107.81 ,$44.42 ,$70.28 ,$35.66 ,$43.41 ,$27.52 ,$18.68 ,$98.01 ,$194.27 ,$20.19 ,$234.97 ,$41.65 ,$70.22 ,$71.11 ,$551.78 ,$118.11 ,$173.35 ,$958.62 ,$146.19 ,$334.77 ,$530.19 ,$469.28 ,$132.69 ,$489.81 ,$267.52 ,$212.43 ,$208.57 ,$98.96 
3/19/25,$236.39 ,$30.07 ,$234.66 ,$70.50 ,$89.60 ,$119.31 ,$105.84 ,$107.49 ,$44.44 ,$70.24 ,$35.86 ,$43.75 ,$27.85 ,$18.94 ,$100.05 ,$198.96 ,$20.24 ,$239.11 ,$42.21 ,$71.44 ,$72.76 ,$557.34 ,$119.85 ,$173.83 ,$957.23 ,$149.72 ,$339.87 ,$536.09 ,$470.55 ,$135.32 ,$491.52 ,$267.97 ,$213.04 ,$207.43 ,$102.54 
3/20/25,$234.79 ,$29.98 ,$233.54 ,$71.15 ,$89.97 ,$120.16 ,$106.21 ,$108.48 ,$44.59 ,$70.09 ,$35.96 ,$44.23 ,$28.06 ,$18.85 ,$100.65 ,$199.52 ,$19.97 ,$239.01 ,$42.48 ,$71.82 ,$72.52 ,$562.68 ,$120.47 ,$173.41 ,$954.17 ,$148.75 ,$339.50 ,$536.38 ,$466.74 ,$134.47 ,$489.23 ,$265.70 ,$209.89 ,$201.71 ,$100.39 
3/21/25,$233.88 ,$29.57 ,$231.75 ,$70.88 ,$89.36 ,$119.10 ,$105.11 ,$107.80 ,$43.80 ,$69.11 ,$35.77 ,$43.87 ,$27.93 ,$18.60 ,$99.34 ,$197.40 ,$20.17 ,$241.63 ,$42.47 ,$71.98 ,$72.52 ,$565.14 ,$120.14 ,$173.61 ,$951.73 ,$148.29 ,$335.66 ,$535.69 ,$439.70 ,$132.37 ,$490.72 ,$263.41 ,$207.98 ,$201.47 ,$99.38 
3/24/25,$235.20 ,$29.85 ,$235.55 ,$70.07 ,$88.88 ,$118.15 ,$104.18 ,$106.83 ,$43.58 ,$68.86 ,$35.72 ,$44.26 ,$28.71 ,$18.88 ,$102.30 ,$204.96 ,$20.18 ,$248.06 ,$43.07 ,$74.04 ,$74.28 ,$580.10 ,$124.27 ,$176.54 ,$963.50 ,$152.08 ,$343.87 ,$543.67 ,$434.98 ,$134.69 ,$495.08 ,$265.88 ,$210.71 ,$205.89 ,$104.08 
3/25/25,$235.79 ,$29.53 ,$234.00 ,$68.59 ,$87.73 ,$116.08 ,$102.50 ,$105.55 ,$42.76 ,$67.93 ,$35.23 ,$44.42 ,$28.83 ,$18.88 ,$102.38 ,$205.57 ,$20.38 ,$251.13 ,$43.28 ,$74.47 ,$74.24 ,$585.94 ,$125.20 ,$176.88 ,$973.48 ,$151.21 ,$344.62 ,$545.16 ,$442.07 ,$135.66 ,$506.62 ,$267.54 ,$212.56 ,$206.25 ,$104.74 
3/26/25,$238.03 ,$29.90 ,$235.76 ,$69.73 ,$89.06 ,$117.11 ,$103.90 ,$107.46 ,$44.02 ,$68.92 ,$35.54 ,$44.52 ,$28.48 ,$18.93 ,$101.26 ,$202.04 ,$20.09 ,$251.03 ,$42.82 ,$73.24 ,$73.47 ,$573.92 ,$122.20 ,$176.92 ,$968.24 ,$146.66 ,$344.18 ,$549.07 ,$445.17 ,$134.33 ,$507.14 ,$269.58 ,$211.93 ,$203.27 ,$102.34 
3/27/25,$235.97 ,$29.92 ,$235.21 ,$70.03 ,$90.03 ,$117.65 ,$105.15 ,$107.89 ,$44.25 ,$69.32 ,$35.67 ,$44.36 ,$28.23 ,$18.88 ,$98.68 ,$199.01 ,$20.21 ,$248.12 ,$42.56 ,$71.85 ,$72.28 ,$558.92 ,$119.00 ,$174.97 ,$967.94 ,$144.50 ,$349.86 ,$557.57 ,$442.28 ,$133.43 ,$513.82 ,$269.49 ,$212.70 ,$203.15 ,$101.44 
3/28/25,$232.15 ,$29.11 ,$230.55 ,$70.45 ,$91.13 ,$119.41 ,$106.96 ,$108.77 ,$44.71 ,$69.72 ,$36.25 ,$44.46 ,$28.37 ,$18.71 ,$98.48 ,$197.82 ,$20.00 ,$242.85 ,$41.25 ,$70.33 ,$70.69 ,$543.12 ,$115.33 ,$171.88 ,$946.70 ,$138.11 ,$342.85 ,$540.61 ,$441.49 ,$131.72 ,$512.19 ,$269.08 ,$207.75 ,$205.32 ,$99.21 
3/31/25,$236.24 ,$29.43 ,$236.85 ,$70.89 ,$91.95 ,$121.97 ,$109.27 ,$110.59 ,$46.08 ,$70.79 ,$36.23 ,$44.31 ,$28.53 ,$18.59 ,$99.22 ,$200.47 ,$20.13 ,$245.30 ,$41.73 ,$70.99 ,$71.79 ,$546.29 ,$116.67 ,$175.77 ,$946.48 ,$139.78 ,$350.46 ,$548.12 ,$446.71 ,$132.46 ,$512.01 ,$272.58 ,$209.31 ,$204.04 ,$98.65 
4/1/25,$237.17 ,$29.54 ,$236.61 ,$70.92 ,$91.82 ,$121.07 ,$108.37 ,$110.06 ,$45.92 ,$70.72 ,$36.80 ,$44.57 ,$28.63 ,$18.73 ,$99.50 ,$203.07 ,$20.28 ,$243.66 ,$41.49 ,$70.54 ,$71.31 ,$548.45 ,$115.74 ,$174.64 ,$944.08 ,$142.80 ,$346.35 ,$548.51 ,$448.64 ,$132.85 ,$513.10 ,$274.14 ,$209.75 ,$202.20 ,$100.49 
4/2/25,$238.46 ,$29.74 ,$238.57 ,$70.48 ,$91.30 ,$120.39 ,$107.75 ,$109.58 ,$45.97 ,$70.90 ,$36.93 ,$45.14 ,$28.92 ,$18.93 ,$100.37 ,$205.72 ,$19.24 ,$245.82 ,$41.85 ,$71.76 ,$72.26 ,$563.10 ,$119.27 ,$177.01 ,$961.84 ,$147.66 ,$346.33 ,$547.38 ,$452.87 ,$133.15 ,$512.18 ,$276.04 ,$211.90 ,$204.93 ,$101.90 
4/3/25,$223.97 ,$27.99 ,$220.74 ,$72.14 ,$92.56 ,$124.05 ,$109.11 ,$112.72 ,$47.23 ,$72.14 ,$37.36 ,$45.34 ,$27.72 ,$17.73 ,$92.70 ,$180.72 ,$17.34 ,$228.69 ,$37.22 ,$63.05 ,$65.67 ,$511.23 ,$107.93 ,$161.29 ,$887.65 ,$133.10 ,$339.39 ,$530.55 ,$454.78 ,$130.23 ,$515.17 ,$269.62 ,$209.94 ,$199.22 ,$95.42 
4/4/25,$213.26 ,$27.21 ,$210.93 ,$66.91 ,$88.94 ,$118.93 ,$104.48 ,$109.32 ,$45.35 ,$67.89 ,$36.08 ,$43.35 ,$25.29 ,$16.16 ,$80.86 ,$161.19 ,$16.47 ,$210.28 ,$34.39 ,$58.13 ,$60.98 ,$470.81 ,$99.83 ,$153.10 ,$822.62 ,$125.04 ,$313.13 ,$489.77 ,$432.15 ,$117.45 ,$485.52 ,$250.01 ,$202.06 ,$184.95 ,$89.24 
4/7/25,$209.97 ,$27.09 ,$208.05 ,$65.06 ,$87.22 ,$116.86 ,$101.57 ,$105.40 ,$44.69 ,$67.06 ,$35.50 ,$41.95 ,$25.37 ,$15.87 ,$80.91 ,$165.28 ,$16.03 ,$214.44 ,$35.58 ,$58.85 ,$62.17 ,$465.51 ,$100.92 ,$152.81 ,$817.50 ,$124.65 ,$312.32 ,$485.52 ,$430.82 ,$117.32 ,$481.57 ,$247.68 ,$200.21 ,$183.31 ,$90.02 
4/8/25,$208.27 ,$26.69 ,$206.34 ,$64.11 ,$86.86 ,$115.95 ,$101.28 ,$106.05 ,$44.49 ,$67.04 ,$35.55 ,$41.09 ,$25.21 ,$15.65 ,$78.71 ,$160.57 ,$17.16 ,$216.87 ,$35.03 ,$58.77 ,$62.08 ,$462.22 ,$100.31 ,$149.76 ,$815.72 ,$120.07 ,$308.27 ,$479.92 ,$443.36 ,$120.46 ,$491.97 ,$254.40 ,$200.75 ,$187.54 ,$93.17 
4/9/25,$223.53 ,$28.66 ,$222.02 ,$67.58 ,$87.80 ,$116.31 ,$102.35 ,$105.77 ,$44.30 ,$68.58 ,$36.26 ,$41.77 ,$26.25 ,$16.67 ,$84.86 ,$173.65 ,$16.60 ,$234.34 ,$37.15 ,$64.15 ,$66.33 ,$516.87 ,$111.70 ,$160.23 ,$897.08 ,$137.36 ,$332.43 ,$515.43 ,$462.24 ,$128.43 ,$512.30 ,$271.52 ,$214.35 ,$200.08 ,$104.08 
4/10/25,$219.32 ,$27.82 ,$215.46 ,$66.72 ,$88.89 ,$116.84 ,$103.20 ,$108.30 ,$45.12 ,$68.41 ,$36.19 ,$41.82 ,$25.79 ,$15.91 ,$81.24 ,$162.43 ,$16.78 ,$227.11 ,$35.85 ,$61.59 ,$63.11 ,$489.80 ,$106.58 ,$152.16 ,$858.78 ,$127.45 ,$324.61 ,$499.34 ,$463.70 ,$127.07 ,$516.09 ,$271.82 ,$213.51 ,$200.89 ,$101.02 
4/11/25,$218.59 ,$28.01 ,$218.31 ,$65.81 ,$89.86 ,$118.94 ,$104.63 ,$109.84 ,$46.00 ,$69.56 ,$36.58 ,$43.24 ,$26.47 ,$16.33 ,$82.56 ,$163.56 ,$17.17 ,$236.20 ,$35.95 ,$61.64 ,$62.51 ,$494.44 ,$108.12 ,$151.99 ,$878.78 ,$127.18 ,$333.40 ,$509.75 ,$474.90 ,$128.26 ,$533.99 ,$276.65 ,$222.03 ,$215.74 ,$103.25 
4/14/25,$222.27 ,$28.27 ,$221.40 ,$67.69 ,$91.16 ,$120.60 ,$106.58 ,$112.25 ,$46.86 ,$70.73 ,$37.23 ,$44.02 ,$26.80 ,$16.82 ,$83.38 ,$164.73 ,$17.46 ,$234.72 ,$36.67 ,$63.22 ,$63.10 ,$503.98 ,$109.11 ,$155.32 ,$889.95 ,$130.47 ,$335.18 ,$512.46 ,$475.34 ,$129.14 ,$535.82 ,$278.78 ,$222.69 ,$219.95 ,$103.87 
4/15/25,$220.08 ,$27.90 ,$217.72 ,$67.66 ,$91.02 ,$120.49 ,$106.68 ,$111.81 ,$46.74 ,$70.27 ,$37.16 ,$44.28 ,$27.22 ,$17.11 ,$84.16 ,$168.04 ,$17.50 ,$233.13 ,$37.99 ,$64.33 ,$64.54 ,$507.89 ,$110.44 ,$155.39 ,$888.44 ,$133.54 ,$335.81 ,$517.38 ,$469.58 ,$128.64 ,$529.36 ,$277.14 ,$220.95 ,$217.98 ,$104.08 
4/16/25,$216.60 ,$27.35 ,$214.03 ,$65.64 ,$90.47 ,$120.35 ,$105.92 ,$111.44 ,$46.51 ,$69.10 ,$36.78 ,$44.57 ,$26.95 ,$16.92 ,$84.80 ,$172.68 ,$17.74 ,$229.61 ,$37.33 ,$62.10 ,$63.98 ,$499.05 ,$107.86 ,$151.54 ,$865.78 ,$129.38 ,$331.33 ,$513.43 ,$477.08 ,$129.25 ,$537.51 ,$276.63 ,$218.88 ,$215.60 ,$103.86 
4/17/25,$220.26 ,$27.68 ,$219.84 ,$66.31 ,$91.81 ,$121.80 ,$107.71 ,$112.10 ,$47.26 ,$70.13 ,$37.16 ,$45.37 ,$27.10 ,$17.27 ,$86.23 ,$174.57 ,$17.33 ,$231.96 ,$37.41 ,$63.25 ,$64.71 ,$509.49 ,$109.18 ,$152.33 ,$875.78 ,$130.39 ,$329.61 ,$517.33 ,$464.08 ,$128.89 ,$540.39 ,$276.08 ,$218.22 ,$219.48 ,$103.71 
4/21/25,$216.05 ,$27.46 ,$218.94 ,$64.68 ,$90.23 ,$120.17 ,$105.53 ,$110.96 ,$46.23 ,$68.97 ,$36.49 ,$44.99 ,$25.79 ,$16.56 ,$81.82 ,$164.54 ,$17.75 ,$228.99 ,$36.92 ,$62.69 ,$64.01 ,$501.36 ,$106.30 ,$150.13 ,$854.00 ,$120.22 ,$320.10 ,$509.32 ,$458.33 ,$126.12 ,$531.33 ,$273.18 ,$214.12 ,$217.86 ,$100.46 
4/22/25,$216.90 ,$27.78 ,$220.00 ,$66.64 ,$91.86 ,$122.53 ,$108.15 ,$113.30 ,$47.37 ,$71.39 ,$37.26 ,$45.64 ,$26.60 ,$16.98 ,$84.05 ,$170.90 ,$17.66 ,$235.59 ,$38.32 ,$64.55 ,$66.23 ,$519.99 ,$110.38 ,$154.45 ,$887.22 ,$124.91 ,$331.40 ,$527.33 ,$462.08 ,$113.75 ,$464.08 ,$274.80 ,$215.08 ,$217.22 ,$102.31 
4/23/25,$219.78 ,$27.59 ,$221.95 ,$67.27 ,$91.13 ,$121.42 ,$107.02 ,$112.52 ,$46.80 ,$71.55 ,$37.34 ,$45.61 ,$26.60 ,$17.10 ,$84.66 ,$172.35 ,$18.20 ,$240.88 ,$38.75 ,$66.30 ,$67.94 ,$529.31 ,$112.31 ,$157.41 ,$892.54 ,$127.00 ,$334.37 ,$530.01 ,$463.55 ,$120.28 ,$472.65 ,$265.73 ,$216.31 ,$217.93 ,$104.64 
4/24/25,$215.45 ,$28.14 ,$226.68 ,$66.35 ,$91.05 ,$120.70 ,$106.70 ,$111.29 ,$46.33 ,$70.29 ,$37.90 ,$46.36 ,$26.87 ,$17.59 ,$86.28 ,$177.00 ,$18.28 ,$244.64 ,$39.58 ,$68.16 ,$69.56 ,$545.37 ,$115.60 ,$159.75 ,$916.26 ,$134.55 ,$335.71 ,$535.46 ,$466.81 ,$121.97 ,$463.07 ,$271.71 ,$216.27 ,$221.90 ,$107.93 
4/25/25,$213.29 ,$27.84 ,$221.71 ,$66.09 ,$90.43 ,$119.85 ,$106.74 ,$110.45 ,$46.22 ,$69.00 ,$38.19 ,$46.19 ,$26.85 ,$17.45 ,$86.31 ,$177.62 ,$18.31 ,$243.55 ,$39.69 ,$68.43 ,$69.73 ,$544.86 ,$116.01 ,$158.46 ,$907.69 ,$132.86 ,$335.17 ,$533.48 ,$477.64 ,$125.22 ,$473.20 ,$271.97 ,$216.08 ,$226.05 ,$108.97 
4/28/25,$212.61 ,$27.87 ,$221.73 ,$66.19 ,$90.75 ,$120.67 ,$107.06 ,$111.13 ,$46.48 ,$69.58 ,$38.24 ,$46.64 ,$27.07 ,$17.28 ,$87.87 ,$179.25 ,$18.09 ,$243.22 ,$39.78 ,$68.28 ,$69.43 ,$546.40 ,$115.83 ,$159.65 ,$913.74 ,$133.58 ,$337.51 ,$534.49 ,$476.29 ,$124.80 ,$483.31 ,$271.94 ,$218.76 ,$228.35 ,$108.51 
4/29/25,$214.54 ,$28.05 ,$223.36 ,$67.25 ,$91.45 ,$121.70 ,$108.50 ,$112.13 ,$46.85 ,$70.67 ,$38.24 ,$46.64 ,$27.21 ,$17.04 ,$87.86 ,$178.11 ,$17.46 ,$244.62 ,$39.99 ,$68.88 ,$71.10 ,$548.92 ,$116.21 ,$160.60 ,$920.52 ,$133.54 ,$341.52 ,$539.68 ,$475.88 ,$125.73 ,$482.10 ,$272.08 ,$221.23 ,$230.37 ,$109.24 
4/30/25,$215.66 ,$28.07 ,$224.05 ,$66.88 ,$91.89 ,$122.02 ,$108.34 ,$112.75 ,$46.90 ,$70.70 ,$38.78 ,$46.69 ,$26.30 ,$16.54 ,$82.16 ,$170.90 ,$16.71 ,$244.62 ,$39.88 ,$68.38 ,$71.01 ,$547.55 ,$115.42 ,$160.69 ,$914.26 ,$131.71 ,$345.50 ,$548.06 ,$477.75 ,$126.13 ,$486.50 ,$272.12 ,$220.02 ,$230.34 ,$109.12 
5/1/25,$214.08 ,$28.11 ,$221.77 ,$66.05 ,$91.46 ,$121.33 ,$107.54 ,$112.56 ,$46.60 ,$70.40 ,$38.60 ,$46.48 ,$26.30 ,$16.53 ,$80.93 ,$162.34 ,$16.63 ,$246.89 ,$40.17 ,$68.14 ,$71.81 ,$553.83 ,$116.76 ,$160.99 ,$916.14 ,$133.39 ,$342.45 ,$546.63 ,$477.72 ,$127.41 ,$486.67 ,$271.51 ,$219.91 ,$227.48 ,$111.12 
5/2/25,$218.29 ,$28.70 ,$224.36 ,$67.09 ,$91.05 ,$121.58 ,$107.69 ,$110.03 ,$46.48 ,$70.77 ,$38.99 ,$46.86 ,$26.83 ,$16.67 ,$82.78 ,$161.87 ,$16.17 ,$252.51 ,$41.07 ,$70.59 ,$73.80 ,$566.10 ,$120.22 ,$165.54 ,$929.20 ,$137.42 ,$347.60 ,$559.39 ,$472.80 ,$130.21 ,$491.42 ,$273.03 ,$219.75 ,$230.02 ,$112.61 
5/5/25,$216.53 ,$28.47 ,$222.28 ,$66.10 ,$91.05 ,$120.75 ,$107.44 ,$109.52 ,$46.00 ,$70.89 ,$38.88 ,$46.59 ,$26.87 ,$16.19 ,$80.15 ,$158.25 ,$16.23 ,$252.56 ,$41.12 ,$70.24 ,$73.85 ,$559.56 ,$119.60 ,$165.70 ,$920.53 ,$136.11 ,$348.64 ,$561.12 ,$471.56 ,$128.59 ,$493.33 ,$272.14 ,$218.62 ,$233.18 ,$112.01 
5/6/25,$213.20 ,$28.09 ,$218.63 ,$66.54 ,$91.22 ,$122.94 ,$107.44 ,$110.47 ,$46.29 ,$71.06 ,$38.92 ,$46.16 ,$27.21 ,$15.81 ,$79.29 ,$157.32 ,$16.71 ,$249.25 ,$40.84 ,$69.47 ,$73.48 ,$549.36 ,$118.33 ,$163.53 ,$914.97 ,$134.00 ,$347.70 ,$558.99 ,$468.21 ,$128.16 ,$487.48 ,$270.61 ,$216.19 ,$232.90 ,$108.13 
5/7/25,$213.85 ,$28.37 ,$219.98 ,$67.36 ,$92.11 ,$122.60 ,$107.48 ,$111.04 ,$46.34 ,$71.36 ,$39.05 ,$46.69 ,$27.62 ,$16.89 ,$80.25 ,$158.89 ,$16.94 ,$249.39 ,$40.93 ,$70.25 ,$73.18 ,$551.92 ,$119.10 ,$163.98 ,$920.36 ,$136.14 ,$349.85 ,$566.33 ,$471.32 ,$127.50 ,$486.04 ,$269.45 ,$218.00 ,$230.21 ,$107.76 
5/8/25,$216.84 ,$28.96 ,$224.07 ,$68.32 ,$90.31 ,$120.00 ,$105.19 ,$107.75 ,$45.10 ,$70.17 ,$37.95 ,$45.78 ,$27.04 ,$17.37 ,$82.25 ,$160.05 ,$16.44 ,$253.47 ,$41.60 ,$71.64 ,$73.31 ,$565.70 ,$121.88 ,$166.73 ,$928.64 ,$139.81 ,$351.27 ,$567.12 ,$474.53 ,$128.67 ,$484.37 ,$271.98 ,$218.39 ,$232.95 ,$107.95 
5/9/25,$216.32 ,$28.74 ,$223.50 ,$70.31 ,$90.35 ,$120.33 ,$104.68 ,$107.68 ,$45.21 ,$70.61 ,$37.54 ,$46.10 ,$27.31 ,$17.21 ,$82.30 ,$159.56 ,$17.13 ,$253.08 ,$41.79 ,$71.45 ,$72.45 ,$567.10 ,$121.70 ,$166.44 ,$923.44 ,$139.39 ,$352.54 ,$568.64 ,$473.52 ,$128.67 ,$482.62 ,$271.56 ,$219.39 ,$231.63 ,$108.37 
5/12/25,$230.87 ,$30.31 ,$239.11 ,$69.69 ,$87.78 ,$115.85 ,$100.99 ,$103.54 ,$43.61 ,$67.78 ,$36.85 ,$44.55 ,$27.31 ,$17.44 ,$85.04 ,$166.19 ,$17.58 ,$260.05 ,$43.36 ,$74.91 ,$74.88 ,$591.34 ,$127.06 ,$175.00 ,$958.03 ,$149.00 ,$355.85 ,$578.27 ,$473.16 ,$130.56 ,$479.16 ,$276.24 ,$218.96 ,$229.74 ,$107.09 
5/13/25,$228.25 ,$30.54 ,$240.26 ,$72.11 ,$85.57 ,$113.07 ,$99.56 ,$100.58 ,$42.97 ,$68.31 ,$36.66 ,$44.57 ,$27.50 ,$18.00 ,$86.51 ,$169.50 ,$17.41 ,$263.01 ,$44.28 ,$75.57 ,$75.99 ,$603.81 ,$129.35 ,$177.53 ,$959.18 ,$148.60 ,$356.14 ,$576.59 ,$459.83 ,$130.72 ,$470.67 ,$273.02 ,$218.37 ,$225.73 ,$107.19 
5/14/25,$228.34 ,$31.03 ,$241.18 ,$72.19 ,$84.91 ,$112.46 ,$98.59 ,$99.27 ,$42.25 ,$68.80 ,$36.57 ,$44.87 ,$27.46 ,$18.16 ,$86.61 ,$168.58 ,$17.28 ,$265.64 ,$44.74 ,$75.29 ,$76.28 ,$611.60 ,$131.04 ,$177.85 ,$967.06 ,$148.42 ,$356.46 ,$573.28 ,$449.18 ,$130.79 ,$456.30 ,$270.69 ,$219.65 ,$223.11 ,$107.14 
5/15/25,$230.85 ,$31.30 ,$243.91 ,$74.55 ,$87.38 ,$115.94 ,$101.61 ,$102.01 ,$43.43 ,$71.26 ,$37.23 ,$44.92 ,$28.00 ,$17.97 ,$86.03 ,$166.45 ,$17.25 ,$267.49 ,$44.38 ,$75.96 ,$75.59 ,$615.90 ,$132.51 ,$179.46 ,$983.08 ,$146.75 ,$362.30 ,$582.20 ,$465.14 ,$135.52 ,$469.05 ,$278.51 ,$226.86 ,$228.16 ,$108.83 
5/16/25,$231.42 ,$31.32 ,$246.10 ,$75.00 ,$88.71 ,$116.26 ,$103.04 ,$104.29 ,$44.09 ,$72.38 ,$37.52 ,$44.85 ,$28.09 ,$17.95 ,$85.67 ,$165.69 ,$17.06 ,$267.56 ,$44.69 ,$75.72 ,$76.18 ,$619.03 ,$132.18 ,$179.42 ,$989.71 ,$146.70 ,$365.12 ,$583.28 ,$468.32 ,$135.48 ,$473.17 ,$280.71 ,$230.20 ,$230.05 ,$109.69 
5/19/25,$229.50 ,$31.21 ,$243.77 ,$73.86 ,$89.48 ,$116.99 ,$103.78 ,$105.38 ,$44.39 ,$72.21 ,$37.66 ,$44.94 ,$28.00 ,$18.00 ,$84.73 ,$164.63 ,$17.00 ,$264.88 ,$44.77 ,$76.13 ,$76.06 ,$612.30 ,$130.84 ,$178.64 ,$993.66 ,$145.45 ,$367.90 ,$586.41 ,$473.06 ,$137.20 ,$471.12 ,$281.37 ,$230.97 ,$229.35 ,$109.99 
5/20/25,$228.33 ,$31.23 ,$244.08 ,$74.41 ,$90.83 ,$117.31 ,$103.73 ,$105.71 ,$44.26 ,$72.32 ,$37.46 ,$45.61 ,$27.98 ,$18.14 ,$83.71 ,$161.93 ,$16.65 ,$265.68 ,$44.69 ,$75.90 ,$75.52 ,$606.52 ,$129.13 ,$177.48 ,$997.71 ,$144.20 ,$366.84 ,$581.11 ,$475.82 ,$137.18 ,$476.60 ,$281.57 ,$230.82 ,$228.02 ,$110.21 
5/21/25,$223.62 ,$30.49 ,$239.42 ,$71.54 ,$89.66 ,$116.44 ,$102.93 ,$105.22 ,$44.19 ,$69.92 ,$37.22 ,$45.57 ,$27.47 ,$17.76 ,$81.83 ,$160.37 ,$16.62 ,$261.04 ,$43.25 ,$73.42 ,$73.19 ,$593.46 ,$125.30 ,$172.27 ,$972.83 ,$137.49 ,$358.30 ,$569.54 ,$470.28 ,$134.95 ,$473.90 ,$277.70 ,$232.59 ,$223.38 ,$107.39 
5/22/25,$222.87 ,$30.64 ,$239.64 ,$66.94 ,$88.84 ,$115.57 ,$101.80 ,$103.42 ,$43.42 ,$69.21 ,$37.14 ,$45.17 ,$27.34 ,$17.88 ,$81.37 ,$159.09 ,$16.74 ,$260.67 ,$43.31 ,$73.42 ,$73.39 ,$598.23 ,$126.26 ,$172.99 ,$969.90 ,$136.93 ,$357.97 ,$570.14 ,$470.45 ,$134.07 ,$472.88 ,$277.03 ,$239.19 ,$224.49 ,$107.62 
5/23/25,$222.11 ,$30.82 ,$240.02 ,$67.76 ,$89.64 ,$116.49 ,$102.88 ,$104.10 ,$43.67 ,$69.73 ,$37.57 ,$46.06 ,$27.86 ,$17.85 ,$81.14 ,$160.46 ,$16.88 ,$260.71 ,$43.20 ,$73.09 ,$72.83 ,$598.54 ,$126.07 ,$171.82 ,$963.18 ,$136.12 ,$353.54 ,$563.58 ,$468.88 ,$132.35 ,$471.46 ,$274.75 ,$237.49 ,$224.74 ,$119.49 
5/27/25,$224.35 ,$31.43 ,$244.79 ,$68.04 ,$89.92 ,$116.38 ,$102.91 ,$103.97 ,$43.91 ,$69.81 ,$37.73 ,$46.04 ,$28.19 ,$17.95 ,$81.74 ,$161.46 ,$16.70 ,$265.29 ,$44.22 ,$75.47 ,$73.99 ,$615.73 ,$129.21 ,$176.24 ,$981.32 ,$139.30 ,$359.30 ,$574.55 ,$476.85 ,$134.19 ,$475.47 ,$279.23 ,$247.90 ,$227.84 ,$122.36 
5/28/25,$222.18 ,$31.34 ,$242.54 ,$67.21 ,$88.22 ,$114.45 ,$101.68 ,$102.11 ,$43.28 ,$68.93 ,$37.18 ,$45.57 ,$27.95 ,$17.76 ,$80.59 ,$159.34 ,$16.60 ,$263.49 ,$44.06 ,$75.03 ,$73.73 ,$608.44 ,$127.51 ,$173.97 ,$971.28 ,$138.41 ,$359.73 ,$575.92 ,$469.98 ,$132.85 ,$475.32 ,$273.64 ,$244.37 ,$225.60 ,$126.59 
5/29/25,$222.51 ,$31.42 ,$246.30 ,$68.99 ,$88.75 ,$115.45 ,$102.53 ,$103.38 ,$43.70 ,$69.47 ,$37.11 ,$45.85 ,$27.92 ,$17.68 ,$80.68 ,$158.49 ,$16.54 ,$264.37 ,$44.24 ,$75.53 ,$74.51 ,$604.86 ,$128.16 ,$175.10 ,$976.32 ,$138.88 ,$362.40 ,$577.78 ,$473.69 ,$134.80 ,$479.39 ,$275.20 ,$243.42 ,$223.68 ,$125.25 
5/30/25,$221.66 ,$31.59 ,$247.12 ,$70.64 ,$90.00 ,$117.72 ,$103.49 ,$104.49 ,$43.82 ,$70.10 ,$37.24 ,$46.48 ,$28.04 ,$17.48 ,$80.84 ,$157.93 ,$16.81 ,$264.00 ,$44.13 ,$75.32 ,$74.78 ,$600.45 ,$128.03 ,$173.81 ,$979.89 ,$138.76 ,$365.19 ,$585.60 ,$482.38 ,$136.48 ,$484.77 ,$278.49 ,$244.34 ,$223.06 ,$125.60 
6/2/25,$218.89 ,$31.24 ,$245.26 ,$70.15 ,$89.94 ,$117.23 ,$103.18 ,$103.86 ,$43.79 ,$69.73 ,$37.45 ,$47.16 ,$28.65 ,$17.48 ,$82.51 ,$162.35 ,$17.15 ,$264.66 ,$44.08 ,$75.80 ,$74.72 ,$598.72 ,$128.40 ,$173.94 ,$978.07 ,$138.81 ,$365.32 ,$581.22 ,$478.82 ,$137.46 ,$483.38 ,$275.71 ,$243.16 ,$222.80 ,$126.10 
6/3/25,$221.78 ,$31.86 ,$247.98 ,$70.95 ,$89.59 ,$116.73 ,$102.83 ,$103.24 ,$43.46 ,$69.33 ,$37.44 ,$47.07 ,$28.56 ,$17.90 ,$83.24 ,$164.93 ,$16.82 ,$266.27 ,$44.65 ,$76.53 ,$75.65 ,$603.83 ,$128.68 ,$176.31 ,$982.13 ,$139.01 ,$365.86 ,$581.97 ,$480.17 ,$137.50 ,$488.22 ,$276.04 ,$243.19 ,$227.96 ,$128.35 
6/4/25,$220.87 ,$31.93 ,$247.40 ,$69.88 ,$88.29 ,$115.98 ,$101.85 ,$102.21 ,$42.75 ,$68.50 ,$37.00 ,$46.66 ,$28.03 ,$17.53 ,$80.52 ,$160.68 ,$17.08 ,$264.22 ,$44.36 ,$76.40 ,$75.38 ,$599.21 ,$128.16 ,$174.86 ,$988.97 ,$138.76 ,$368.00 ,$584.13 ,$482.21 ,$138.55 ,$491.29 ,$275.03 ,$242.31 ,$224.79 ,$128.87 
6/5/25,$220.65 ,$31.74 ,$246.92 ,$71.50 ,$88.38 ,$115.74 ,$101.77 ,$102.27 ,$42.86 ,$68.57 ,$36.83 ,$46.87 ,$28.24 ,$17.67 ,$81.19 ,$164.13 ,$17.44 ,$261.95 ,$44.38 ,$76.67 ,$74.90 ,$605.88 ,$130.62 ,$174.70 ,$985.46 ,$137.76 ,$366.77 ,$585.44 ,$478.03 ,$139.07 ,$488.12 ,$274.42 ,$242.06 ,$224.78 ,$128.94 
6/6/25,$223.43 ,$32.23 ,$250.77 ,$72.16 ,$88.26 ,$115.23 ,$101.79 ,$101.61 ,$42.62 ,$68.51 ,$36.61 ,$46.52 ,$28.14 ,$17.93 ,$81.72 ,$167.10 ,$17.40 ,$265.73 ,$44.97 ,$78.26 ,$76.33 ,$614.00 ,$131.82 ,$178.63 ,$989.05 ,$140.45 ,$370.22 ,$590.12 ,$481.69 ,$139.10 ,$489.41 ,$276.48 ,$244.27 ,$226.49 ,$129.72 
6/9/25,$224.14 ,$31.98 ,$250.57 ,$71.90 ,$88.50 ,$115.47 ,$101.41 ,$101.11 ,$42.20 ,$68.38 ,$36.54 ,$45.82 ,$27.53 ,$17.71 ,$81.12 ,$162.80 ,$17.67 ,$266.74 ,$44.87 ,$78.17 ,$76.46 ,$613.52 ,$131.95 ,$178.74 ,$988.84 ,$139.98 ,$366.66 ,$584.33 ,$480.83 ,$140.98 ,$491.36 ,$277.31 ,$245.41 ,$228.07 ,$132.62 
6/10/25,$226.60 ,$32.61 ,$252.92 ,$72.81 ,$89.30 ,$116.33 ,$101.87 ,$102.40 ,$42.92 ,$68.96 ,$36.25 ,$45.85 ,$27.38 ,$17.99 ,$81.72 ,$165.13 ,$17.87 ,$268.60 ,$45.09 ,$78.03 ,$75.45 ,$614.87 ,$131.82 ,$179.41 ,$991.90 ,$142.96 ,$370.70 ,$589.54 ,$476.90 ,$138.52 ,$488.80 ,$277.37 ,$244.79 ,$223.30 ,$131.71 
6/11/25,$225.72 ,$32.32 ,$251.33 ,$73.00 ,$89.55 ,$116.35 ,$101.94 ,$102.55 ,$42.88 ,$68.25 ,$36.03 ,$45.87 ,$27.52 ,$18.25 ,$82.90 ,$169.78 ,$17.88 ,$268.15 ,$44.73 ,$78.38 ,$74.93 ,$624.17 ,$131.81 ,$177.74 ,$993.30 ,$141.39 ,$373.31 ,$590.74 ,$456.60 ,$141.81 ,$488.46 ,$275.83 ,$246.67 ,$226.15 ,$135.80 
6/12/25,$225.49 ,$32.39 ,$251.47 ,$73.84 ,$90.36 ,$117.28 ,$103.02 ,$103.76 ,$43.64 ,$69.07 ,$36.41 ,$46.81 ,$27.66 ,$18.45 ,$82.65 ,$169.14 ,$18.05 ,$268.24 ,$44.62 ,$78.23 ,$74.01 ,$625.11 ,$131.92 ,$177.74 ,$988.25 ,$140.79 ,$371.40 ,$589.28 ,$469.27 ,$140.98 ,$497.13 ,$279.93 ,$250.39 ,$229.12 ,$137.78 
6/13/25,$223.37 ,$32.12 ,$248.60 ,$74.78 ,$90.35 ,$116.86 ,$102.90 ,$103.96 ,$43.25 ,$67.62 ,$36.37 ,$46.67 ,$27.64 ,$18.32 ,$83.75 ,$174.81 ,$17.86 ,$264.95 ,$44.09 ,$76.36 ,$72.36 ,$613.54 ,$129.49 ,$173.37 ,$971.82 ,$136.41 ,$352.85 ,$562.03 ,$486.45 ,$145.69 ,$516.72 ,$283.00 ,$256.99 ,$232.73 ,$138.07 
6/16/25,$224.65 ,$32.56 ,$252.13 ,$73.78 ,$88.94 ,$115.40 ,$101.91 ,$101.63 ,$42.68 ,$66.79 ,$35.97 ,$45.96 ,$27.66 ,$18.15 ,$82.15 ,$171.50 ,$17.74 ,$270.36 ,$44.41 ,$78.07 ,$73.15 ,$627.85 ,$130.90 ,$175.14 ,$982.10 ,$138.26 ,$355.48 ,$568.67 ,$467.06 ,$146.46 ,$497.52 ,$279.29 ,$247.77 ,$229.26 ,$139.67 
6/17/25,$220.59 ,$32.12 ,$250.42 ,$71.86 ,$88.42 ,$114.79 ,$101.62 ,$101.35 ,$42.39 ,$65.65 ,$35.72 ,$45.97 ,$27.47 ,$17.93 ,$81.36 ,$169.65 ,$18.41 ,$269.52 ,$44.23 ,$77.36 ,$72.50 ,$624.64 ,$130.09 ,$173.20 ,$969.18 ,$135.69 ,$357.84 ,$569.45 ,$479.34 ,$148.48 ,$503.97 ,$281.30 ,$250.86 ,$234.08 ,$141.12 
6/18/25,$222.01 ,$32.24 ,$252.93 ,$71.57 ,$88.63 ,$114.58 ,$101.20 ,$100.73 ,$42.37 ,$66.28 ,$35.56 ,$44.98 ,$27.57 ,$17.88 ,$81.17 ,$169.32 ,$18.44 ,$273.96 ,$45.06 ,$78.35 ,$74.74 ,$635.24 ,$132.52 ,$175.27 ,$979.52 ,$137.49 ,$340.38 ,$538.73 ,$468.60 ,$145.87 ,$494.65 ,$278.53 ,$248.83 ,$234.21 ,$140.53 
6/20/25,$222.51 ,$32.06 ,$253.18 ,$71.53 ,$89.30 ,$115.40 ,$101.75 ,$100.97 ,$42.60 ,$66.64 ,$35.74 ,$44.78 ,$28.01 ,$17.85 ,$82.37 ,$170.66 ,$18.25 ,$275.00 ,$45.50 ,$78.45 ,$75.40 ,$640.80 ,$132.71 ,$177.39 ,$974.44 ,$137.69 ,$338.57 ,$532.97 ,$470.56 ,$146.64 ,$497.70 ,$278.78 ,$249.67 ,$234.54 ,$142.32 
6/23/25,$225.88 ,$32.42 ,$256.58 ,$70.73 ,$90.67 ,$116.97 ,$103.31 ,$101.15 ,$43.20 ,$67.91 ,$36.27 ,$44.93 ,$28.09 ,$17.64 ,$79.85 ,$164.73 ,$18.12 ,$278.27 ,$46.30 ,$79.36 ,$77.01 ,$646.88 ,$134.00 ,$180.75 ,$986.30 ,$138.32 ,$343.75 ,$542.35 ,$472.46 ,$145.81 ,$499.67 ,$282.32 ,$251.11 ,$237.10 ,$142.06 
6/24/25,$227.91 ,$32.48 ,$257.46 ,$71.40 ,$90.89 ,$116.95 ,$103.28 ,$100.19 ,$43.10 ,$68.23 ,$36.48 ,$45.04 ,$28.54 ,$17.69 ,$80.56 ,$167.73 ,$17.95 ,$281.26 ,$46.66 ,$81.14 ,$78.11 ,$662.11 ,$135.90 ,$182.02 ,"$1,004.97 ",$144.05 ,$351.63 ,$557.53 ,$460.20 ,$141.85 ,$484.00 ,$281.05 ,$246.65 ,$231.63 ,$142.31 
6/25/25,$226.81 ,$32.49 ,$255.21 ,$70.34 ,$90.40 ,$115.95 ,$101.41 ,$98.05 ,$42.29 ,$67.32 ,$36.30 ,$44.48 ,$28.31 ,$17.67 ,$80.19 ,$170.49 ,$18.26 ,$284.06 ,$46.85 ,$82.63 ,$79.07 ,$669.87 ,$137.72 ,$182.51 ,"$1,018.08 ",$143.57 ,$345.26 ,$549.70 ,$458.39 ,$141.38 ,$486.92 ,$285.91 ,$247.87 ,$235.12 ,$140.86 
6/26/25,$229.39 ,$32.57 ,$255.51 ,$70.99 ,$90.35 ,$116.25 ,$102.35 ,$98.41 ,$42.51 ,$67.75 ,$36.58 ,$45.08 ,$28.89 ,$18.18 ,$81.32 ,$175.84 ,$18.26 ,$288.75 ,$47.46 ,$84.37 ,$79.96 ,$687.16 ,$139.75 ,$185.51 ,"$1,030.79 ",$148.18 ,$346.03 ,$545.81 ,$457.90 ,$142.67 ,$493.66 ,$291.39 ,$246.80 ,$239.83 ,$141.87 
6/27/25,$231.41 ,$32.91 ,$255.81 ,$70.89 ,$90.90 ,$116.92 ,$102.46 ,$98.15 ,$42.91 ,$67.78 ,$36.37 ,$44.78 ,$28.98 ,$18.20 ,$81.25 ,$174.38 ,$18.32 ,$287.11 ,$47.12 ,$84.38 ,$79.50 ,$690.81 ,$140.69 ,$185.75 ,"$1,047.82 ",$151.11 ,$348.61 ,$550.32 ,$458.59 ,$144.66 ,$494.00 ,$290.74 ,$246.98 ,$238.65 ,$143.19 
6/30/25,$230.08 ,$32.63 ,$255.97 ,$69.42 ,$91.83 ,$118.00 ,$103.76 ,$100.35 ,$43.42 ,$68.10 ,$36.74 ,$45.32 ,$29.40 ,$18.13 ,$81.63 ,$174.08 ,$18.08 ,$289.91 ,$47.32 ,$85.12 ,$80.12 ,$707.75 ,$140.86 ,$186.42 ,"$1,049.25 ",$149.58 ,$355.05 ,$561.94 ,$463.14 ,$146.02 ,$499.98 ,$291.66 ,$250.84 ,$241.46 ,$144.06 
7/1/25,$235.57 ,$33.47 ,$262.38 ,$73.06 ,$92.30 ,$118.87 ,$104.39 ,$100.78 ,$43.41 ,$68.71 ,$36.52 ,$44.92 ,$28.33 ,$17.81 ,$80.99 ,$171.97 ,$18.39 ,$290.41 ,$48.15 ,$86.27 ,$81.49 ,$706.46 ,$141.07 ,$192.52 ,"$1,054.27 ",$152.77 ,$355.47 ,$564.61 ,$465.94 ,$144.19 ,$503.53 ,$294.38 ,$252.18 ,$246.31 ,$140.37 
7/2/25,$237.16 ,$33.61 ,$262.00 ,$73.02 ,$91.15 ,$117.06 ,$103.26 ,$99.92 ,$42.92 ,$67.56 ,$35.77 ,$44.78 ,$28.50 ,$17.90 ,$82.14 ,$173.78 ,$18.48 ,$292.00 ,$48.71 ,$86.76 ,$82.36 ,$715.89 ,$142.86 ,$195.71 ,"$1,070.57 ",$153.56 ,$354.22 ,$561.52 ,$462.55 ,$144.52 ,$498.90 ,$293.92 ,$253.56 ,$250.15 ,$140.77 
7/3/25,$236.28 ,$33.60 ,$262.50 ,$73.88 ,$91.51 ,$117.31 ,$103.86 ,$100.31 ,$43.13 ,$68.19 ,$35.94 ,$44.74 ,$28.41 ,$17.97 ,$82.14 ,$173.52 ,$18.36 ,$296.00 ,$48.93 ,$88.72 ,$83.60 ,$723.68 ,$144.14 ,$196.57 ,"$1,082.15 ",$155.13 ,$358.86 ,$569.24 ,$462.52 ,$145.75 ,$504.20 ,$294.76 ,$255.73 ,$252.08 ,$142.91 
7/7/25,$235.35 ,$33.05 ,$259.99 ,$74.75 ,$91.66 ,$117.29 ,$104.17 ,$99.71 ,$43.17 ,$67.88 ,$36.24 ,$44.15 ,$28.33 ,$17.75 ,$80.17 ,$172.46 ,$18.58 ,$291.97 ,$48.66 ,$87.60 ,$82.34 ,$710.93 ,$143.74 ,$196.25 ,"$1,075.97 ",$152.99 ,$356.64 ,$565.12 ,$469.06 ,$145.92 ,$507.92 ,$294.65 ,$256.43 ,$253.53 ,$143.79 
7/8/25,$236.54 ,$33.39 ,$261.20 ,$72.46 ,$91.26 ,$116.31 ,$103.96 ,$99.31 ,$43.00 ,$67.56 ,$35.80 ,$44.20 ,$28.13 ,$17.80 ,$81.60 ,$174.40 ,$18.67 ,$282.78 ,$47.15 ,$85.57 ,$81.59 ,$697.28 ,$141.13 ,$198.00 ,"$1,075.02 ",$156.35 ,$354.55 ,$562.44 ,$463.01 ,$144.91 ,$504.85 ,$296.65 ,$257.09 ,$247.95 ,$137.37 
7/9/25,$236.49 ,$33.33 ,$260.04 ,$73.65 ,$91.96 ,$117.17 ,$104.74 ,$99.97 ,$43.14 ,$67.84 ,$36.07 ,$43.79 ,$27.80 ,$17.64 ,$81.16 ,$170.69 ,$18.76 ,$283.16 ,$46.84 ,$85.79 ,$81.79 ,$696.56 ,$141.55 ,$196.14 ,"$1,088.75 ",$158.68 ,$357.76 ,$565.11 ,$463.06 ,$146.18 ,$507.94 ,$299.96 ,$259.05 ,$248.92 ,$137.56 
7/10/25,$237.00 ,$33.54 ,$263.14 ,$74.64 ,$93.26 ,$118.17 ,$106.04 ,$101.07 ,$43.63 ,$68.45 ,$36.22 ,$44.49 ,$27.79 ,$17.44 ,$80.91 ,$170.74 ,$18.88 ,$288.19 ,$46.97 ,$87.08 ,$82.36 ,$709.12 ,$143.09 ,$197.95 ,"$1,104.05 ",$164.06 ,$355.88 ,$563.52 ,$464.31 ,$146.40 ,$513.87 ,$303.38 ,$260.10 ,$258.11 ,$136.45 
7/11/25,$235.10 ,$34.10 ,$266.57 ,$74.40 ,$92.66 ,$117.46 ,$105.34 ,$100.59 ,$43.51 ,$68.62 ,$36.14 ,$44.55 ,$27.84 ,$17.46 ,$81.34 ,$171.90 ,$18.73 ,$286.86 ,$46.73 ,$86.73 ,$82.55 ,$704.95 ,$142.28 ,$197.02 ,"$1,101.64 ",$162.00 ,$347.93 ,$550.18 ,$467.51 ,$146.87 ,$514.60 ,$302.20 ,$259.55 ,$258.18 ,$137.06 
7/14/25,$233.31 ,$33.98 ,$262.89 ,$75.04 ,$92.68 ,$117.93 ,$105.02 ,$101.01 ,$43.43 ,$69.17 ,$36.21 ,$45.21 ,$28.32 ,$17.49 ,$81.58 ,$172.46 ,$18.70 ,$288.70 ,$47.07 ,$87.50 ,$83.43 ,$713.30 ,$143.97 ,$197.39 ,"$1,111.46 ",$163.36 ,$350.50 ,$553.02 ,$473.57 ,$149.28 ,$521.11 ,$304.85 ,$262.31 ,$258.50 ,$138.65 
7/15/25,$231.14 ,$33.48 ,$259.49 ,$74.70 ,$92.47 ,$117.10 ,$104.40 ,$99.95 ,$42.95 ,$68.33 ,$36.04 ,$45.27 ,$27.94 ,$17.59 ,$79.94 ,$169.31 ,$18.68 ,$286.55 ,$46.15 ,$90.72 ,$78.86 ,$702.51 ,$141.59 ,$192.14 ,"$1,046.16 ",$159.80 ,$347.02 ,$550.36 ,$470.12 ,$148.68 ,$516.82 ,$300.85 ,$261.17 ,$253.68 ,$137.45 
7/16/25,$231.18 ,$33.26 ,$260.32 ,$74.77 ,$93.30 ,$117.79 ,$105.49 ,$100.46 ,$42.85 ,$69.17 ,$36.09 ,$45.25 ,$27.91 ,$17.44 ,$79.17 ,$165.99 ,$18.75 ,$285.82 ,$46.03 ,$90.02 ,$79.91 ,$708.82 ,$139.79 ,$193.93 ,"$1,082.24 ",$165.92 ,$349.90 ,$555.52 ,$471.47 ,$150.17 ,$519.70 ,$300.00 ,$263.66 ,$253.82 ,$139.85 
7/17/25,$227.49 ,$34.50 ,$269.81 ,$75.18 ,$93.33 ,$117.46 ,$105.93 ,$100.60 ,$42.95 ,$69.65 ,$36.50 ,$44.76 ,$27.49 ,$17.54 ,$81.24 ,$166.48 ,$18.91 ,$289.90 ,$47.02 ,$93.09 ,$79.71 ,$705.84 ,$140.90 ,$195.99 ,"$1,105.38 ",$172.49 ,$349.81 ,$555.61 ,$469.20 ,$151.50 ,$523.83 ,$300.09 ,$265.51 ,$255.35 ,$142.34 
7/18/25,$224.87 ,$34.39 ,$276.66 ,$75.95 ,$94.10 ,$118.42 ,$107.40 ,$101.08 ,$43.40 ,$70.38 ,$37.24 ,$45.09 ,$27.88 ,$17.47 ,$83.30 ,$171.11 ,$18.55 ,$291.27 ,$47.32 ,$93.45 ,$80.64 ,$708.26 ,$140.83 ,$196.52 ,"$1,103.59 ",$168.72 ,$349.05 ,$552.66 ,$463.96 ,$151.50 ,$519.04 ,$298.98 ,$264.77 ,$254.49 ,$142.95 
7/21/25,$225.85 ,$34.36 ,$277.38 ,$76.17 ,$94.79 ,$119.83 ,$108.54 ,$102.07 ,$43.73 ,$71.57 ,$37.42 ,$44.59 ,$27.11 ,$17.24 ,$80.38 ,$163.30 ,$18.59 ,$290.97 ,$47.48 ,$92.65 ,$80.28 ,$706.00 ,$140.47 ,$196.03 ,"$1,093.02 ",$166.69 ,$350.94 ,$554.65 ,$460.53 ,$151.56 ,$515.29 ,$297.05 ,$263.09 ,$252.93 ,$140.36 
7/22/25,$229.24 ,$35.23 ,$280.26 ,$77.54 ,$95.85 ,$120.73 ,$110.16 ,$103.59 ,$44.45 ,$73.06 ,$37.76 ,$45.20 ,$26.97 ,$17.33 ,$80.74 ,$162.53 ,$18.69 ,$291.43 ,$47.77 ,$94.00 ,$82.38 ,$700.41 ,$140.04 ,$196.78 ,"$1,100.39 ",$169.38 ,$351.86 ,$558.76 ,$410.74 ,$149.17 ,$563.79 ,$297.60 ,$264.42 ,$253.96 ,$140.04 
7/23/25,$231.00 ,$34.97 ,$280.27 ,$72.82 ,$95.13 ,$119.51 ,$108.89 ,$102.55 ,$43.49 ,$72.50 ,$37.12 ,$45.48 ,$26.81 ,$17.44 ,$81.67 ,$164.92 ,$18.93 ,$296.76 ,$48.14 ,$95.99 ,$83.70 ,$717.52 ,$142.21 ,$197.76 ,"$1,120.37 ",$171.96 ,$355.29 ,$562.09 ,$419.39 ,$156.49 ,$568.50 ,$316.94 ,$269.60 ,$265.56 ,$143.37 
7/24/25,$220.52 ,$35.00 ,$278.00 ,$71.97 ,$95.00 ,$119.75 ,$108.97 ,$102.05 ,$43.74 ,$72.78 ,$37.84 ,$45.46 ,$27.42 ,$17.72 ,$82.01 ,$165.64 ,$18.68 ,$296.55 ,$48.39 ,$95.39 ,$83.87 ,$719.18 ,$142.50 ,$196.15 ,"$1,118.37 ",$178.11 ,$353.97 ,$563.50 ,$420.55 ,$155.22 ,$568.48 ,$314.24 ,$273.22 ,$263.33 ,$143.84 
7/25/25,$224.74 ,$35.76 ,$282.38 ,$71.85 ,$95.35 ,$119.93 ,$109.79 ,$102.26 ,$43.99 ,$72.66 ,$38.36 ,$44.97 ,$27.39 ,$17.72 ,$81.54 ,$165.60 ,$18.46 ,$298.62 ,$48.45 ,$96.07 ,$84.32 ,$728.98 ,$143.01 ,$196.05 ,"$1,123.28 ",$178.10 ,$357.04 ,$568.22 ,$421.17 ,$156.88 ,$569.74 ,$314.02 ,$269.28 ,$264.82 ,$147.96 
7/28/25,$229.24 ,$35.71 ,$286.42 ,$71.34 ,$94.30 ,$117.60 ,$107.95 ,$100.98 ,$43.41 ,$71.14 ,$37.30 ,$44.63 ,$27.21 ,$17.78 ,$81.81 ,$167.32 ,$18.73 ,$298.28 ,$48.23 ,$95.55 ,$83.07 ,$723.65 ,$142.56 ,$193.97 ,"$1,117.82 ",$176.94 ,$355.47 ,$568.28 ,$421.34 ,$156.07 ,$568.62 ,$313.10 ,$269.47 ,$262.49 ,$149.83 
7/29/25,$223.77 ,$35.42 ,$277.70 ,$71.95 ,$95.20 ,$119.49 ,$109.22 ,$102.24 ,$44.30 ,$72.34 ,$38.29 ,$45.08 ,$27.88 ,$18.16 ,$83.47 ,$169.56 ,$18.69 ,$297.04 ,$47.95 ,$94.48 ,$82.65 ,$731.98 ,$143.56 ,$193.37 ,"$1,121.53 ",$177.04 ,$351.29 ,$563.32 ,$420.13 ,$157.12 ,$573.22 ,$314.70 ,$272.31 ,$260.84 ,$150.28 
7/30/25,$225.28 ,$35.29 ,$279.00 ,$70.99 ,$94.90 ,$120.48 ,$113.25 ,$102.59 ,$44.26 ,$72.39 ,$38.46 ,$44.98 ,$28.01 ,$18.05 ,$82.19 ,$167.37 ,$18.25 ,$299.63 ,$47.96 ,$95.81 ,$81.78 ,$730.75 ,$144.94 ,$192.55 ,"$1,114.65 ",$175.34 ,$350.91 ,$559.11 ,$418.68 ,$158.40 ,$572.81 ,$312.18 ,$274.12 ,$258.52 ,$152.38 
7/31/25,$221.97 ,$35.54 ,$278.00 ,$71.06 ,$94.48 ,$121.64 ,$113.14 ,$103.50 ,$44.94 ,$73.44 ,$38.82 ,$45.29 ,$28.06 ,$18.04 ,$82.11 ,$166.41 ,$18.00 ,$296.24 ,$47.27 ,$93.70 ,$80.63 ,$723.59 ,$142.46 ,$190.27 ,"$1,106.01 ",$172.96 ,$345.47 ,$566.47 ,$420.98 ,$157.57 ,$576.61 ,$311.61 ,$274.82 ,$278.86 ,$151.93 
8/1/25,$219.40 ,$35.01 ,$274.85 ,$70.40 ,$94.99 ,$122.91 ,$113.58 ,$104.44 ,$44.67 ,$73.47 ,$38.81 ,$46.20 ,$28.10 ,$17.79 ,$78.99 ,$162.92 ,$17.93 ,$289.37 ,$45.66 ,$91.83 ,$77.78 ,$709.57 ,$139.09 ,$185.88 ,"$1,091.80 ",$170.40 ,$339.35 ,$559.89 ,$421.01 ,$156.81 ,$586.44 ,$310.74 ,$278.26 ,$269.83 ,$149.50 
8/4/25,$222.06 ,$35.46 ,$278.12 ,$70.53 ,$96.00 ,$124.17 ,$115.00 ,$105.36 ,$45.17 ,$74.24 ,$39.16 ,$46.62 ,$28.28 ,$17.79 ,$79.83 ,$164.82 ,$17.76 ,$294.26 ,$45.85 ,$92.08 ,$77.58 ,$726.03 ,$141.36 ,$189.07 ,"$1,116.06 ",$170.50 ,$342.15 ,$569.81 ,$423.70 ,$157.38 ,$589.75 ,$312.78 ,$278.06 ,$265.67 ,$154.51 
8/5/25,$222.97 ,$35.65 ,$279.87 ,$71.18 ,$94.39 ,$124.00 ,$113.24 ,$104.18 ,$44.69 ,$73.73 ,$38.93 ,$46.74 ,$28.04 ,$17.73 ,$75.70 ,$163.63 ,$17.86 ,$291.37 ,$45.56 ,$91.52 ,$77.96 ,$720.91 ,$140.46 ,$188.99 ,"$1,109.64 ",$167.68 ,$337.43 ,$566.04 ,$428.24 ,$156.33 ,$589.95 ,$313.76 ,$278.22 ,$270.92 ,$182.00 
8/6/25,$225.46 ,$36.01 ,$282.95 ,$70.54 ,$94.68 ,$125.21 ,$113.49 ,$104.15 ,$45.06 ,$73.30 ,$38.60 ,$47.01 ,$26.75 ,$17.86 ,$75.23 ,$163.05 ,$17.87 ,$291.35 ,$45.42 ,$92.23 ,$77.61 ,$724.74 ,$141.30 ,$188.56 ,"$1,120.54 ",$169.35 ,$339.74 ,$569.13 ,$434.85 ,$155.75 ,$589.29 ,$314.99 ,$276.88 ,$267.49 ,$179.74 
8/7/25,$222.66 ,$35.25 ,$280.47 ,$72.58 ,$95.35 ,$125.93 ,$113.73 ,$105.00 ,$45.54 ,$73.23 ,$38.87 ,$47.08 ,$26.76 ,$17.62 ,$75.48 ,$166.89 ,$17.86 ,$286.94 ,$44.92 ,$91.23 ,$77.05 ,$719.74 ,$140.92 ,$187.12 ,"$1,112.83 ",$167.64 ,$332.09 ,$561.22 ,$430.75 ,$155.76 ,$587.38 ,$312.73 ,$273.81 ,$266.45 ,$179.53 
8/8/25,$222.24 ,$35.43 ,$280.03 ,$72.41 ,$94.69 ,$125.32 ,$112.50 ,$104.48 ,$45.32 ,$73.33 ,$38.83 ,$46.99 ,$26.89 ,$17.28 ,$74.46 ,$165.09 ,$17.71 ,$288.76 ,$46.01 ,$92.73 ,$77.85 ,$721.27 ,$143.18 ,$189.74 ,"$1,124.97 ",$168.91 ,$336.78 ,$574.32 ,$425.63 ,$154.86 ,$581.11 ,$314.13 ,$269.72 ,$264.69 ,$179.19 
8/11/25,$219.65 ,$35.23 ,$278.32 ,$72.45 ,$94.57 ,$125.56 ,$112.00 ,$104.12 ,$44.71 ,$72.68 ,$38.57 ,$47.49 ,$26.89 ,$17.16 ,$73.65 ,$166.11 ,$17.66 ,$289.56 ,$46.16 ,$92.31 ,$77.59 ,$719.24 ,$143.88 ,$188.53 ,"$1,127.93 ",$170.07 ,$335.90 ,$573.59 ,$426.26 ,$154.80 ,$580.24 ,$314.93 ,$270.32 ,$266.65 ,$177.89 
8/12/25,$218.80 ,$35.82 ,$278.24 ,$71.86 ,$93.96 ,$124.47 ,$111.99 ,$103.69 ,$44.61 ,$72.39 ,$38.47 ,$47.32 ,$26.56 ,$17.39 ,$74.05 ,$168.04 ,$17.78 ,$292.85 ,$47.50 ,$95.74 ,$79.48 ,$743.38 ,$147.29 ,$191.23 ,"$1,159.61 ",$173.74 ,$336.74 ,$574.18 ,$431.56 ,$155.49 ,$580.80 ,$314.01 ,$270.21 ,$268.00 ,$179.51 
8/13/25,$223.18 ,$36.08 ,$281.84 ,$72.30 ,$94.79 ,$125.71 ,$113.11 ,$103.66 ,$45.23 ,$72.92 ,$38.63 ,$47.68 ,$26.87 ,$17.49 ,$75.33 ,$166.74 ,$17.70 ,$290.53 ,$47.24 ,$94.65 ,$77.89 ,$744.69 ,$147.76 ,$193.40 ,"$1,160.03 ",$176.62 ,$342.55 ,$577.90 ,$442.57 ,$155.71 ,$582.09 ,$317.49 ,$270.22 ,$269.43 ,$176.76 
8/14/25,$221.52 ,$36.35 ,$282.50 ,$72.24 ,$94.19 ,$124.26 ,$112.86 ,$102.86 ,$44.65 ,$72.39 ,$38.44 ,$48.18 ,$26.85 ,$17.38 ,$74.80 ,$165.51 ,$17.52 ,$294.16 ,$47.71 ,$95.46 ,$79.41 ,$747.20 ,$148.51 ,$194.57 ,"$1,160.16 ",$174.68 ,$345.49 ,$583.76 ,$437.32 ,$155.08 ,$583.72 ,$315.84 ,$271.05 ,$267.46 ,$174.70 
8/15/25,$220.78 ,$36.32 ,$280.74 ,$75.41 ,$94.07 ,$122.45 ,$111.99 ,$100.77 ,$44.58 ,$71.93 ,$38.12 ,$47.04 ,$26.67 ,$17.24 ,$73.93 ,$163.19 ,$17.49 ,$290.49 ,$46.94 ,$93.69 ,$77.10 ,$730.72 ,$144.63 ,$191.27 ,"$1,135.01 ",$171.62 ,$344.47 ,$581.70 ,$437.56 ,$154.09 ,$583.96 ,$313.69 ,$270.55 ,$266.25 ,$173.50 
8/18/25,$220.08 ,$35.99 ,$279.79 ,$75.72 ,$92.85 ,$121.46 ,$110.70 ,$99.74 ,$44.00 ,$72.21 ,$37.73 ,$46.67 ,$26.23 ,$17.34 ,$73.04 ,$161.05 ,$17.50 ,$291.53 ,$47.92 ,$94.22 ,$77.44 ,$730.96 ,$144.78 ,$192.01 ,"$1,136.12 ",$169.22 ,$342.74 ,$584.14 ,$440.64 ,$155.50 ,$584.82 ,$313.58 ,$271.92 ,$267.60 ,$170.94 
8/19/25,$223.77 ,$36.52 ,$285.53 ,$76.51 ,$94.18 ,$123.78 ,$112.66 ,$101.10 ,$44.74 ,$73.22 ,$38.21 ,$47.19 ,$26.40 ,$17.35 ,$73.50 ,$160.77 ,$17.55 ,$290.66 ,$48.08 ,$93.74 ,$77.53 ,$721.38 ,$144.07 ,$192.99 ,"$1,128.47 ",$167.29 ,$342.45 ,$585.51 ,$441.10 ,$153.66 ,$586.23 ,$316.40 ,$272.23 ,$265.40 ,$165.76 
8/20/25,$225.68 ,$35.99 ,$285.49 ,$76.18 ,$94.93 ,$124.48 ,$113.55 ,$101.76 ,$44.88 ,$73.17 ,$38.50 ,$48.03 ,$26.57 ,$17.33 ,$73.68 ,$162.87 ,$17.59 ,$292.24 ,$48.35 ,$93.17 ,$78.16 ,$720.68 ,$144.12 ,$195.00 ,"$1,128.46 ",$164.47 ,$343.93 ,$592.68 ,$446.00 ,$156.59 ,$592.54 ,$317.48 ,$276.15 ,$267.09 ,$163.56 
8/21/25,$225.30 ,$35.87 ,$284.35 ,$76.08 ,$94.62 ,$124.14 ,$113.14 ,$101.50 ,$44.64 ,$73.16 ,$38.00 ,$47.94 ,$26.82 ,$17.46 ,$74.02 ,$162.10 ,$17.62 ,$291.47 ,$48.26 ,$92.59 ,$77.83 ,$715.95 ,$144.04 ,$194.00 ,"$1,124.75 ",$163.44 ,$343.69 ,$591.92 ,$447.20 ,$156.32 ,$597.21 ,$316.53 ,$276.11 ,$266.48 ,$165.34 
8/22/25,$227.85 ,$34.58 ,$284.60 ,$76.32 ,$94.48 ,$124.34 ,$114.02 ,$101.65 ,$44.96 ,$74.26 ,$38.05 ,$47.97 ,$26.70 ,$17.51 ,$74.84 ,$163.26 ,$17.48 ,$296.24 ,$49.48 ,$95.26 ,$79.10 ,$741.89 ,$148.02 ,$201.69 ,"$1,148.17 ",$170.50 ,$350.04 ,$598.96 ,$446.20 ,$156.24 ,$592.44 ,$319.61 ,$275.77 ,$269.98 ,$163.09 
8/25/25,$223.32 ,$32.81 ,$277.39 ,$75.32 ,$93.13 ,$123.11 ,$113.01 ,$99.95 ,$44.60 ,$73.03 ,$37.70 ,$47.60 ,$26.48 ,$17.52 ,$74.43 ,$161.18 ,$17.37 ,$294.90 ,$49.48 ,$95.00 ,$80.19 ,$738.79 ,$147.65 ,$200.70 ,"$1,137.10 ",$169.50 ,$348.82 ,$593.21 ,$447.72 ,$156.27 ,$586.74 ,$319.89 ,$276.17 ,$270.72 ,$162.84 
8/26/25,$222.74 ,$32.41 ,$276.67 ,$74.84 ,$93.09 ,$123.28 ,$112.63 ,$99.72 ,$44.42 ,$72.54 ,$37.70 ,$47.44 ,$26.62 ,$17.59 ,$74.42 ,$163.08 ,$17.61 ,$298.57 ,$50.25 ,$95.72 ,$81.51 ,$748.95 ,$148.97 ,$203.46 ,"$1,139.80 ",$171.43 ,$351.18 ,$591.61 ,$455.46 ,$159.57 ,$593.02 ,$322.18 ,$277.66 ,$271.74 ,$166.52 
8/27/25,$220.95 ,$32.54 ,$272.35 ,$73.89 ,$93.28 ,$123.68 ,$112.89 ,$100.07 ,$44.39 ,$72.87 ,$37.73 ,$47.61 ,$26.83 ,$17.57 ,$75.08 ,$165.17 ,$17.89 ,$299.28 ,$50.38 ,$96.87 ,$82.50 ,$749.67 ,$149.38 ,$206.04 ,"$1,131.63 ",$171.64 ,$350.35 ,$590.66 ,$454.47 ,$159.84 ,$586.61 ,$325.46 ,$276.76 ,$276.39 ,$165.60 
8/28/25,$222.35 ,$32.66 ,$277.80 ,$72.09 ,$92.24 ,$122.37 ,$111.78 ,$98.17 ,$43.76 ,$72.34 ,$37.48 ,$47.81 ,$27.01 ,$17.66 ,$75.89 ,$166.96 ,$18.00 ,$301.07 ,$50.49 ,$96.82 ,$81.98 ,$751.22 ,$150.18 ,$205.62 ,"$1,130.48 ",$172.02 ,$349.86 ,$590.48 ,$456.18 ,$160.66 ,$587.90 ,$324.91 ,$277.04 ,$275.27 ,$165.83 
8/29/25,$223.57 ,$32.51 ,$279.98 ,$72.05 ,$92.30 ,$122.49 ,$111.02 ,$98.23 ,$43.68 ,$72.39 ,$37.71 ,$48.34 ,$26.98 ,$17.72 ,$76.38 ,$167.76 ,$17.69 ,$301.42 ,$50.74 ,$96.57 ,$82.18 ,$745.25 ,$150.48 ,$207.44 ,"$1,127.14 ",$171.40 ,$351.78 ,$595.29 ,$455.63 ,$158.60 ,$590.04 ,$324.57 ,$277.62 ,$270.79 ,$162.04 
9/2/25,$221.99 ,$32.19 ,$278.25 ,$72.65 ,$92.09 ,$121.89 ,$110.09 ,$97.20 ,$43.37 ,$72.14 ,$37.94 ,$48.30 ,$26.74 ,$17.70 ,$74.62 ,$166.72 ,$17.42 ,$299.70 ,$50.42 ,$94.78 ,$81.78 ,$730.85 ,$148.85 ,$205.42 ,"$1,114.77 ",$169.55 ,$350.07 ,$591.87 ,$452.50 ,$158.01 ,$589.32 ,$324.39 ,$275.12 ,$269.71 ,$160.03 
9/3/25,$221.76 ,$32.28 ,$278.19 ,$71.63 ,$91.66 ,$121.50 ,$110.03 ,$97.85 ,$43.38 ,$72.43 ,$37.62 ,$48.32 ,$26.73 ,$17.57 ,$73.87 ,$163.55 ,$17.44 ,$299.51 ,$50.06 ,$95.03 ,$80.51 ,$730.56 ,$148.53 ,$205.00 ,"$1,099.49 ",$167.34 ,$350.87 ,$593.28 ,$449.06 ,$158.11 ,$581.01 ,$322.81 ,$273.11 ,$269.33 ,$160.95 
9/4/25,$223.06 ,$32.66 ,$279.76 ,$70.87 ,$91.87 ,$120.87 ,$108.64 ,$97.80 ,$43.34 ,$72.24 ,$37.46 ,$48.16 ,$26.71 ,$17.65 ,$74.38 ,$166.54 ,$17.22 ,$303.82 ,$50.62 ,$97.08 ,$81.83 ,$748.90 ,$150.53 ,$207.36 ,"$1,108.76 ",$169.90 ,$350.99 ,$595.64 ,$456.85 ,$158.68 ,$579.76 ,$322.44 ,$272.99 ,$269.98 ,$163.79 
9/5/25,$220.31 ,$32.53 ,$277.75 ,$70.90 ,$91.78 ,$120.61 ,$108.11 ,$98.05 ,$43.43 ,$72.68 ,$37.78 ,$48.26 ,$26.59 ,$17.39 ,$72.63 ,$162.35 ,$17.16 ,$294.38 ,$49.77 ,$95.40 ,$78.96 ,$738.21 ,$148.09 ,$204.40 ,"$1,099.15 ",$169.99 ,$343.22 ,$584.22 ,$463.90 ,$157.52 ,$580.80 ,$322.86 ,$272.39 ,$271.13 ,$163.64 
9/8/25,$217.26 ,$32.43 ,$275.59 ,$69.77 ,$90.83 ,$120.17 ,$107.55 ,$96.65 ,$43.02 ,$71.75 ,$37.32 ,$48.32 ,$26.48 ,$17.15 ,$71.36 ,$160.52 ,$17.25 ,$292.91 ,$49.46 ,$95.87 ,$79.14 ,$741.85 ,$148.79 ,$203.77 ,"$1,104.92 ",$173.30 ,$342.30 ,$586.60 ,$459.11 ,$154.22 ,$581.90 ,$322.72 ,$273.89 ,$269.94 ,$163.75 
9/9/25,$216.05 ,$32.20 ,$273.45 ,$70.07 ,$91.21 ,$120.38 ,$108.36 ,$96.98 ,$43.09 ,$72.02 ,$37.54 ,$48.33 ,$26.64 ,$17.17 ,$71.84 ,$161.28 ,$17.39 ,$297.85 ,$50.29 ,$97.34 ,$80.76 ,$763.92 ,$152.22 ,$200.41 ,"$1,105.67 ",$173.17 ,$343.99 ,$584.00 ,$457.06 ,$151.75 ,$571.63 ,$321.33 ,$270.71 ,$267.07 ,$162.23 
9/10/25,$215.19 ,$32.05 ,$272.36 ,$71.04 ,$91.56 ,$121.35 ,$108.34 ,$97.08 ,$43.32 ,$72.31 ,$37.79 ,$48.59 ,$27.38 ,$17.42 ,$73.35 ,$163.41 ,$17.35 ,$300.54 ,$50.13 ,$97.17 ,$80.30 ,$769.58 ,$154.12 ,$201.89 ,"$1,102.89 ",$178.23 ,$338.12 ,$579.38 ,$463.87 ,$155.00 ,$579.87 ,$323.05 ,$275.64 ,$271.93 ,$166.13 
9/11/25,$216.04 ,$32.85 ,$274.00 ,$71.32 ,$92.13 ,$122.11 ,$108.74 ,$97.70 ,$43.50 ,$72.85 ,$38.24 ,$48.81 ,$27.57 ,$17.49 ,$73.30 ,$165.24 ,$17.46 ,$305.56 ,$50.75 ,$98.82 ,$81.25 ,$784.73 ,$156.48 ,$202.75 ,"$1,134.18 ",$183.92 ,$343.49 ,$588.73 ,$470.73 ,$157.65 ,$582.95 ,$329.62 ,$280.63 ,$276.07 ,$170.10 
9/12/25,$214.91 ,$32.47 ,$274.72 ,$71.64 ,$92.27 ,$121.95 ,$109.46 ,$97.55 ,$43.38 ,$73.35 ,$38.24 ,$49.10 ,$27.58 ,$17.45 ,$73.05 ,$166.38 ,$17.29 ,$306.91 ,$50.58 ,$99.44 ,$81.46 ,$780.06 ,$156.39 ,$201.98 ,"$1,123.41 ",$181.35 ,$339.43 ,$580.41 ,$471.31 ,$155.85 ,$575.96 ,$326.15 ,$279.20 ,$274.71 ,$168.33 
9/15/25,$216.25 ,$32.50 ,$277.16 ,$71.50 ,$92.28 ,$122.37 ,$109.10 ,$97.00 ,$43.43 ,$73.05 ,$38.29 ,$49.06 ,$27.36 ,$17.54 ,$72.61 ,$163.33 ,$17.36 ,$308.90 ,$50.59 ,$99.79 ,$81.41 ,$786.76 ,$156.64 ,$202.46 ,"$1,115.11 ",$183.80 ,$339.05 ,$582.96 ,$473.25 ,$158.37 ,$574.54 ,$326.98 ,$281.89 ,$273.02 ,$174.30 
9/16/25,$216.00 ,$32.47 ,$278.09 ,$69.83 ,$91.36 ,$120.25 ,$106.84 ,$95.57 ,$42.73 ,$72.11 ,$37.65 ,$48.89 ,$27.21 ,$17.58 ,$72.58 ,$162.94 ,$17.41 ,$309.19 ,$50.66 ,$100.64 ,$81.39 ,$785.53 ,$155.81 ,$200.94 ,"$1,118.89 ",$183.72 ,$340.03 ,$586.42 ,$474.32 ,$158.58 ,$579.36 ,$326.40 ,$284.27 ,$273.19 ,$176.65 
9/17/25,$217.17 ,$32.77 ,$278.00 ,$70.31 ,$91.63 ,$121.10 ,$107.52 ,$96.40 ,$43.23 ,$72.05 ,$38.05 ,$49.11 ,$27.57 ,$17.53 ,$72.86 ,$166.52 ,$17.41 ,$311.75 ,$51.40 ,$101.76 ,$82.48 ,$794.22 ,$157.41 ,$203.77 ,"$1,131.78 ",$183.62 ,$346.20 ,$598.63 ,$473.12 ,$158.31 ,$577.08 ,$325.28 ,$281.86 ,$272.46 ,$168.38 
9/18/25,$220.36 ,$33.43 ,$282.68 ,$70.79 ,$91.45 ,$120.39 ,$106.44 ,$96.35 ,$43.11 ,$72.17 ,$38.07 ,$49.12 ,$27.67 ,$17.44 ,$73.58 ,$170.12 ,$17.02 ,$313.23 ,$52.13 ,$102.41 ,$83.50 ,$804.31 ,$159.24 ,$206.27 ,"$1,137.13 ",$188.68 ,$338.18 ,$586.05 ,$473.62 ,$158.19 ,$573.75 ,$324.57 ,$282.73 ,$274.69 ,$174.03 
9/19/25,$220.61 ,$32.98 ,$283.71 ,$71.08 ,$91.80 ,$121.08 ,$107.06 ,$96.33 ,$43.41 ,$72.11 ,$38.02 ,$49.46 ,$27.42 ,$17.30 ,$71.55 ,$164.43 ,$16.88 ,$314.78 ,$52.25 ,$102.68 ,$84.64 ,$805.00 ,$159.91 ,$205.52 ,"$1,142.85 ",$187.62 ,$341.61 ,$584.16 ,$472.94 ,$158.24 ,$573.03 ,$324.08 ,$283.94 ,$275.13 ,$174.50 
9/22/25,$225.85 ,$33.20 ,$290.55 ,$72.35 ,$92.33 ,$121.58 ,$107.05 ,$96.62 ,$43.40 ,$72.35 ,$38.17 ,$49.19 ,$27.18 ,$17.13 ,$71.62 ,$165.22 ,$17.17 ,$312.44 ,$51.92 ,$103.49 ,$85.16 ,$805.56 ,$160.71 ,$203.12 ,"$1,136.21 ",$185.64 ,$344.36 ,$584.49 ,$480.39 ,$159.43 ,$576.15 ,$322.66 ,$284.32 ,$276.16 ,$178.19 
9/23/25,$227.98 ,$34.07 ,$292.08 ,$72.32 ,$93.72 ,$123.10 ,$108.14 ,$98.55 ,$44.23 ,$73.04 ,$38.80 ,$49.60 ,$27.47 ,$17.11 ,$72.60 ,$170.14 ,$17.78 ,$312.74 ,$51.70 ,$103.00 ,$84.37 ,$806.32 ,$160.76 ,$203.92 ,"$1,131.75 ",$184.91 ,$338.70 ,$569.97 ,$486.67 ,$160.54 ,$577.08 ,$323.20 ,$286.19 ,$276.01 ,$178.02 
9/24/25,$230.36 ,$33.82 ,$293.32 ,$73.83 ,$94.41 ,$123.64 ,$108.88 ,$98.81 ,$44.23 ,$77.93 ,$39.01 ,$49.98 ,$27.82 ,$17.40 ,$73.67 ,$172.19 ,$17.69 ,$313.42 ,$51.70 ,$101.65 ,$84.11 ,$792.43 ,$157.88 ,$204.08 ,"$1,127.98 ",$178.08 ,$338.68 ,$568.81 ,$486.25 ,$161.38 ,$586.27 ,$323.62 ,$284.00 ,$277.51 ,$175.02 
9/25/25,$232.00 ,$33.78 ,$294.57 ,$74.65 ,$93.69 ,$122.32 ,$107.86 ,$98.35 ,$43.78 ,$77.25 ,$38.31 ,$49.57 ,$27.93 ,$17.41 ,$73.44 ,$171.74 ,$17.72 ,$313.45 ,$51.85 ,$102.11 ,$84.32 ,$794.76 ,$158.95 ,$202.74 ,"$1,147.29 ",$175.60 ,$334.93 ,$567.30 ,$484.34 ,$160.51 ,$585.77 ,$324.43 ,$289.24 ,$271.25 ,$176.21 
9/26/25,$235.20 ,$34.01 ,$297.49 ,$75.85 ,$94.53 ,$123.02 ,$109.14 ,$99.62 ,$44.09 ,$79.28 ,$38.81 ,$49.59 ,$28.21 ,$17.46 ,$73.89 ,$174.19 ,$17.29 ,$316.06 ,$52.21 ,$103.42 ,$85.01 ,$802.51 ,$160.11 ,$203.32 ,"$1,156.45 ",$175.32 ,$337.37 ,$565.13 ,$487.44 ,$163.35 ,$594.52 ,$330.34 ,$293.56 ,$278.77 ,$180.62 
9/29/25,$236.18 ,$35.83 ,$299.62 ,$76.21 ,$93.91 ,$122.80 ,$109.78 ,$99.57 ,$44.27 ,$80.05 ,$39.13 ,$49.72 ,$28.37 ,$17.20 ,$73.10 ,$169.09 ,$17.06 ,$315.69 ,$52.42 ,$103.16 ,$84.65 ,$804.12 ,$161.16 ,$201.85 ,"$1,175.56 ",$176.14 ,$340.16 ,$568.14 ,$491.98 ,$163.63 ,$593.99 ,$332.17 ,$296.95 ,$279.53 ,$181.96 
9/30/25,$236.37 ,$35.51 ,$300.41 ,$75.49 ,$94.77 ,$123.75 ,$112.50 ,$100.52 ,$45.01 ,$80.65 ,$38.80 ,$50.46 ,$28.31 ,$17.16 ,$72.97 ,$167.54 ,$17.04 ,$315.43 ,$51.59 ,$101.50 ,$83.82 ,$796.35 ,$158.96 ,$200.93 ,"$1,165.87 ",$170.85 ,$341.38 ,$568.81 ,$499.21 ,$167.33 ,$609.32 ,$341.00 ,$305.41 ,$287.91 ,$184.37 
10/1/25,$234.74 ,$35.00 ,$298.68 ,$78.67 ,$94.80 ,$122.39 ,$112.75 ,$98.17 ,$45.06 ,$80.31 ,$38.17 ,$49.59 ,$28.30 ,$16.99 ,$72.98 ,$168.07 ,$16.95 ,$310.71 ,$50.68 ,$98.71 ,$80.87 ,$785.51 ,$156.89 ,$198.44 ,"$1,141.07 ",$168.10 ,$347.83 ,$573.77 ,$499.00 ,$167.20 ,$605.42 ,$340.75 ,$300.47 ,$286.01 ,$187.18 
10/2/25,$234.52 ,$35.57 ,$298.30 ,$78.18 ,$93.89 ,$121.57 ,$113.46 ,$97.64 ,$44.97 ,$79.60 ,$38.29 ,$49.70 ,$28.22 ,$16.92 ,$72.47 ,$162.65 ,$16.82 ,$307.55 ,$50.48 ,$97.34 ,$80.50 ,$779.38 ,$155.30 ,$198.16 ,"$1,160.54 ",$166.58 ,$345.95 ,$577.33 ,$499.36 ,$166.63 ,$605.01 ,$341.05 ,$296.10 ,$282.22 ,$185.70 
10/3/25,$236.80 ,$36.01 ,$300.15 ,$80.06 ,$94.54 ,$123.54 ,$114.06 ,$98.81 ,$45.34 ,$80.26 ,$38.86 ,$50.07 ,$28.46 ,$16.80 ,$72.89 ,$162.30 ,$16.71 ,$310.03 ,$50.64 ,$97.74 ,$80.67 ,$789.98 ,$157.59 ,$198.46 ,"$1,160.69 ",$168.45 ,$349.84 ,$580.45 ,$504.49 ,$166.58 ,$609.54 ,$343.62 ,$297.39 ,$284.24 ,$186.64 
10/6/25,$237.41 ,$36.25 ,$299.65 ,$82.11 ,$95.49 ,$124.38 ,$115.66 ,$99.33 ,$45.69 ,$81.00 ,$39.46 ,$49.77 ,$27.93 ,$16.66 ,$72.73 ,$162.60 ,$16.67 ,$309.18 ,$50.39 ,$98.05 ,$80.69 ,$796.78 ,$158.09 ,$195.62 ,"$1,179.27 ",$166.89 ,$349.28 ,$578.81 ,$514.24 ,$168.80 ,$618.52 ,$346.50 ,$303.01 ,$288.49 ,$191.38 
10/7/25,$231.86 ,$35.99 ,$295.86 ,$83.21 ,$96.42 ,$125.56 ,$118.16 ,$100.04 ,$46.79 ,$81.85 ,$39.43 ,$49.45 ,$28.01 ,$16.67 ,$72.45 ,$166.44 ,$16.44 ,$307.69 ,$50.29 ,$97.80 ,$81.14 ,$789.65 ,$155.97 ,$193.81 ,"$1,166.23 ",$164.91 ,$352.42 ,$579.84 ,$511.07 ,$169.27 ,$621.63 ,$343.43 ,$301.43 ,$285.38 ,$191.39 
10/8/25,$232.65 ,$35.95 ,$296.62 ,$84.04 ,$96.18 ,$125.23 ,$118.19 ,$100.83 ,$46.62 ,$81.85 ,$39.56 ,$49.03 ,$28.14 ,$16.67 ,$72.38 ,$168.49 ,$16.17 ,$304.03 ,$49.84 ,$96.70 ,$79.73 ,$776.51 ,$155.65 ,$190.16 ,"$1,165.00 ",$162.46 ,$351.36 ,$576.44 ,$514.02 ,$168.57 ,$637.95 ,$346.44 ,$306.76 ,$290.83 ,$197.01 
10/9/25,$231.54 ,$36.05 ,$294.89 ,$83.71 ,$96.13 ,$124.71 ,$116.91 ,$100.80 ,$46.66 ,$81.26 ,$39.11 ,$47.99 ,$27.52 ,$16.62 ,$71.25 ,$161.30 ,$15.85 ,$305.53 ,$49.79 ,$95.92 ,$79.89 ,$779.96 ,$156.27 ,$190.67 ,"$1,167.43 ",$160.65 ,$347.04 ,$564.55 ,$507.76 ,$162.18 ,$635.01 ,$342.77 ,$298.20 ,$286.14 ,$195.60 
10/10/25,$225.45 ,$35.49 ,$288.37 ,$83.35 ,$98.29 ,$127.02 ,$117.04 ,$102.39 ,$47.07 ,$80.93 ,$39.24 ,$47.69 ,$27.10 ,$16.29 ,$69.09 ,$152.41 ,$15.96 ,$300.89 ,$48.65 ,$93.93 ,$77.62 ,$764.36 ,$151.86 ,$183.95 ,"$1,132.36 ",$153.77 ,$343.65 ,$557.48 ,$505.05 ,$157.70 ,$623.49 ,$332.94 ,$292.34 ,$282.99 ,$190.08 
10/13/25,$225.85 ,$35.57 ,$289.57 ,$84.30 ,$98.08 ,$126.09 ,$116.80 ,$100.86 ,$46.85 ,$80.16 ,$39.19 ,$47.74 ,$27.34 ,$16.52 ,$69.57 ,$151.77 ,$15.89 ,$307.97 ,$48.86 ,$96.10 ,$78.92 ,$786.78 ,$155.13 ,$186.92 ,"$1,155.12 ",$158.16 ,$343.30 ,$559.24 ,$503.83 ,$158.85 ,$618.88 ,$334.39 ,$293.42 ,$287.90 ,$197.37 
10/14/25,$227.08 ,$36.13 ,$290.31 ,$84.64 ,$99.68 ,$127.82 ,$118.38 ,$101.89 ,$47.38 ,$80.85 ,$39.49 ,$47.52 ,$27.31 ,$16.53 ,$69.58 ,$150.38 ,$16.09 ,$302.08 ,$50.09 ,$99.84 ,$84.56 ,$770.76 ,$155.34 ,$189.73 ,"$1,194.26 ",$163.98 ,$348.38 ,$567.92 ,$505.18 ,$159.40 ,$626.93 ,$335.50 ,$299.99 ,$291.94 ,$202.46 
10/15/25,$225.72 ,$36.24 ,$289.70 ,$85.79 ,$99.72 ,$128.67 ,$118.53 ,$102.29 ,$47.83 ,$81.80 ,$39.86 ,$47.61 ,$27.61 ,$16.90 ,$68.92 ,$151.06 ,$15.92 ,$305.69 ,$52.28 ,$99.78 ,$86.46 ,$767.93 ,$162.65 ,$182.34 ,"$1,202.59 ",$163.91 ,$345.69 ,$562.81 ,$499.41 ,$157.00 ,$608.93 ,$332.04 ,$289.72 ,$284.96 ,$203.82 
10/16/25,$224.04 ,$35.99 ,$288.49 ,$85.05 ,$98.43 ,$127.40 ,$117.53 ,$101.07 ,$47.36 ,$81.10 ,$39.67 ,$47.21 ,$27.21 ,$16.68 ,$67.22 ,$146.30 ,$15.92 ,$298.54 ,$50.44 ,$96.26 ,$84.00 ,$758.09 ,$160.02 ,$178.37 ,"$1,171.36 ",$157.97 ,$335.40 ,$549.88 ,$493.25 ,$157.05 ,$598.98 ,$330.59 ,$284.29 ,$282.66 ,$209.01 
10/17/25,$226.04 ,$36.60 ,$289.78 ,$84.53 ,$97.80 ,$128.53 ,$117.53 ,$101.19 ,$47.78 ,$81.16 ,$39.64 ,$47.08 ,$27.38 ,$16.45 ,$68.09 ,$148.67 ,$16.22 ,$297.56 ,$51.28 ,$97.07 ,$83.28 ,$750.77 ,$158.67 ,$179.40 ,"$1,161.16 ",$156.31 ,$341.89 ,$560.97 ,$495.15 ,$157.95 ,$594.50 ,$331.15 ,$283.87 ,$280.02 ,$203.12 
10/20/25,$227.30 ,$36.67 ,$291.15 ,$84.77 ,$97.69 ,$128.94 ,$117.82 ,$101.72 ,$48.24 ,$81.28 ,$40.22 ,$47.21 ,$27.52 ,$16.77 ,$68.53 ,$150.94 ,$16.47 ,$302.36 ,$52.04 ,$99.30 ,$86.02 ,$763.32 ,$161.97 ,$182.17 ,"$1,160.00 ",$160.44 ,$344.41 ,$566.36 ,$505.90 ,$160.71 ,$602.00 ,$337.19 ,$290.56 ,$285.77 ,$207.72 
10/21/25,$226.54 ,$35.73 ,$289.78 ,$83.99 ,$97.00 ,$128.33 ,$117.43 ,$101.56 ,$48.00 ,$80.64 ,$40.03 ,$47.27 ,$27.50 ,$16.76 ,$68.95 ,$151.41 ,$16.51 ,$297.09 ,$51.52 ,$98.25 ,$84.76 ,$758.98 ,$159.23 ,$181.91 ,"$1,130.00 ",$161.43 ,$347.21 ,$572.03 ,$489.50 ,$173.04 ,$599.35 ,$340.69 ,$292.30 ,$287.53 ,$205.24 
10/22/25,$225.24 ,$35.92 ,$288.63 ,$82.84 ,$97.48 ,$129.03 ,$117.27 ,$101.94 ,$48.11 ,$80.69 ,$40.05 ,$47.71 ,$27.56 ,$16.91 ,$69.59 ,$154.46 ,$16.82 ,$294.11 ,$51.10 ,$96.30 ,$83.88 ,$744.60 ,$158.12 ,$181.20 ,"$1,129.68 ",$161.72 ,$345.36 ,$571.36 ,$487.14 ,$177.98 ,$596.48 ,$338.24 ,$288.97 ,$283.64 ,$191.17 
10/23/25,$220.04 ,$35.53 ,$283.83 ,$83.25 ,$96.15 ,$127.26 ,$116.18 ,$100.77 ,$47.60 ,$80.41 ,$39.60 ,$47.18 ,$26.25 ,$16.85 ,$69.76 ,$156.80 ,$16.76 ,$294.54 ,$51.76 ,$96.69 ,$84.46 ,$750.78 ,$159.31 ,$181.95 ,"$1,125.00 ",$154.98 ,$345.96 ,$573.77 ,$488.05 ,$179.44 ,$605.74 ,$341.50 ,$293.28 ,$290.09 ,$199.92 
10/24/25,$216.61 ,$36.13 ,$280.50 ,$84.41 ,$95.88 ,$127.37 ,$115.98 ,$100.04 ,$48.04 ,$80.39 ,$39.53 ,$46.91 ,$25.86 ,$16.73 ,$68.61 ,$153.77 ,$16.91 ,$300.44 ,$52.57 ,$98.78 ,$86.41 ,$783.88 ,$163.86 ,$186.44 ,"$1,136.63 ",$154.60 ,$347.38 ,$573.67 ,$485.41 ,$178.65 ,$605.58 ,$350.77 ,$293.20 ,$299.91 ,$203.28 
10/27/25,$218.23 ,$36.00 ,$281.64 ,$86.03 ,$95.40 ,$127.49 ,$116.39 ,$100.22 ,$48.07 ,$80.69 ,$39.74 ,$47.27 ,$26.15 ,$16.91 ,$69.29 ,$153.98 ,$16.87 ,$304.15 ,$53.02 ,$100.99 ,$87.01 ,$789.99 ,$166.02 ,$184.86 ,"$1,131.31 ",$153.85 ,$347.82 ,$572.36 ,$486.91 ,$179.24 ,$595.95 ,$353.77 ,$291.14 ,$301.69 ,$204.03 
10/28/25,$217.59 ,$35.68 ,$280.40 ,$83.57 ,$93.91 ,$125.65 ,$115.11 ,$98.55 ,$47.70 ,$79.82 ,$39.52 ,$47.09 ,$26.08 ,$16.99 ,$69.10 ,$152.54 ,$16.90 ,$305.36 ,$52.87 ,$101.39 ,$86.90 ,$792.09 ,$165.21 ,$182.84 ,"$1,124.95 ",$151.69 ,$346.90 ,$565.93 ,$485.77 ,$178.67 ,$595.05 ,$346.68 ,$287.38 ,$299.14 ,$207.62 
10/29/25,$216.37 ,$35.30 ,$279.53 ,$81.76 ,$93.51 ,$124.29 ,$122.11 ,$97.00 ,$47.20 ,$79.69 ,$38.95 ,$46.67 ,$25.90 ,$16.93 ,$67.20 ,$151.38 ,$17.01 ,$305.51 ,$52.58 ,$99.12 ,$86.00 ,$783.06 ,$164.03 ,$181.02 ,"$1,098.00 ",$148.92 ,$341.28 ,$554.58 ,$485.33 ,$176.36 ,$584.99 ,$343.48 ,$286.87 ,$298.42 ,$213.69 
10/30/25,$218.83 ,$35.64 ,$281.62 ,$81.64 ,$95.07 ,$125.21 ,$121.89 ,$98.19 ,$47.07 ,$81.59 ,$38.91 ,$46.98 ,$26.08 ,$16.77 ,$66.72 ,$151.52 ,$16.45 ,$309.44 ,$53.03 ,$100.22 ,$85.99 ,$790.16 ,$165.26 ,$182.32 ,"$1,098.05 ",$148.39 ,$345.03 ,$553.68 ,$489.72 ,$177.42 ,$578.60 ,$344.66 ,$295.90 ,$319.07 ,$213.80 
10/31/25,$220.37 ,$36.02 ,$283.38 ,$81.40 ,$94.04 ,$124.30 ,$120.26 ,$97.41 ,$46.12 ,$81.17 ,$38.24 ,$46.62 ,$26.19 ,$16.83 ,$67.00 ,$154.04 ,$16.30 ,$311.12 ,$53.45 ,$101.23 ,$86.97 ,$789.37 ,$164.00 ,$182.55 ,"$1,082.81 ",$146.64 ,$340.74 ,$551.99 ,$491.88 ,$178.50 ,$583.45 ,$344.90 ,$289.10 ,$322.02 ,$213.61 
11/3/25,$218.82 ,$35.83 ,$282.17 ,$81.78 ,$93.15 ,$123.67 ,$119.92 ,$96.64 ,$46.20 ,$81.26 ,$38.42 ,$46.62 ,$26.08 ,$16.83 ,$65.36 ,$156.09 ,$16.43 ,$309.35 ,$53.56 ,$101.61 ,$87.30 ,$785.52 ,$163.65 ,$182.74 ,"$1,068.83 ",$144.42 ,$336.90 ,$544.07 ,$487.94 ,$177.04 ,$575.41 ,$341.87 ,$288.59 ,$317.54 ,$215.86 
11/4/25,$220.91 ,$35.84 ,$283.80 ,$81.69 ,$92.73 ,$123.83 ,$120.30 ,$97.96 ,$46.38 ,$81.59 ,$38.74 ,$46.39 ,$25.84 ,$16.55 ,$64.31 ,$154.57 ,$16.36 ,$309.25 ,$53.54 ,$101.01 ,$87.13 ,$790.83 ,$164.01 ,$182.95 ,"$1,059.91 ",$142.85 ,$340.30 ,$552.75 ,$484.98 ,$175.61 ,$577.14 ,$343.47 ,$291.12 ,$315.90 ,$200.39 
11/5/25,$217.38 ,$35.32 ,$280.77 ,$82.14 ,$91.41 ,$123.77 ,$119.76 ,$96.11 ,$46.15 ,$81.19 ,$38.86 ,$46.56 ,$25.92 ,$16.91 ,$66.27 ,$162.69 ,$16.42 ,$311.68 ,$52.45 ,$101.69 ,$86.95 ,$793.09 ,$165.18 ,$184.15 ,"$1,073.57 ",$144.32 ,$340.04 ,$553.31 ,$473.14 ,$174.00 ,$570.50 ,$342.91 ,$287.10 ,$306.68 ,$198.12 
11/6/25,$217.99 ,$35.16 ,$282.10 ,$82.00 ,$90.90 ,$124.00 ,$119.53 ,$96.99 ,$45.71 ,$80.54 ,$38.99 ,$46.88 ,$26.12 ,$16.87 ,$67.81 ,$169.88 ,$16.63 ,$313.42 ,$53.29 ,$100.85 ,$86.04 ,$787.58 ,$163.42 ,$182.92 ,"$1,069.44 ",$143.43 ,$336.96 ,$553.28 ,$468.92 ,$175.10 ,$571.96 ,$340.30 ,$285.02 ,$305.43 ,$193.93 
11/7/25,$221.48 ,$35.34 ,$284.25 ,$83.93 ,$91.44 ,$123.66 ,$121.43 ,$98.52 ,$46.21 ,$80.91 ,$39.41 ,$47.71 ,$26.55 ,$16.45 ,$68.12 ,$172.06 ,$16.67 ,$314.21 ,$53.20 ,$100.79 ,$86.04 ,$786.34 ,$162.36 ,$184.20 ,"$1,082.20 ",$145.94 ,$336.02 ,$551.97 ,$458.35 ,$176.97 ,$568.61 ,$346.34 ,$290.66 ,$309.56 ,$193.55 
11/10/25,$223.88 ,$35.12 ,$286.92 ,$84.77 ,$90.76 ,$122.93 ,$122.56 ,$98.24 ,$45.46 ,$80.40 ,$39.48 ,$47.92 ,$27.06 ,$16.69 ,$67.90 ,$169.48 ,$16.72 ,$316.89 ,$53.42 ,$101.49 ,$86.10 ,$797.20 ,$165.05 ,$185.09 ,"$1,082.63 ",$144.30 ,$334.85 ,$552.96 ,$452.10 ,$179.03 ,$562.98 ,$349.49 ,$297.00 ,$318.66 ,$198.79 
11/11/25,$224.80 ,$34.98 ,$287.57 ,$85.76 ,$91.14 ,$123.67 ,$122.73 ,$99.59 ,$45.44 ,$81.16 ,$39.69 ,$48.29 ,$26.94 ,$16.70 ,$69.09 ,$173.23 ,$16.51 ,$315.62 ,$53.63 ,$100.76 ,$86.19 ,$810.31 ,$166.50 ,$184.82 ,"$1,085.76 ",$144.98 ,$338.92 ,$558.35 ,$457.07 ,$179.22 ,$566.74 ,$352.42 ,$301.68 ,$324.19 ,$195.65 
11/12/25,$223.55 ,$35.39 ,$286.49 ,$85.89 ,$91.89 ,$123.90 ,$122.68 ,$100.19 ,$45.93 ,$80.72 ,$39.58 ,$48.71 ,$27.01 ,$16.58 ,$68.90 ,$170.58 ,$16.56 ,$320.41 ,$54.11 ,$102.87 ,$86.26 ,$838.97 ,$169.92 ,$186.91 ,"$1,093.93 ",$144.36 ,$338.88 ,$561.23 ,$457.04 ,$177.69 ,$558.57 ,$349.45 ,$300.24 ,$317.89 ,$196.77 
11/13/25,$221.48 ,$34.88 ,$283.53 ,$83.99 ,$91.17 ,$123.59 ,$121.48 ,$100.95 ,$45.45 ,$80.14 ,$39.58 ,$48.26 ,$26.89 ,$16.63 ,$69.44 ,$169.71 ,,$309.48 ,$52.87 ,$100.67 ,$84.70 ,$805.50 ,$165.61 ,$183.99 ,"$1,069.65 ",$139.53 ,$336.08 ,$555.57 ,$455.85 ,$173.96 ,$558.00 ,$344.06 ,$288.37 ,$312.67 ,$177.88 