Date,UNP,CSX,NSC,NEE,SO,DUK,AEP,ED,EXC,XEL,CNP,ENB,KMI,ET,OKE,TRGP,PAA,JPM,BAC,C,WFC,GS,MS,PNC,BLK,BX,V,MA,LMT,RTX,NOC,GD,LHX,HII,BWXT
11/13/20, 203.44 , 30.20 , 239.26 , 77.19 , 63.90 , 94.98 , 89.87 , 81.63 , 30.58 , 74.08 , 24.25 , 28.43 , 13.13 , 5.36 , 31.66 , 20.53 , 7.66 , 114.08 , 27.00 , 48.66 , 24.07 , 219.08 , 56.61 , 122.78 , 669.77 , 56.16 , 210.48 , 335.03 , 375.14 , 66.15 , 311.71 , 151.15 , 194.30 , 164.01 , 56.37 
11/16/20, 206.71 , 31.00 , 246.77 , 77.75 , 64.12 , 95.01 , 89.21 , 82.71 , 30.90 , 74.71 , 25.09 , 28.99 , 13.67 , 5.44 , 32.35 , 21.58 , 8.16 , 117.30 , 27.58 , 50.40 , 24.90 , 222.38 , 58.11 , 126.29 , 676.43 , 57.09 , 212.70 , 335.45 , 377.13 , 68.66 , 312.73 , 152.93 , 200.00 , 163.26 , 56.53 
11/17/20, 205.85 , 30.83 , 245.64 , 76.61 , 62.36 , 92.92 , 86.73 , 79.25 , 30.71 , 72.63 , 25.17 , 29.68 , 14.03 , 5.63 , 33.31 , 22.65 , 8.36 , 116.11 , 27.55 , 50.73 , 25.04 , 224.65 , 58.81 , 126.89 , 667.49 , 57.69 , 210.71 , 336.50 , 375.90 , 68.87 , 312.63 , 151.47 , 198.43 , 162.82 , 56.67 
11/18/20, 204.03 , 30.44 , 241.87 , 75.79 , 61.78 , 91.53 , 84.13 , 77.69 , 30.45 , 70.50 , 23.75 , 29.08 , 13.76 , 5.65 , 32.31 , 22.68 , 8.19 , 115.25 , 26.98 , 51.05 , 25.06 , 224.30 , 58.81 , 129.30 , 669.89 , 57.81 , 207.83 , 335.94 , 377.56 , 69.51 , 310.60 , 153.50 , 196.35 , 163.02 , 56.96 
11/19/20, 204.55 , 30.57 , 242.10 , 75.13 , 61.07 , 91.70 , 82.45 , 77.10 , 30.20 , 69.35 , 23.43 , 29.14 , 14.40 , 6.12 , 33.30 , 23.24 , 8.26 , 115.56 , 26.98 , 52.14 , 26.16 , 224.57 , 58.63 , 130.30 , 673.48 , 58.64 , 207.57 , 333.88 , 376.46 , 71.11 , 309.48 , 149.99 , 195.76 , 162.21 , 57.01 
11/20/20, 203.39 , 30.51 , 240.80 , 75.55 , 60.88 , 92.58 , 82.49 , 77.39 , 29.86 , 69.31 , 23.46 , 29.25 , 14.25 , 6.08 , 32.96 , 23.08 , 7.93 , 114.57 , 26.81 , 51.65 , 25.48 , 223.35 , 57.81 , 128.90 , 672.71 , 58.65 , 203.88 , 323.00 , 368.02 , 69.76 , 306.42 , 148.36 , 191.50 , 158.74 , 55.89 
11/23/20, 207.39 , 30.69 , 242.85 , 74.57 , 60.45 , 93.33 , 83.41 , 77.57 , 29.64 , 68.36 , 23.98 , 29.94 , 14.62 , 6.43 , 35.18 , 24.76 , 8.51 , 117.87 , 27.39 , 53.30 , 26.30 , 228.83 , 60.27 , 133.65 , 682.87 , 59.11 , 208.16 , 332.04 , 370.85 , 72.64 , 306.49 , 150.02 , 194.10 , 165.11 , 57.05 
11/24/20, 208.70 , 30.97 , 242.52 , 74.98 , 61.19 , 96.26 , 84.82 , 78.38 , 30.48 , 68.14 , 24.36 , 31.32 , 14.97 , 6.71 , 37.66 , 25.20 , 8.66 , 123.32 , 28.98 , 57.06 , 28.61 , 237.50 , 63.60 , 140.11 , 699.30 , 59.83 , 209.68 , 342.39 , 378.48 , 74.36 , 309.98 , 153.67 , 195.83 , 170.87 , 58.64 
11/25/20, 207.24 , 30.75 , 241.46 , 75.97 , 60.89 , 96.15 , 85.37 , 78.66 , 30.11 , 68.11 , 24.51 , 31.82 , 14.85 , 6.49 , 37.54 , 24.98 , 8.63 , 122.03 , 29.03 , 57.06 , 28.59 , 236.54 , 63.48 , 140.65 , 703.61 , 60.48 , 210.89 , 341.32 , 378.34 , 73.81 , 312.26 , 152.04 , 194.98 , 165.53 , 58.11 
11/27/20, 205.64 , 30.43 , 242.72 , 75.13 , 60.65 , 94.60 , 84.92 , 77.77 , 29.76 , 67.62 , 24.07 , 31.86 , 14.75 , 6.36 , 37.23 , 24.50 , 8.28 , 121.22 , 28.99 , 56.67 , 28.46 , 235.40 , 63.84 , 139.79 , 715.11 , 60.53 , 211.00 , 339.07 , 374.34 , 73.91 , 306.03 , 152.06 , 194.47 , 164.53 , 57.56 
11/30/20, 204.08 , 30.02 , 237.02 , 73.59 , 59.85 , 92.66 , 84.89 , 76.25 , 29.29 , 67.36 , 23.19 , 31.21 , 14.38 , 6.18 , 35.87 , 23.50 , 7.94 , 117.88 , 28.16 , 55.07 , 27.35 , 230.58 , 61.83 , 138.07 , 698.35 , 59.55 , 210.35 , 336.51 , 365.00 , 71.72 , 302.26 , 149.35 , 191.99 , 160.19 , 56.88 
12/1/20, 202.40 , 30.21 , 238.75 , 74.15 , 60.57 , 93.26 , 85.21 , 76.91 , 29.41 , 68.41 , 22.83 , 31.34 , 14.10 , 6.17 , 36.47 , 23.61 , 8.10 , 119.74 , 28.69 , 55.47 , 28.06 , 232.08 , 63.28 , 140.72 , 715.23 , 60.42 , 211.20 , 338.88 , 364.99 , 71.23 , 301.10 , 151.76 , 191.84 , 164.42 , 56.94 
12/2/20, 203.56 , 30.23 , 239.67 , 74.31 , 61.88 , 93.87 , 85.87 , 77.03 , 29.64 , 68.68 , 22.93 , 32.17 , 14.34 , 6.33 , 37.47 , 24.17 , 8.30 , 122.04 , 29.06 , 57.20 , 28.87 , 237.65 , 64.02 , 141.38 , 718.36 , 61.60 , 210.18 , 340.22 , 361.36 , 71.94 , 298.77 , 153.35 , 191.54 , 163.17 , 56.71 
12/3/20, 202.26 , 30.14 , 237.15 , 73.35 , 61.88 , 92.35 , 84.74 , 75.91 , 29.27 , 67.31 , 22.79 , 32.73 , 14.49 , 6.55 , 38.49 , 24.90 , 9.00 , 121.24 , 28.91 , 56.58 , 29.16 , 235.47 , 64.06 , 141.25 , 715.42 , 61.40 , 208.05 , 335.14 , 362.03 , 73.29 , 303.43 , 153.88 , 192.70 , 163.73 , 56.74 
12/4/20, 206.05 , 30.62 , 240.19 , 72.52 , 61.52 , 91.15 , 83.39 , 75.31 , 29.19 , 65.75 , 22.86 , 33.38 , 14.93 , 6.93 , 40.63 , 26.52 , 9.68 , 122.34 , 29.29 , 58.62 , 29.55 , 239.58 , 65.00 , 142.53 , 703.47 , 62.04 , 212.68 , 344.35 , 366.61 , 73.91 , 307.23 , 156.04 , 195.04 , 167.69 , 57.64 
12/7/20, 204.99 , 30.68 , 239.06 , 73.27 , 61.73 , 91.87 , 83.84 , 74.84 , 29.37 , 66.61 , 23.14 , 33.28 , 14.80 , 6.70 , 40.31 , 25.72 , 9.35 , 121.88 , 29.09 , 58.13 , 29.34 , 238.45 , 64.26 , 141.81 , 709.49 , 61.98 , 212.65 , 340.96 , 362.13 , 73.04 , 301.00 , 153.00 , 191.63 , 170.04 , 58.61 
12/8/20, 205.21 , 30.50 , 238.67 , 73.68 , 61.00 , 91.51 , 83.49 , 74.56 , 29.46 , 66.04 , 22.50 , 33.42 , 14.76 , 6.74 , 40.79 , 26.27 , 9.04 , 122.00 , 28.93 , 58.36 , 28.94 , 238.84 , 63.91 , 141.43 , 713.92 , 62.45 , 212.77 , 340.79 , 359.23 , 74.48 , 301.96 , 153.57 , 189.25 , 171.59 , 60.14 
12/9/20, 205.88 , 30.58 , 240.86 , 73.67 , 60.77 , 91.39 , 83.60 , 74.24 , 29.30 , 65.56 , 22.23 , 33.55 , 14.61 , 6.49 , 40.22 , 26.00 , 8.69 , 121.05 , 28.80 , 58.95 , 29.05 , 242.82 , 64.37 , 143.28 , 701.68 , 62.39 , 209.58 , 336.85 , 361.35 , 73.54 , 303.73 , 154.14 , 188.30 , 173.44 , 60.62 
12/10/20, 202.52 , 30.00 , 236.50 , 73.28 , 60.50 , 91.76 , 82.48 , 73.35 , 29.38 , 65.18 , 21.80 , 34.23 , 14.79 , 6.82 , 41.75 , 28.06 , 8.86 , 120.27 , 29.11 , 60.50 , 29.49 , 244.40 , 64.44 , 143.99 , 698.41 , 62.85 , 207.61 , 331.52 , 355.39 , 72.98 , 298.43 , 150.37 , 187.50 , 174.46 , 62.10 
12/11/20, 203.06 , 30.14 , 235.25 , 73.80 , 60.42 , 91.54 , 82.76 , 73.16 , 29.37 , 65.00 , 21.75 , 34.10 , 14.75 , 7.01 , 41.57 , 28.25 , 8.76 , 119.56 , 28.57 , 58.93 , 29.08 , 239.99 , 63.32 , 143.66 , 695.20 , 63.84 , 206.24 , 327.42 , 361.71 , 72.89 , 300.57 , 151.33 , 189.18 , 177.70 , 62.60 
12/14/20, 198.00 , 29.64 , 229.25 , 73.55 , 59.66 , 91.13 , 82.21 , 72.41 , 29.28 , 65.04 , 21.64 , 33.35 , 14.31 , 6.95 , 40.14 , 27.44 , 8.59 , 118.30 , 28.22 , 58.74 , 28.64 , 237.79 , 61.88 , 141.79 , 683.92 , 63.11 , 207.25 , 331.15 , 357.66 , 70.80 , 298.00 , 153.34 , 189.95 , 174.98 , 61.10 
12/15/20, 200.30 , 30.07 , 229.80 , 74.91 , 60.86 , 92.11 , 84.29 , 73.00 , 30.46 , 66.02 , 22.24 , 33.71 , 14.77 , 6.99 , 41.31 , 28.18 , 8.90 , 120.32 , 28.64 , 59.67 , 29.73 , 242.43 , 63.95 , 143.15 , 698.18 , 65.14 , 208.36 , 333.65 , 357.57 , 71.04 , 298.51 , 154.60 , 188.32 , 176.07 , 62.13 
12/16/20, 198.85 , 29.70 , 228.70 , 74.44 , 60.43 , 90.61 , 82.83 , 71.75 , 30.26 , 65.59 , 21.87 , 33.27 , 14.60 , 6.87 , 40.65 , 28.28 , 8.77 , 120.67 , 28.72 , 59.75 , 29.65 , 243.77 , 64.23 , 145.25 , 698.37 , 64.93 , 208.27 , 332.10 , 354.57 , 70.57 , 302.01 , 153.40 , 186.13 , 174.62 , 61.03 
12/17/20, 202.20 , 30.18 , 230.69 , 75.06 , 61.07 , 91.52 , 83.86 , 71.62 , 30.41 , 67.01 , 21.88 , 33.14 , 14.30 , 6.88 , 40.73 , 27.75 , 8.78 , 119.67 , 28.83 , 60.05 , 29.47 , 244.43 , 64.67 , 145.02 , 706.01 , 65.34 , 211.18 , 336.90 , 352.60 , 70.64 , 300.68 , 151.59 , 185.71 , 170.47 , 60.52 
12/18/20, 203.60 , 30.22 , 232.39 , 74.51 , 60.14 , 90.32 , 83.29 , 71.15 , 30.36 , 66.10 , 21.87 , 32.79 , 14.21 , 6.78 , 39.87 , 26.95 , 8.76 , 119.08 , 28.67 , 59.06 , 29.01 , 242.13 , 64.18 , 144.91 , 698.80 , 64.60 , 211.31 , 340.33 , 356.03 , 70.17 , 303.13 , 152.67 , 187.21 , 169.62 , 60.16 
12/21/20, 202.49 , 29.90 , 230.14 , 74.40 , 60.00 , 89.10 , 82.12 , 69.95 , 29.60 , 65.39 , 21.05 , 32.33 , 13.99 , 6.60 , 39.39 , 27.08 , 8.57 , 123.55 , 29.74 , 61.23 , 29.55 , 256.98 , 67.83 , 144.60 , 698.83 , 64.45 , 209.01 , 334.37 , 349.35 , 69.67 , 297.61 , 149.67 , 185.04 , 165.27 , 59.48 
12/22/20, 201.52 , 29.85 , 230.50 , 74.71 , 59.72 , 89.53 , 81.40 , 69.65 , 29.78 , 64.83 , 20.82 , 31.90 , 13.78 , 6.46 , 38.63 , 26.66 , 8.78 , 121.67 , 29.21 , 59.26 , 28.96 , 250.09 , 66.64 , 143.73 , 693.52 , 64.84 , 205.84 , 332.24 , 347.92 , 69.25 , 296.32 , 146.50 , 184.11 , 163.63 , 59.00 
12/23/20, 201.17 , 29.89 , 233.12 , 74.33 , 59.38 , 89.04 , 80.71 , 70.07 , 29.74 , 64.31 , 21.50 , 32.10 , 13.83 , 6.52 , 38.80 , 26.85 , 8.98 , 125.07 , 30.05 , 60.78 , 30.35 , 256.45 , 68.21 , 146.70 , 703.64 , 65.05 , 205.30 , 329.23 , 351.60 , 70.72 , 300.66 , 148.15 , 185.85 , 166.55 , 61.20 
12/24/20, 203.39 , 30.02 , 234.39 , 74.98 , 59.80 , 89.67 , 81.42 , 70.44 , 29.83 , 64.63 , 21.58 , 32.19 , 13.83 , 6.44 , 38.80 , 26.55 , 8.85 , 124.52 , 29.96 , 60.57 , 29.84 , 256.16 , 68.09 , 146.15 , 707.18 , 64.99 , 208.70 , 336.00 , 351.97 , 70.27 , 299.60 , 149.01 , 185.16 , 165.40 , 60.14 
12/28/20, 205.65 , 30.21 , 236.71 , 75.49 , 59.99 , 90.25 , 81.28 , 71.26 , 30.10 , 65.32 , 21.41 , 31.80 , 13.64 , 6.23 , 38.41 , 25.73 , 8.65 , 125.34 , 30.13 , 61.13 , 29.93 , 259.59 , 68.05 , 146.54 , 710.18 , 64.67 , 212.63 , 344.47 , 354.18 , 70.63 , 303.02 , 148.72 , 187.32 , 166.89 , 60.31 
12/29/20, 204.42 , 29.78 , 233.99 , 75.33 , 60.07 , 89.86 , 81.18 , 70.76 , 29.83 , 65.42 , 21.30 , 31.83 , 13.57 , 6.20 , 38.13 , 26.12 , 8.54 , 125.01 , 30.01 , 60.91 , 29.78 , 258.01 , 67.71 , 144.87 , 706.28 , 64.54 , 214.37 , 346.66 , 353.90 , 70.34 , 300.99 , 147.55 , 186.29 , 166.58 , 59.64 
12/30/20, 205.98 , 30.11 , 235.98 , 75.91 , 60.61 , 90.56 , 81.51 , 71.02 , 29.90 , 65.65 , 21.42 , 31.97 , 13.57 , 6.16 , 38.12 , 26.18 , 8.37 , 125.36 , 29.98 , 60.86 , 29.75 , 259.45 , 67.84 , 146.89 , 708.94 , 64.70 , 218.36 , 355.55 , 354.16 , 71.36 , 302.61 , 148.30 , 187.65 , 168.54 , 60.16 
12/31/20, 208.22 , 30.25 , 237.61 , 77.15 , 61.43 , 91.56 , 83.27 , 72.27 , 30.11 , 66.67 , 21.64 , 31.99 , 13.67 , 6.18 , 38.38 , 26.38 , 8.24 , 127.07 , 30.31 , 61.66 , 30.18 , 263.71 , 68.53 , 149.00 , 721.54 , 64.81 , 218.73 , 356.94 , 354.98 , 71.51 , 304.72 , 148.82 , 189.02 , 170.48 , 60.28 
1/4/21, 203.01 , 29.33 , 233.44 , 74.22 , 59.36 , 89.71 , 81.54 , 70.66 , 29.36 , 65.66 , 21.34 , 31.97 , 13.56 , 6.10 , 37.50 , 26.16 , 8.20 , 125.87 , 30.03 , 60.14 , 29.70 , 265.00 , 68.33 , 149.15 , 710.82 , 63.00 , 217.76 , 351.49 , 344.64 , 68.43 , 294.76 , 145.94 , 180.44 , 164.05 , 58.95 
1/5/21, 205.50 , 29.83 , 235.71 , 74.77 , 59.75 , 89.75 , 81.43 , 69.87 , 29.31 , 65.02 , 21.57 , 33.34 , 13.90 , 6.46 , 39.38 , 27.78 , 8.69 , 125.65 , 30.26 , 61.70 , 30.53 , 270.93 , 69.49 , 148.36 , 714.58 , 62.81 , 214.51 , 347.42 , 348.79 , 69.42 , 296.59 , 146.01 , 182.35 , 165.56 , 59.22 
1/6/21, 209.80 , 30.62 , 243.35 , 78.43 , 61.21 , 90.91 , 82.08 , 71.36 , 30.27 , 66.46 , 21.95 , 32.98 , 14.36 , 6.62 , 39.83 , 28.55 , 9.16 , 131.55 , 32.15 , 65.25 , 32.69 , 285.55 , 73.68 , 156.51 , 734.96 , 61.66 , 212.62 , 347.55 , 348.03 , 70.28 , 299.14 , 149.74 , 182.77 , 170.98 , 61.00 
1/7/21, 212.72 , 31.34 , 249.85 , 79.29 , 61.14 , 89.89 , 79.89 , 69.91 , 29.97 , 65.16 , 20.88 , 33.70 , 14.60 , 6.65 , 40.70 , 30.47 , 9.63 , 135.87 , 32.86 , 66.02 , 33.43 , 291.65 , 74.94 , 159.00 , 750.42 , 63.23 , 213.81 , 349.86 , 342.55 , 69.78 , 292.58 , 151.72 , 181.25 , 169.74 , 58.91 
1/8/21, 218.82 , 31.95 , 254.04 , 81.13 , 61.57 , 90.05 , 79.18 , 69.93 , 30.10 , 65.76 , 20.71 , 33.35 , 14.49 , 6.73 , 39.93 , 29.20 , 9.44 , 136.02 , 32.53 , 65.37 , 33.19 , 290.08 , 75.25 , 158.19 , 756.45 , 62.90 , 215.45 , 353.85 , 336.10 , 69.86 , 288.33 , 150.77 , 180.70 , 169.09 , 59.23 
1/11/21, 217.35 , 32.00 , 254.37 , 79.69 , 61.21 , 89.29 , 78.78 , 68.73 , 29.85 , 64.40 , 20.79 , 33.24 , 14.74 , 6.83 , 41.23 , 29.21 , 9.53 , 138.05 , 33.07 , 66.44 , 33.24 , 293.83 , 76.06 , 159.38 , 766.68 , 62.69 , 212.89 , 348.20 , 337.68 , 69.80 , 294.74 , 151.78 , 183.49 , 169.20 , 59.80 
1/12/21, 218.64 , 31.96 , 256.44 , 79.75 , 58.82 , 88.93 , 77.84 , 67.92 , 30.01 , 63.40 , 20.70 , 33.72 , 15.21 , 7.14 , 43.51 , 31.01 , 10.18 , 140.22 , 33.66 , 66.67 , 33.94 , 302.21 , 75.80 , 161.73 , 777.74 , 62.58 , 208.86 , 342.92 , 341.85 , 71.52 , 297.54 , 153.50 , 184.98 , 172.21 , 60.33 
1/13/21, 216.61 , 31.55 , 254.48 , 81.84 , 59.71 , 91.56 , 78.15 , 69.61 , 30.52 , 65.01 , 20.82 , 34.60 , 15.31 , 7.24 , 43.71 , 30.69 , 10.27 , 140.35 , 33.46 , 66.86 , 33.80 , 302.94 , 75.56 , 159.10 , 779.75 , 63.97 , 209.35 , 346.33 , 345.49 , 70.50 , 299.46 , 152.63 , 186.73 , 171.30 , 60.09 
1/14/21, 216.16 , 31.16 , 252.46 , 82.53 , 59.04 , 91.66 , 78.83 , 68.46 , 30.36 , 63.56 , 20.85 , 35.60 , 15.64 , 7.13 , 44.76 , 31.07 , 10.52 , 141.17 , 33.99 , 69.01 , 34.75 , 307.87 , 76.47 , 161.50 , 743.50 , 63.50 , 201.86 , 326.93 , 347.44 , 70.94 , 303.02 , 154.09 , 190.77 , 172.02 , 61.22 
1/15/21, 216.60 , 31.14 , 252.95 , 82.04 , 59.66 , 92.11 , 80.47 , 69.60 , 30.92 , 64.96 , 21.46 , 35.26 , 15.49 , 7.01 , 44.17 , 30.03 , 10.33 , 138.64 , 33.01 , 64.23 , 32.04 , 301.01 , 75.24 , 154.78 , 727.76 , 63.35 , 201.59 , 323.26 , 347.27 , 69.20 , 300.75 , 153.17 , 188.58 , 171.47 , 59.85 
1/19/21, 215.28 , 30.89 , 249.84 , 82.81 , 61.06 , 90.38 , 80.71 , 69.48 , 30.53 , 64.71 , 21.69 , 35.08 , 15.55 , 6.85 , 44.11 , 30.08 , 10.17 , 138.04 , 32.77 , 63.69 , 32.63 , 294.20 , 74.99 , 156.00 , 733.65 , 64.41 , 201.66 , 325.94 , 341.50 , 69.36 , 298.02 , 153.13 , 190.10 , 170.57 , 59.99 
1/20/21, 218.18 , 31.07 , 253.43 , 84.05 , 60.65 , 90.78 , 80.75 , 69.94 , 30.70 , 65.43 , 21.48 , 35.56 , 15.59 , 6.83 , 44.01 , 29.77 , 9.91 , 135.97 , 32.34 , 63.25 , 32.46 , 290.47 , 74.84 , 156.26 , 741.54 , 65.22 , 206.01 , 334.91 , 341.67 , 68.84 , 298.78 , 154.03 , 188.38 , 168.46 , 58.88 
1/21/21, 207.90 , 30.54 , 245.36 , 83.71 , 59.88 , 90.18 , 80.97 , 69.15 , 30.68 , 65.11 , 21.69 , 35.05 , 15.26 , 6.62 , 42.87 , 28.77 , 9.12 , 134.83 , 31.77 , 61.87 , 32.00 , 289.37 , 74.70 , 153.69 , 742.20 , 65.69 , 205.14 , 334.44 , 339.67 , 68.11 , 296.87 , 151.06 , 183.13 , 166.89 , 58.31 
1/22/21, 207.13 , 29.21 , 244.22 , 84.21 , 60.14 , 90.29 , 82.08 , 68.83 , 30.33 , 64.76 , 21.44 , 34.66 , 15.32 , 6.50 , 42.84 , 28.77 , 9.10 , 133.79 , 31.55 , 61.33 , 31.90 , 289.39 , 74.13 , 152.57 , 735.05 , 65.03 , 202.02 , 328.99 , 339.88 , 67.58 , 298.16 , 152.77 , 183.80 , 167.64 , 58.18 
1/25/21, 206.46 , 29.29 , 245.96 , 86.87 , 61.02 , 92.91 , 82.59 , 70.64 , 30.91 , 66.50 , 21.67 , 34.58 , 15.26 , 6.57 , 42.23 , 27.97 , 9.03 , 132.12 , 31.16 , 60.56 , 32.24 , 283.04 , 72.38 , 150.47 , 722.98 , 64.98 , 200.98 , 329.19 , 343.51 , 66.28 , 299.35 , 153.16 , 185.23 , 166.51 , 57.96 
1/26/21, 200.05 , 28.94 , 238.09 , 85.23 , 59.69 , 92.92 , 81.82 , 70.28 , 30.56 , 65.81 , 21.95 , 34.86 , 15.22 , 6.62 , 42.12 , 27.59 , 8.95 , 131.58 , 30.94 , 60.91 , 31.38 , 281.76 , 71.21 , 148.06 , 721.85 , 64.90 , 202.01 , 327.70 , 330.69 , 67.20 , 293.11 , 150.33 , 179.92 , 160.88 , 57.31 
1/27/21, 194.33 , 27.96 , 235.64 , 80.19 , 58.54 , 91.71 , 80.44 , 71.54 , 29.25 , 63.82 , 20.86 , 33.84 , 14.82 , 6.47 , 40.55 , 26.99 , 8.60 , 127.86 , 29.83 , 59.40 , 30.17 , 273.33 , 68.42 , 144.44 , 697.79 , 65.16 , 194.97 , 315.49 , 332.51 , 65.50 , 292.24 , 152.73 , 179.14 , 163.20 , 54.89 
1/28/21, 201.29 , 28.90 , 241.79 , 82.46 , 59.04 , 91.48 , 80.56 , 70.21 , 29.98 , 63.64 , 21.58 , 34.00 , 14.69 , 6.41 , 42.11 , 28.05 , 8.58 , 130.11 , 30.32 , 60.34 , 30.81 , 275.02 , 69.32 , 147.79 , 719.91 , 67.05 , 198.22 , 324.28 , 327.93 , 68.17 , 293.03 , 150.43 , 176.66 , 161.95 , 55.13 
1/29/21, 197.47 , 28.58 , 236.62 , 80.87 , 58.92 , 94.00 , 80.91 , 70.78 , 29.64 , 63.99 , 21.09 , 33.60 , 14.08 , 6.27 , 39.83 , 27.37 , 8.37 , 128.67 , 29.65 , 57.99 , 29.88 , 271.17 , 67.05 , 143.52 , 701.26 , 67.19 , 193.25 , 316.29 , 321.82 , 66.73 , 286.61 , 146.68 , 171.51 , 157.33 , 53.92 
2/1/21, 198.60 , 29.02 , 239.91 , 81.70 , 59.11 , 93.16 , 81.18 , 70.75 , 30.01 , 63.94 , 21.24 , 33.85 , 14.02 , 6.36 , 40.02 , 28.00 , 8.40 , 129.62 , 29.96 , 58.43 , 29.99 , 274.73 , 67.67 , 145.86 , 713.17 , 69.33 , 198.36 , 321.56 , 324.03 , 66.96 , 292.31 , 147.67 , 173.56 , 157.77 , 54.94 
2/2/21, 205.93 , 29.88 , 246.35 , 82.93 , 59.64 , 93.10 , 82.11 , 70.26 , 30.56 , 64.20 , 21.50 , 34.45 , 13.81 , 6.53 , 41.21 , 29.21 , 8.59 , 133.61 , 31.03 , 59.58 , 30.75 , 286.97 , 70.95 , 150.40 , 729.50 , 70.99 , 202.61 , 334.37 , 332.70 , 70.14 , 300.00 , 149.82 , 180.54 , 159.62 , 56.03 
2/3/21, 204.36 , 29.77 , 246.25 , 83.05 , 59.45 , 93.39 , 81.28 , 70.51 , 30.29 , 63.18 , 21.15 , 34.85 , 14.24 , 6.67 , 42.48 , 30.03 , 8.60 , 135.14 , 31.58 , 61.10 , 31.70 , 288.55 , 70.60 , 152.20 , 724.08 , 69.95 , 201.36 , 332.82 , 332.39 , 70.58 , 300.74 , 153.08 , 179.51 , 161.20 , 55.44 
2/4/21, 204.45 , 29.47 , 245.57 , 83.00 , 60.34 , 94.35 , 82.21 , 70.59 , 31.14 , 63.59 , 21.43 , 35.27 , 14.03 , 6.75 , 42.46 , 29.81 , 8.86 , 138.25 , 32.50 , 62.41 , 32.66 , 293.75 , 72.29 , 156.68 , 732.45 , 70.99 , 209.25 , 340.83 , 337.23 , 72.68 , 301.85 , 157.53 , 184.90 , 161.25 , 56.45 
2/5/21, 204.20 , 29.52 , 245.66 , 83.60 , 60.88 , 94.74 , 82.19 , 71.50 , 31.15 , 63.44 , 21.40 , 35.17 , 14.15 , 6.72 , 42.84 , 30.23 , 8.93 , 137.98 , 32.37 , 62.58 , 32.56 , 293.50 , 73.22 , 156.94 , 726.33 , 70.84 , 208.77 , 338.75 , 337.04 , 72.33 , 298.79 , 158.82 , 182.83 , 163.90 , 56.11 
2/8/21, 204.12 , 29.09 , 243.80 , 83.40 , 60.73 , 93.60 , 80.98 , 71.28 , 31.19 , 62.25 , 21.03 , 35.81 , 14.73 , 7.06 , 43.43 , 31.26 , 9.27 , 140.14 , 33.09 , 63.65 , 33.40 , 300.15 , 74.23 , 158.79 , 726.45 , 70.55 , 206.89 , 337.03 , 337.84 , 72.49 , 300.13 , 159.64 , 186.27 , 165.02 , 56.99 
2/9/21, 204.65 , 29.49 , 245.82 , 83.83 , 60.64 , 93.32 , 79.84 , 71.35 , 31.07 , 62.12 , 21.28 , 35.73 , 14.57 , 6.78 , 43.36 , 30.31 , 9.28 , 139.58 , 32.95 , 63.12 , 33.26 , 300.46 , 74.24 , 158.14 , 728.80 , 70.89 , 206.52 , 333.44 , 342.34 , 73.04 , 303.78 , 162.14 , 186.17 , 167.22 , 56.71 
2/10/21, 203.50 , 29.39 , 245.29 , 83.91 , 60.93 , 93.70 , 80.01 , 72.31 , 30.89 , 62.28 , 21.46 , 36.08 , 14.79 , 6.83 , 44.75 , 31.05 , 8.39 , 139.66 , 32.98 , 63.62 , 33.20 , 304.28 , 74.33 , 160.11 , 723.17 , 70.86 , 206.44 , 334.21 , 342.19 , 72.47 , 303.63 , 163.13 , 187.52 , 167.77 , 57.10 
2/11/21, 207.23 , 29.58 , 248.91 , 83.95 , 61.29 , 90.42 , 78.95 , 71.82 , 30.48 , 61.57 , 21.25 , 35.08 , 14.69 , 6.78 , 44.28 , 30.42 , 8.25 , 139.27 , 32.88 , 63.20 , 32.72 , 302.32 , 73.72 , 159.31 , 721.43 , 70.66 , 210.66 , 342.87 , 339.14 , 72.33 , 299.63 , 163.45 , 187.50 , 170.53 , 58.56 
2/12/21, 213.16 , 30.05 , 254.84 , 83.13 , 60.10 , 89.82 , 78.61 , 71.06 , 30.10 , 61.54 , 21.38 , 34.57 , 14.84 , 6.82 , 45.11 , 30.74 , 8.43 , 141.25 , 33.37 , 63.63 , 33.53 , 306.32 , 74.61 , 162.27 , 722.98 , 70.21 , 209.96 , 341.00 , 337.73 , 72.61 , 297.36 , 164.83 , 185.92 , 176.13 , 59.15 
2/16/21, 213.99 , 30.25 , 256.40 , 81.19 , 59.30 , 88.38 , 78.19 , 70.05 , 29.93 , 60.51 , 21.54 , 34.76 , 15.04 , 6.96 , 45.95 , 31.04 , 8.68 , 144.65 , 34.27 , 64.12 , 34.79 , 311.96 , 76.05 , 169.91 , 730.31 , 70.34 , 207.90 , 341.21 , 335.03 , 72.61 , 290.88 , 163.32 , 184.49 , 175.16 , 59.43 
2/17/21, 211.23 , 30.00 , 253.03 , 80.68 , 59.27 , 89.20 , 78.49 , 70.16 , 30.07 , 60.90 , 21.53 , 34.52 , 15.13 , 6.89 , 45.99 , 30.99 , 8.62 , 145.10 , 34.41 , 64.76 , 36.59 , 312.74 , 75.45 , 167.55 , 721.39 , 69.88 , 207.51 , 337.33 , 337.00 , 73.06 , 297.18 , 164.49 , 188.46 , 178.42 , 59.69 
2/18/21, 207.06 , 30.01 , 251.71 , 80.73 , 59.85 , 89.53 , 80.48 , 70.02 , 30.45 , 62.30 , 21.80 , 34.46 , 14.78 , 6.78 , 44.86 , 29.55 , 8.18 , 145.59 , 34.19 , 63.48 , 36.96 , 309.90 , 74.83 , 166.91 , 703.53 , 69.68 , 209.35 , 338.46 , 337.92 , 72.88 , 297.86 , 163.23 , 189.21 , 178.43 , 58.91 
2/19/21, 209.06 , 30.70 , 258.03 , 78.10 , 59.31 , 88.43 , 79.08 , 68.18 , 29.51 , 62.07 , 21.43 , 34.66 , 14.96 , 7.00 , 45.82 , 29.96 , 8.36 , 148.02 , 34.54 , 65.78 , 37.83 , 315.62 , 76.00 , 170.41 , 710.11 , 69.97 , 204.73 , 333.17 , 335.42 , 74.26 , 297.24 , 164.78 , 189.09 , 182.13 , 58.59 
2/22/21, 206.83 , 30.86 , 260.24 , 75.10 , 59.29 , 88.35 , 76.77 , 67.97 , 28.95 , 60.43 , 20.67 , 35.06 , 15.17 , 7.47 , 46.10 , 30.37 , 8.47 , 149.41 , 35.15 , 65.52 , 37.26 , 316.87 , 77.40 , 170.52 , 703.14 , 69.52 , 208.32 , 340.66 , 340.47 , 73.00 , 297.94 , 166.42 , 188.32 , 190.64 , 57.73 
2/23/21, 206.96 , 30.56 , 257.89 , 74.71 , 58.92 , 89.04 , 78.09 , 67.67 , 29.09 , 61.93 , 20.78 , 35.62 , 15.29 , 7.72 , 45.62 , 31.32 , 8.52 , 150.61 , 35.52 , 66.74 , 37.14 , 319.21 , 77.50 , 173.22 , 703.16 , 69.30 , 212.11 , 350.42 , 346.23 , 73.99 , 298.68 , 167.35 , 187.83 , 186.42 , 57.45 
2/24/21, 211.15 , 31.12 , 261.78 , 73.76 , 58.38 , 87.34 , 77.10 , 66.65 , 28.66 , 60.21 , 20.81 , 35.75 , 15.72 , 8.12 , 46.71 , 32.55 , 8.96 , 153.26 , 36.38 , 68.60 , 38.29 , 330.64 , 79.88 , 178.48 , 712.10 , 69.86 , 219.43 , 367.32 , 346.53 , 77.67 , 301.73 , 168.06 , 191.38 , 188.10 , 60.29 
2/25/21, 208.67 , 30.73 , 254.10 , 74.06 , 57.76 , 87.12 , 76.30 , 67.15 , 27.75 , 59.84 , 19.75 , 34.98 , 15.29 , 8.06 , 45.40 , 31.90 , 8.84 , 151.18 , 35.93 , 67.41 , 37.56 , 327.76 , 78.43 , 173.26 , 694.79 , 68.41 , 213.75 , 354.57 , 341.69 , 73.32 , 301.89 , 166.20 , 187.00 , 183.23 , 59.34 
2/26/21, 205.96 , 30.52 , 252.06 , 73.48 , 56.72 , 85.59 , 74.85 , 65.65 , 27.52 , 58.59 , 19.44 , 33.81 , 14.70 , 7.64 , 44.29 , 30.93 , 8.44 , 147.17 , 34.71 , 65.88 , 36.17 , 319.48 , 76.87 , 168.36 , 694.50 , 69.23 , 212.39 , 353.85 , 330.25 , 71.99 , 291.66 , 163.47 , 181.91 , 175.91 , 58.01 
3/1/21, 209.18 , 30.98 , 257.83 , 75.91 , 57.78 , 87.04 , 76.71 , 67.04 , 28.03 , 59.15 , 19.60 , 34.75 , 15.04 , 8.12 , 47.47 , 32.06 , 9.04 , 150.50 , 35.79 , 69.54 , 37.09 , 329.92 , 79.16 , 173.07 , 719.20 , 70.73 , 216.63 , 362.90 , 333.47 , 74.36 , 293.46 , 167.06 , 184.62 , 178.41 , 60.00 
3/2/21, 209.30 , 30.72 , 256.38 , 75.54 , 57.83 , 87.24 , 76.45 , 67.08 , 28.03 , 58.98 , 19.57 , 35.02 , 15.09 , 7.98 , 46.89 , 32.17 , 9.26 , 150.01 , 35.53 , 68.91 , 37.14 , 330.94 , 80.79 , 173.09 , 716.31 , 69.96 , 215.77 , 362.82 , 338.59 , 74.67 , 298.78 , 167.68 , 186.00 , 179.63 , 60.45 
3/3/21, 206.23 , 30.36 , 254.11 , 72.52 , 57.59 , 87.27 , 76.32 , 67.43 , 28.19 , 58.03 , 19.45 , 35.14 , 15.17 , 7.87 , 47.77 , 32.28 , 9.53 , 152.91 , 36.42 , 70.38 , 37.69 , 334.43 , 82.06 , 173.35 , 701.49 , 69.59 , 214.85 , 360.25 , 340.91 , 75.07 , 299.10 , 167.95 , 186.07 , 182.23 , 59.90 
3/4/21, 201.08 , 29.42 , 244.71 , 71.29 , 57.41 , 86.46 , 77.25 , 66.96 , 28.36 , 58.92 , 19.87 , 35.20 , 15.69 , 8.04 , 48.25 , 33.40 , 9.71 , 150.56 , 36.50 , 69.81 , 37.16 , 329.29 , 81.11 , 172.58 , 683.21 , 67.08 , 211.50 , 349.50 , 338.25 , 74.42 , 297.51 , 165.77 , 183.73 , 179.37 , 58.04 
3/5/21, 209.71 , 30.54 , 256.00 , 70.70 , 58.35 , 88.53 , 78.90 , 68.30 , 28.27 , 61.35 , 20.66 , 35.44 , 15.87 , 8.15 , 49.57 , 34.55 , 9.76 , 150.91 , 36.93 , 70.23 , 37.43 , 327.37 , 80.87 , 176.46 , 702.28 , 66.02 , 215.41 , 360.88 , 340.43 , 75.18 , 300.91 , 170.52 , 187.09 , 185.61 , 59.75 
3/8/21, 210.89 , 30.84 , 259.22 , 70.86 , 59.61 , 90.22 , 80.49 , 69.50 , 29.01 , 61.96 , 20.81 , 35.85 , 16.22 , 8.10 , 49.54 , 34.32 , 9.67 , 152.91 , 37.13 , 72.22 , 38.67 , 334.19 , 81.10 , 178.82 , 698.96 , 67.53 , 220.27 , 371.33 , 341.45 , 75.61 , 305.62 , 172.69 , 191.04 , 191.10 , 59.99 
3/9/21, 211.70 , 30.91 , 259.11 , 74.02 , 59.41 , 90.95 , 80.60 , 69.69 , 29.61 , 62.15 , 20.90 , 35.62 , 15.67 , 8.05 , 48.64 , 33.39 , 9.39 , 151.83 , 36.32 , 70.99 , 38.13 , 330.59 , 80.85 , 173.63 , 722.00 , 69.35 , 220.36 , 376.52 , 337.50 , 74.83 , 298.30 , 168.74 , 187.97 , 185.09 , 59.63 
3/10/21, 213.12 , 31.20 , 259.29 , 74.46 , 59.78 , 90.79 , 81.20 , 70.37 , 29.85 , 62.18 , 21.32 , 35.91 , 16.24 , 8.58 , 50.95 , 34.40 , 9.76 , 155.13 , 37.37 , 73.75 , 39.58 , 342.02 , 83.09 , 177.78 , 728.50 , 70.76 , 223.17 , 381.70 , 340.84 , 76.56 , 300.00 , 172.42 , 190.99 , 187.86 , 61.03 
3/11/21, 214.52 , 31.27 , 260.75 , 74.86 , 59.28 , 90.69 , 80.00 , 69.82 , 29.97 , 61.86 , 21.29 , 36.34 , 16.20 , 8.36 , 50.40 , 34.44 , 9.64 , 154.32 , 37.24 , 73.31 , 38.88 , 342.10 , 83.25 , 176.93 , 722.12 , 74.01 , 226.15 , 384.38 , 339.73 , 77.05 , 299.41 , 172.67 , 188.25 , 189.91 , 61.90 
3/12/21, 214.09 , 31.28 , 261.44 , 75.67 , 59.84 , 91.40 , 81.04 , 70.94 , 30.37 , 62.08 , 21.97 , 36.41 , 16.35 , 8.48 , 51.60 , 34.77 , 9.68 , 156.15 , 37.94 , 75.18 , 39.97 , 348.81 , 84.34 , 181.41 , 716.19 , 74.84 , 224.36 , 382.71 , 340.19 , 78.52 , 301.79 , 176.29 , 192.02 , 195.09 , 63.08 
3/15/21, 212.67 , 31.16 , 260.27 , 75.52 , 60.98 , 92.33 , 82.28 , 71.82 , 30.92 , 63.07 , 22.57 , 36.60 , 16.33 , 8.31 , 51.29 , 33.98 , 9.87 , 155.37 , 37.75 , 74.22 , 39.70 , 346.05 , 83.86 , 178.53 , 719.01 , 74.93 , 223.27 , 381.76 , 346.41 , 79.57 , 305.74 , 176.71 , 192.00 , 198.28 , 64.34 
3/16/21, 211.70 , 30.65 , 256.39 , 75.38 , 61.25 , 93.02 , 83.50 , 72.08 , 30.92 , 63.41 , 22.44 , 36.45 , 15.92 , 8.09 , 49.54 , 32.94 , 9.50 , 153.51 , 37.64 , 73.33 , 39.35 , 341.71 , 82.54 , 176.58 , 723.07 , 74.87 , 224.70 , 382.38 , 347.13 , 78.24 , 305.84 , 175.32 , 190.52 , 195.13 , 63.66 
3/17/21, 212.30 , 30.71 , 258.16 , 72.96 , 60.70 , 91.85 , 82.12 , 71.79 , 30.64 , 62.69 , 22.27 , 36.63 , 16.22 , 8.14 , 50.32 , 33.34 , 9.61 , 155.09 , 37.95 , 73.60 , 39.84 , 344.95 , 83.86 , 178.43 , 728.22 , 76.09 , 223.02 , 378.68 , 351.02 , 79.56 , 310.57 , 177.52 , 192.04 , 197.94 , 64.77 
3/18/21, 215.36 , 30.84 , 263.07 , 71.13 , 60.40 , 92.33 , 82.60 , 72.22 , 30.45 , 62.40 , 21.94 , 35.84 , 15.76 , 7.77 , 48.20 , 32.39 , 9.31 , 157.65 , 38.94 , 73.84 , 40.81 , 348.00 , 83.94 , 179.86 , 723.73 , 73.03 , 220.66 , 367.00 , 358.45 , 77.94 , 314.94 , 179.24 , 196.47 , 198.47 , 64.47 
3/19/21, 210.80 , 30.26 , 260.46 , 70.84 , 59.70 , 92.72 , 83.67 , 72.30 , 30.64 , 62.99 , 22.26 , 36.27 , 15.92 , 7.98 , 48.46 , 32.45 , 9.33 , 155.14 , 38.53 , 73.01 , 39.63 , 344.20 , 82.94 , 175.79 , 729.64 , 72.47 , 206.90 , 356.51 , 355.07 , 78.36 , 308.65 , 177.62 , 197.50 , 197.26 , 64.87 
3/22/21, 206.27 , 31.26 , 260.62 , 71.69 , 59.69 , 93.12 , 83.63 , 72.05 , 30.51 , 63.75 , 21.96 , 36.27 , 15.78 , 8.10 , 48.49 , 32.01 , 9.35 , 150.97 , 37.66 , 71.96 , 38.97 , 339.33 , 81.92 , 171.22 , 730.92 , 73.55 , 208.00 , 358.40 , 357.66 , 76.92 , 314.21 , 176.56 , 198.04 , 196.07 , 64.56 
3/23/21, 208.05 , 30.97 , 260.27 , 74.02 , 60.63 , 94.02 , 84.64 , 73.24 , 30.52 , 65.44 , 21.88 , 36.20 , 15.68 , 7.72 , 47.45 , 30.72 , 8.91 , 149.46 , 36.90 , 70.91 , 38.24 , 331.77 , 79.12 , 169.40 , 716.57 , 73.19 , 208.15 , 355.27 , 353.61 , 75.18 , 314.14 , 174.87 , 196.15 , 191.48 , 63.34 
3/24/21, 212.90 , 31.39 , 264.31 , 72.83 , 60.69 , 94.39 , 84.99 , 73.43 , 30.61 , 65.58 , 21.75 , 36.82 , 16.19 , 7.63 , 48.74 , 31.23 , 8.91 , 150.62 , 36.90 , 70.08 , 38.12 , 328.65 , 79.33 , 170.25 , 722.75 , 72.15 , 208.07 , 359.65 , 356.12 , 75.55 , 316.03 , 176.42 , 195.96 , 194.12 , 63.99 
3/25/21, 216.09 , 31.85 , 268.00 , 73.45 , 61.38 , 95.53 , 84.72 , 74.27 , 30.93 , 66.00 , 22.30 , 36.68 , 16.36 , 7.76 , 49.69 , 31.85 , 9.00 , 152.55 , 37.66 , 71.72 , 39.30 , 330.55 , 80.13 , 177.00 , 727.50 , 72.99 , 207.97 , 358.36 , 361.22 , 77.53 , 321.19 , 180.06 , 198.61 , 200.14 , 64.28 
3/26/21, 222.92 , 32.55 , 272.91 , 74.06 , 61.66 , 95.83 , 84.99 , 74.44 , 31.04 , 66.31 , 21.97 , 37.08 , 16.80 , 7.93 , 51.18 , 32.45 , 9.34 , 155.09 , 38.68 , 73.02 , 39.76 , 327.39 , 79.98 , 179.68 , 756.90 , 74.31 , 213.53 , 366.14 , 364.71 , 78.17 , 319.02 , 181.54 , 198.94 , 203.16 , 64.79 
3/29/21, 222.98 , 32.20 , 270.99 , 74.80 , 62.32 , 97.58 , 85.84 , 75.45 , 31.20 , 67.00 , 22.65 , 37.20 , 16.75 , 7.82 , 50.57 , 31.67 , 9.05 , 152.68 , 38.31 , 71.58 , 38.44 , 325.73 , 77.88 , 174.49 , 757.86 , 74.28 , 214.51 , 362.91 , 372.79 , 77.68 , 323.15 , 183.30 , 202.84 , 207.36 , 65.82 
3/30/21, 221.13 , 32.12 , 270.29 , 74.22 , 61.54 , 96.24 , 84.73 , 74.38 , 31.02 , 66.01 , 22.80 , 36.64 , 16.62 , 7.76 , 50.26 , 31.77 , 8.88 , 154.48 , 38.99 , 72.96 , 39.39 , 332.01 , 79.09 , 177.62 , 749.26 , 74.25 , 211.90 , 358.20 , 370.54 , 77.82 , 322.68 , 182.10 , 203.08 , 205.67 , 66.00 
3/31/21, 220.41 , 32.14 , 268.52 , 75.61 , 62.16 , 96.53 , 84.70 , 74.80 , 31.19 , 66.51 , 22.65 , 36.40 , 16.65 , 7.68 , 50.66 , 31.75 , 9.10 , 152.23 , 38.69 , 72.75 , 39.07 , 327.00 , 77.66 , 175.41 , 753.96 , 74.53 , 211.73 , 356.05 , 369.50 , 77.27 , 323.64 , 181.56 , 202.68 , 205.85 , 65.94 
4/1/21, 220.21 , 32.42 , 271.18 , 75.77 , 62.33 , 96.28 , 85.54 , 74.29 , 31.31 , 66.79 , 22.65 , 36.83 , 16.84 , 7.85 , 51.35 , 32.10 , 9.19 , 153.71 , 39.49 , 73.14 , 39.63 , 327.64 , 78.22 , 177.41 , 766.83 , 75.19 , 216.86 , 363.30 , 371.02 , 77.28 , 322.24 , 180.83 , 203.62 , 204.23 , 66.87 
4/5/21, 223.47 , 32.86 , 274.63 , 76.78 , 62.66 , 96.93 , 86.29 , 75.28 , 31.72 , 68.11 , 22.94 , 36.98 , 16.66 , 7.82 , 51.03 , 31.28 , 8.99 , 153.62 , 39.80 , 72.75 , 39.48 , 323.54 , 78.00 , 178.76 , 784.02 , 75.00 , 219.04 , 368.32 , 378.75 , 77.91 , 330.65 , 185.59 , 207.85 , 207.60 , 67.88 
4/6/21, 221.10 , 32.37 , 271.22 , 77.56 , 63.11 , 97.57 , 86.77 , 75.69 , 31.77 , 68.16 , 23.24 , 36.77 , 16.70 , 7.81 , 51.26 , 31.16 , 9.14 , 152.54 , 39.69 , 72.60 , 39.85 , 327.06 , 79.09 , 177.40 , 781.71 , 74.62 , 218.65 , 369.57 , 378.97 , 77.51 , 331.16 , 185.11 , 209.32 , 207.37 , 68.10 
4/7/21, 221.34 , 32.32 , 271.48 , 77.41 , 62.80 , 97.82 , 86.69 , 75.31 , 32.05 , 68.05 , 23.36 , 36.74 , 16.93 , 7.80 , 51.14 , 32.22 , 9.36 , 154.93 , 40.05 , 72.69 , 39.99 , 326.55 , 79.04 , 178.25 , 788.00 , 75.23 , 219.27 , 371.08 , 380.19 , 77.60 , 333.97 , 184.79 , 208.65 , 205.03 , 67.21 
4/8/21, 220.18 , 32.16 , 267.67 , 77.76 , 62.86 , 97.62 , 86.07 , 75.12 , 32.02 , 67.72 , 23.23 , 37.11 , 16.83 , 7.88 , 50.46 , 31.51 , 9.21 , 155.12 , 39.70 , 72.33 , 40.03 , 331.14 , 80.20 , 178.11 , 800.60 , 76.75 , 220.70 , 377.74 , 386.02 , 77.48 , 336.12 , 184.11 , 207.49 , 206.64 , 67.71 
4/9/21, 223.24 , 32.76 , 272.49 , 77.94 , 62.73 , 97.54 , 85.89 , 75.17 , 31.97 , 67.43 , 23.24 , 36.88 , 16.53 , 8.04 , 50.92 , 31.04 , 9.00 , 156.28 , 39.99 , 72.42 , 40.50 , 330.81 , 80.72 , 180.21 , 808.35 , 76.90 , 222.52 , 380.08 , 386.23 , 78.29 , 339.95 , 183.00 , 208.12 , 206.87 , 67.32 
4/12/21, 223.55 , 32.87 , 271.55 , 77.64 , 62.89 , 97.64 , 86.00 , 75.32 , 31.90 , 67.91 , 23.34 , 36.73 , 16.50 , 8.07 , 50.91 , 31.28 , 8.95 , 155.95 , 40.06 , 72.69 , 40.77 , 331.84 , 80.18 , 180.81 , 807.98 , 77.37 , 221.47 , 379.84 , 387.85 , 78.72 , 340.69 , 184.94 , 209.59 , 210.27 , 67.95 
4/13/21, 221.99 , 32.60 , 270.33 , 79.04 , 63.56 , 98.50 , 86.72 , 75.87 , 32.21 , 68.48 , 23.66 , 36.73 , 16.49 , 8.00 , 51.09 , 31.64 , 8.91 , 154.09 , 39.32 , 72.06 , 39.79 , 327.68 , 79.53 , 177.62 , 802.49 , 78.39 , 221.02 , 378.13 , 387.11 , 77.70 , 338.61 , 182.28 , 208.97 , 206.15 , 67.03 
4/14/21, 222.60 , 32.79 , 271.84 , 79.13 , 63.89 , 98.79 , 87.07 , 76.16 , 32.41 , 68.68 , 23.71 , 37.09 , 16.65 , 8.02 , 51.51 , 32.84 , 9.13 , 151.21 , 39.88 , 72.91 , 41.99 , 335.35 , 80.79 , 179.34 , 801.07 , 78.00 , 221.98 , 378.32 , 388.67 , 77.96 , 341.82 , 183.48 , 208.99 , 207.86 , 67.25 
4/15/21, 223.10 , 32.96 , 272.14 , 80.18 , 64.49 , 99.75 , 87.81 , 77.19 , 32.64 , 69.96 , 24.05 , 37.31 , 16.72 , 8.06 , 52.39 , 33.34 , 9.34 , 152.17 , 38.74 , 72.54 , 42.24 , 338.55 , 80.82 , 174.79 , 817.84 , 79.65 , 226.28 , 386.49 , 390.63 , 77.97 , 344.59 , 183.93 , 210.76 , 208.35 , 67.56 
4/16/21, 222.71 , 32.88 , 270.86 , 80.94 , 65.01 , 100.67 , 88.55 , 78.21 , 32.92 , 70.37 , 24.06 , 37.32 , 16.54 , 7.87 , 51.60 , 33.38 , 9.12 , 153.30 , 39.15 , 72.45 , 43.84 , 342.31 , 78.59 , 178.86 , 811.45 , 79.28 , 226.41 , 386.17 , 391.81 , 78.22 , 346.43 , 184.47 , 210.72 , 208.06 , 68.02 
4/19/21, 223.47 , 32.90 , 270.46 , 79.79 , 64.92 , 100.20 , 88.65 , 78.35 , 32.44 , 70.49 , 23.78 , 37.38 , 16.62 , 8.04 , 51.78 , 32.98 , 9.13 , 152.65 , 39.17 , 72.13 , 43.88 , 343.09 , 80.03 , 177.72 , 811.09 , 79.30 , 225.79 , 382.16 , 391.73 , 78.59 , 344.64 , 184.79 , 209.73 , 210.00 , 67.67 
4/20/21, 220.67 , 32.82 , 273.31 , 80.53 , 66.09 , 101.41 , 90.14 , 79.35 , 32.66 , 71.55 , 24.23 , 36.80 , 16.55 , 7.93 , 50.63 , 32.23 , 9.01 , 149.27 , 38.08 , 69.79 , 42.54 , 331.88 , 77.29 , 171.73 , 804.96 , 79.50 , 223.28 , 376.63 , 387.33 , 77.09 , 345.14 , 184.07 , 210.20 , 207.57 , 67.35 
4/21/21, 223.43 , 34.23 , 280.46 , 77.97 , 65.73 , 101.09 , 89.35 , 78.36 , 32.57 , 71.32 , 24.29 , 37.33 , 16.69 , 7.98 , 52.16 , 32.71 , 9.16 , 150.54 , 38.72 , 70.65 , 43.24 , 335.27 , 79.25 , 175.13 , 811.53 , 80.31 , 227.45 , 383.10 , 387.24 , 78.87 , 345.52 , 185.85 , 212.05 , 208.57 , 67.77 
4/22/21, 217.98 , 33.94 , 278.54 , 78.32 , 65.10 , 100.08 , 87.95 , 78.11 , 32.15 , 71.12 , 24.17 , 37.01 , 16.36 , 8.06 , 51.04 , 32.77 , 9.06 , 147.37 , 38.36 , 69.81 , 42.70 , 330.85 , 78.29 , 173.84 , 795.32 , 82.96 , 227.57 , 383.36 , 380.09 , 78.74 , 343.43 , 184.50 , 210.71 , 203.89 , 67.18 
4/23/21, 223.54 , 34.37 , 282.00 , 78.24 , 65.33 , 99.85 , 87.70 , 77.45 , 32.02 , 71.08 , 24.13 , 37.09 , 16.78 , 8.19 , 50.60 , 33.94 , 9.24 , 150.19 , 39.18 , 71.38 , 43.86 , 339.35 , 80.95 , 178.04 , 813.17 , 87.22 , 230.00 , 387.06 , 377.29 , 80.54 , 342.04 , 186.48 , 211.02 , 206.13 , 67.37 
4/26/21, 224.59 , 34.11 , 281.14 , 77.93 , 64.66 , 99.20 , 87.60 , 76.87 , 31.84 , 70.60 , 23.99 , 37.18 , 16.91 , 8.18 , 50.46 , 34.19 , 9.23 , 150.56 , 39.41 , 72.20 , 44.14 , 343.52 , 81.52 , 180.24 , 818.32 , 87.09 , 230.34 , 387.47 , 371.98 , 81.00 , 337.80 , 185.19 , 207.65 , 206.97 , 67.19 
4/27/21, 225.73 , 33.97 , 281.85 , 77.28 , 64.33 , 98.61 , 87.20 , 76.19 , 31.76 , 70.00 , 23.81 , 37.67 , 17.00 , 8.41 , 50.88 , 33.91 , 9.23 , 151.25 , 39.88 , 72.99 , 45.09 , 346.63 , 81.96 , 183.58 , 820.51 , 88.59 , 229.91 , 389.07 , 373.22 , 82.81 , 339.87 , 185.89 , 207.73 , 207.45 , 67.58 
4/28/21, 226.19 , 33.83 , 284.09 , 77.09 , 64.34 , 98.57 , 86.73 , 76.21 , 31.81 , 69.81 , 23.94 , 38.15 , 17.44 , 8.60 , 52.13 , 34.53 , 9.47 , 152.23 , 40.03 , 72.91 , 45.08 , 348.11 , 82.73 , 185.26 , 816.28 , 89.03 , 233.45 , 395.65 , 372.94 , 83.08 , 338.37 , 185.26 , 205.01 , 210.24 , 67.25 
4/29/21, 224.48 , 33.73 , 280.70 , 77.22 , 65.16 , 99.55 , 88.09 , 76.71 , 32.01 , 70.56 , 24.51 , 38.57 , 17.29 , 8.84 , 52.60 , 34.80 , 9.39 , 155.19 , 41.11 , 73.84 , 46.24 , 352.97 , 83.64 , 189.17 , 827.32 , 89.50 , 236.86 , 388.95 , 380.35 , 82.87 , 352.22 , 190.71 , 209.22 , 212.97 , 67.67 
4/30/21, 222.09 , 33.58 , 279.24 , 77.51 , 66.17 , 100.69 , 88.71 , 77.41 , 32.05 , 71.30 , 24.49 , 38.57 , 17.05 , 8.61 , 52.34 , 34.69 , 9.08 , 153.81 , 40.53 , 71.24 , 45.05 , 348.45 , 82.55 , 186.95 , 819.30 , 88.49 , 233.56 , 382.06 , 380.56 , 83.24 , 354.44 , 190.23 , 209.23 , 212.32 , 66.92 
5/3/21, 223.74 , 33.79 , 283.06 , 76.70 , 66.05 , 100.71 , 88.68 , 77.75 , 32.01 , 71.62 , 24.42 , 38.77 , 17.26 , 8.63 , 52.72 , 35.54 , 9.23 , 153.36 , 40.56 , 71.71 , 45.48 , 350.16 , 82.46 , 188.12 , 825.62 , 88.48 , 232.61 , 379.40 , 385.31 , 84.14 , 361.00 , 191.69 , 211.74 , 215.14 , 67.27 
5/4/21, 225.67 , 33.88 , 287.68 , 75.69 , 66.42 , 100.78 , 88.38 , 78.12 , 31.93 , 71.84 , 24.56 , 38.98 , 17.17 , 8.81 , 52.58 , 35.48 , 9.11 , 155.48 , 41.00 , 72.33 , 45.74 , 349.84 , 82.64 , 193.32 , 836.43 , 88.33 , 232.03 , 375.91 , 387.48 , 83.94 , 368.12 , 191.99 , 216.40 , 214.39 , 67.18 
5/5/21, 223.56 , 33.73 , 287.01 , 73.78 , 65.45 , 99.36 , 87.47 , 76.89 , 31.04 , 70.75 , 24.28 , 39.94 , 17.51 , 8.95 , 53.15 , 36.43 , 9.14 , 157.52 , 41.39 , 73.71 , 45.94 , 357.62 , 84.51 , 194.61 , 851.01 , 88.07 , 229.21 , 369.14 , 386.37 , 84.13 , 372.99 , 190.68 , 217.68 , 212.87 , 65.62 
5/6/21, 227.21 , 34.19 , 286.97 , 74.01 , 66.05 , 100.54 , 88.12 , 77.86 , 31.72 , 71.55 , 24.38 , 39.79 , 17.65 , 9.20 , 53.41 , 37.16 , 9.49 , 160.69 , 42.01 , 74.78 , 46.63 , 365.97 , 86.83 , 198.18 , 867.10 , 88.33 , 231.32 , 375.48 , 387.34 , 84.68 , 370.05 , 192.68 , 216.99 , 218.31 , 65.38 
5/7/21, 229.48 , 34.38 , 289.81 , 74.53 , 66.26 , 100.86 , 87.19 , 78.09 , 31.86 , 71.32 , 24.49 , 39.66 , 17.84 , 9.84 , 53.38 , 38.23 , 9.48 , 161.24 , 42.18 , 75.08 , 46.54 , 370.89 , 87.70 , 198.91 , 873.83 , 90.04 , 232.12 , 375.40 , 390.34 , 85.71 , 370.63 , 194.82 , 219.25 , 216.99 , 66.00 
5/10/21, 228.44 , 34.39 , 290.35 , 74.80 , 66.31 , 103.74 , 87.56 , 79.85 , 31.75 , 72.59 , 24.50 , 40.05 , 18.25 , 9.79 , 53.96 , 37.73 , 9.86 , 161.22 , 42.05 , 75.13 , 46.60 , 368.68 , 86.47 , 198.56 , 857.45 , 88.61 , 225.97 , 366.34 , 393.14 , 85.04 , 373.80 , 194.60 , 217.02 , 219.37 , 65.85 
5/11/21, 226.61 , 33.85 , 286.66 , 74.07 , 65.80 , 103.63 , 86.41 , 79.34 , 31.69 , 71.03 , 23.96 , 39.86 , 17.97 , 9.53 , 53.27 , 37.55 , 9.88 , 158.54 , 41.57 , 74.87 , 45.72 , 359.92 , 84.92 , 194.04 , 844.10 , 87.83 , 225.48 , 367.61 , 387.82 , 84.33 , 368.30 , 191.54 , 213.33 , 214.70 , 65.13 
5/12/21, 222.00 , 33.21 , 281.70 , 71.54 , 64.36 , 101.22 , 84.98 , 77.90 , 30.74 , 70.17 , 23.65 , 39.83 , 18.10 , 9.55 , 52.56 , 37.75 , 9.76 , 157.45 , 41.18 , 74.23 , 45.64 , 354.40 , 83.68 , 190.41 , 823.50 , 84.30 , 220.63 , 356.62 , 380.62 , 82.28 , 363.15 , 186.88 , 211.06 , 212.14 , 63.31 
5/13/21, 225.18 , 33.58 , 287.01 , 72.63 , 65.73 , 103.00 , 86.52 , 79.28 , 31.67 , 71.12 , 24.47 , 38.39 , 18.02 , 9.98 , 52.78 , 37.48 , 10.01 , 161.50 , 41.84 , 75.29 , 46.40 , 358.81 , 84.86 , 196.01 , 838.99 , 85.41 , 223.74 , 360.02 , 387.77 , 83.78 , 370.06 , 191.29 , 214.63 , 215.29 , 63.59 
5/14/21, 227.86 , 33.90 , 289.83 , 73.12 , 65.11 , 103.06 , 86.76 , 78.97 , 32.15 , 71.72 , 25.02 , 38.95 , 18.36 , 10.11 , 54.35 , 38.52 , 10.14 , 164.01 , 42.36 , 76.56 , 46.96 , 368.77 , 87.35 , 199.38 , 856.87 , 87.48 , 226.94 , 363.91 , 390.78 , 85.88 , 371.61 , 191.94 , 217.04 , 216.21 , 65.01 
5/17/21, 224.76 , 33.47 , 285.74 , 71.90 , 64.44 , 102.45 , 85.45 , 78.73 , 32.15 , 70.80 , 25.03 , 38.78 , 18.80 , 10.41 , 55.01 , 39.05 , 10.45 , 164.67 , 42.74 , 77.42 , 47.90 , 369.25 , 88.09 , 199.03 , 849.46 , 87.78 , 226.44 , 363.30 , 391.12 , 86.57 , 372.87 , 191.65 , 218.10 , 216.84 , 64.44 
5/18/21, 222.44 , 32.97 , 280.22 , 72.29 , 64.16 , 102.49 , 85.75 , 77.74 , 32.55 , 70.81 , 24.70 , 38.86 , 18.71 , 10.37 , 53.98 , 38.52 , 10.34 , 162.35 , 42.16 , 76.62 , 46.86 , 364.56 , 86.97 , 193.91 , 840.14 , 88.09 , 225.57 , 363.07 , 387.22 , 85.38 , 368.62 , 189.35 , 214.92 , 213.37 , 62.47 
5/19/21, 222.30 , 32.79 , 279.45 , 72.66 , 63.98 , 101.16 , 85.92 , 77.98 , 32.47 , 70.57 , 24.48 , 37.96 , 18.47 , 10.05 , 52.86 , 38.12 , 10.14 , 161.11 , 41.97 , 76.46 , 46.17 , 358.38 , 86.05 , 192.89 , 838.52 , 87.56 , 224.59 , 360.98 , 385.54 , 85.21 , 370.90 , 188.52 , 214.34 , 213.18 , 62.04 
5/20/21, 221.95 , 32.76 , 276.91 , 74.29 , 64.06 , 102.27 , 86.26 , 78.42 , 32.62 , 71.58 , 24.70 , 38.59 , 18.70 , 10.02 , 53.69 , 38.65 , 10.41 , 160.83 , 41.87 , 76.20 , 45.73 , 359.78 , 86.47 , 191.05 , 844.88 , 89.15 , 226.44 , 367.70 , 388.32 , 85.23 , 371.96 , 189.06 , 216.09 , 212.56 , 62.35 
5/21/21, 221.52 , 32.76 , 277.34 , 74.44 , 64.38 , 102.86 , 86.65 , 78.96 , 32.69 , 72.04 , 24.71 , 38.61 , 18.72 , 10.19 , 53.26 , 38.56 , 10.33 , 162.66 , 42.40 , 77.65 , 45.88 , 366.26 , 88.34 , 193.48 , 860.77 , 90.74 , 226.77 , 367.60 , 387.22 , 85.81 , 370.46 , 189.88 , 216.04 , 213.67 , 62.43 
5/24/21, 223.56 , 33.12 , 280.48 , 74.03 , 64.42 , 102.31 , 86.57 , 78.38 , 32.82 , 71.67 , 25.03 , 38.90 , 18.83 , 10.29 , 54.14 , 38.65 , 10.50 , 163.54 , 42.63 , 78.03 , 46.24 , 368.29 , 89.69 , 193.99 , 872.36 , 91.22 , 229.32 , 372.38 , 387.71 , 86.48 , 372.18 , 189.60 , 216.29 , 215.95 , 61.98 
5/25/21, 221.94 , 33.02 , 277.96 , 73.37 , 64.08 , 101.31 , 85.93 , 77.81 , 32.02 , 71.24 , 24.94 , 38.45 , 18.54 , 9.89 , 52.66 , 37.28 , 10.44 , 161.85 , 42.01 , 77.28 , 46.09 , 364.51 , 88.86 , 191.70 , 874.27 , 91.01 , 229.02 , 367.22 , 385.85 , 86.26 , 369.99 , 188.91 , 216.55 , 211.88 , 62.00 
5/26/21, 223.85 , 33.48 , 279.65 , 73.47 , 63.72 , 101.11 , 85.75 , 78.00 , 32.21 , 71.00 , 25.11 , 38.59 , 18.35 , 10.06 , 52.51 , 37.88 , 10.50 , 161.83 , 42.04 , 77.52 , 46.40 , 367.40 , 89.35 , 191.90 , 876.73 , 92.12 , 227.07 , 362.65 , 384.13 , 86.50 , 366.72 , 189.02 , 214.83 , 212.78 , 62.38 
5/27/21, 223.90 , 33.29 , 279.33 , 73.00 , 63.66 , 100.01 , 85.55 , 76.87 , 31.80 , 70.27 , 25.08 , 38.65 , 18.26 , 10.01 , 52.80 , 38.76 , 10.61 , 164.35 , 42.55 , 78.76 , 46.76 , 371.37 , 90.30 , 194.12 , 876.43 , 92.15 , 226.86 , 362.00 , 387.39 , 88.61 , 370.46 , 190.67 , 218.91 , 215.62 , 62.55 
5/28/21, 224.73 , 33.37 , 280.90 , 73.22 , 63.92 , 100.22 , 86.00 , 77.24 , 32.17 , 70.88 , 25.30 , 38.48 , 18.34 , 9.90 , 52.74 , 38.86 , 10.53 , 164.24 , 42.39 , 78.71 , 46.72 , 372.02 , 90.95 , 194.68 , 877.04 , 92.67 , 227.30 , 360.58 , 382.20 , 88.71 , 365.87 , 189.91 , 218.06 , 216.21 , 62.54 
6/1/21, 225.03 , 33.43 , 281.44 , 72.12 , 63.43 , 100.08 , 85.10 , 76.43 , 32.19 , 70.00 , 25.11 , 38.67 , 18.51 , 10.26 , 53.77 , 39.88 , 10.96 , 166.05 , 42.92 , 79.76 , 47.26 , 382.44 , 92.11 , 195.82 , 876.91 , 92.42 , 226.63 , 359.79 , 381.92 , 88.99 , 365.62 , 189.54 , 217.19 , 218.09 , 63.10 
6/2/21, 224.45 , 33.19 , 279.13 , 72.71 , 63.90 , 100.68 , 85.65 , 76.79 , 32.23 , 70.24 , 25.09 , 38.90 , 18.77 , 10.47 , 54.25 , 40.59 , 11.27 , 166.06 , 42.94 , 79.86 , 46.81 , 383.44 , 92.76 , 195.42 , 887.42 , 92.23 , 229.66 , 366.85 , 385.09 , 88.63 , 367.21 , 191.54 , 218.72 , 218.92 , 63.25 
6/3/21, 224.95 , 33.23 , 279.57 , 72.37 , 64.46 , 101.67 , 85.96 , 77.26 , 32.64 , 70.48 , 25.39 , 38.63 , 18.77 , 10.49 , 53.72 , 41.20 , 11.30 , 166.17 , 43.25 , 79.63 , 46.46 , 388.72 , 93.35 , 195.88 , 881.01 , 92.32 , 228.11 , 361.82 , 387.35 , 88.68 , 366.51 , 190.81 , 219.94 , 220.61 , 63.62 
6/4/21, 226.17 , 33.21 , 279.30 , 72.34 , 64.35 , 101.48 , 86.03 , 77.24 , 32.52 , 70.08 , 25.40 , 39.06 , 18.78 , 10.78 , 53.95 , 46.26 , 11.33 , 166.44 , 43.27 , 79.49 , 46.96 , 391.45 , 93.96 , 194.00 , 886.85 , 93.20 , 230.14 , 366.02 , 394.10 , 89.02 , 377.51 , 193.57 , 222.75 , 222.25 , 63.99 
6/7/21, 222.95 , 32.69 , 274.82 , 72.47 , 64.67 , 101.86 , 85.67 , 77.31 , 32.70 , 70.12 , 25.58 , 39.52 , 18.77 , 10.91 , 55.17 , 47.34 , 11.62 , 165.66 , 43.12 , 79.31 , 47.11 , 388.16 , 93.21 , 193.11 , 884.96 , 94.40 , 231.32 , 364.08 , 391.51 , 88.97 , 371.84 , 191.77 , 218.55 , 221.28 , 64.14 
6/8/21, 221.83 , 32.72 , 275.46 , 72.14 , 63.44 , 100.59 , 82.97 , 76.29 , 32.62 , 68.80 , 25.46 , 39.62 , 18.80 , 10.87 , 55.78 , 47.13 , 12.07 , 165.00 , 42.88 , 79.08 , 46.61 , 384.70 , 92.79 , 194.10 , 884.52 , 94.61 , 232.05 , 365.26 , 388.53 , 89.45 , 371.11 , 192.72 , 219.06 , 222.66 , 64.12 
6/9/21, 221.50 , 32.61 , 273.76 , 72.45 , 63.63 , 101.39 , 84.45 , 76.88 , 33.06 , 69.35 , 25.77 , 39.77 , 18.83 , 10.87 , 54.84 , 45.21 , 12.08 , 162.94 , 42.32 , 78.14 , 45.92 , 382.78 , 92.67 , 190.79 , 870.94 , 94.20 , 232.31 , 363.33 , 386.80 , 88.85 , 372.60 , 191.87 , 217.51 , 221.03 , 64.17 
6/10/21, 219.59 , 32.22 , 270.12 , 73.51 , 63.88 , 101.71 , 84.73 , 77.04 , 33.31 , 69.63 , 25.95 , 39.75 , 19.00 , 11.05 , 54.78 , 46.55 , 12.11 , 160.40 , 41.69 , 76.89 , 45.09 , 373.94 , 91.68 , 188.75 , 867.44 , 93.66 , 233.95 , 364.30 , 387.72 , 88.25 , 372.51 , 191.48 , 219.58 , 220.75 , 63.89 
6/11/21, 221.33 , 32.41 , 271.49 , 73.49 , 63.85 , 101.93 , 84.76 , 77.23 , 33.45 , 69.54 , 26.15 , 39.68 , 19.14 , 11.30 , 55.06 , 46.93 , 12.09 , 160.29 , 41.86 , 76.48 , 45.68 , 378.05 , 92.05 , 189.20 , 880.66 , 95.41 , 234.96 , 365.50 , 387.72 , 88.81 , 375.06 , 191.49 , 223.30 , 221.00 , 64.05 
6/14/21, 222.62 , 32.43 , 271.52 , 73.31 , 63.79 , 102.53 , 85.13 , 77.75 , 33.59 , 69.08 , 25.98 , 40.71 , 18.84 , 11.15 , 55.44 , 47.07 , 12.28 , 157.57 , 41.36 , 75.16 , 45.15 , 372.92 , 90.72 , 187.11 , 876.78 , 95.61 , 234.08 , 366.52 , 389.11 , 88.72 , 372.23 , 190.84 , 222.18 , 219.80 , 64.28 
6/15/21, 222.84 , 32.80 , 273.23 , 73.43 , 64.32 , 103.22 , 85.24 , 77.75 , 33.59 , 69.19 , 25.99 , 40.78 , 19.03 , 11.22 , 55.98 , 47.70 , 12.13 , 155.18 , 41.39 , 73.82 , 45.46 , 371.30 , 90.70 , 189.27 , 881.01 , 97.32 , 232.98 , 368.12 , 389.80 , 89.40 , 375.00 , 192.45 , 223.72 , 220.09 , 63.65 
6/16/21, 222.06 , 32.41 , 271.40 , 73.30 , 62.98 , 101.81 , 84.40 , 76.22 , 32.94 , 67.76 , 25.53 , 40.69 , 18.85 , 11.35 , 57.02 , 48.96 , 12.10 , 156.27 , 41.62 , 71.46 , 45.57 , 371.00 , 91.10 , 190.11 , 869.35 , 98.48 , 229.60 , 363.82 , 383.60 , 88.43 , 372.21 , 190.08 , 221.98 , 216.79 , 62.72 
6/17/21, 219.07 , 32.08 , 266.92 , 74.58 , 63.35 , 102.42 , 84.39 , 76.28 , 32.80 , 68.35 , 25.34 , 40.41 , 18.31 , 10.67 , 54.16 , 45.36 , 11.37 , 151.76 , 39.80 , 68.86 , 42.79 , 361.50 , 87.91 , 182.45 , 868.82 , 97.13 , 232.15 , 367.29 , 382.90 , 87.13 , 368.70 , 187.68 , 220.38 , 211.64 , 60.44 
6/18/21, 214.81 , 31.58 , 261.43 , 73.28 , 61.45 , 99.61 , 82.35 , 74.49 , 31.77 , 66.60 , 24.63 , 39.60 , 17.66 , 10.56 , 53.02 , 44.18 , 11.02 , 147.92 , 38.78 , 67.61 , 41.75 , 348.83 , 84.09 , 178.33 , 840.78 , 96.38 , 230.41 , 367.42 , 379.19 , 85.92 , 367.19 , 185.15 , 218.86 , 207.18 , 59.21 
6/21/21, 217.51 , 31.94 , 264.76 , 74.33 , 62.50 , 101.31 , 83.19 , 75.19 , 31.88 , 67.14 , 24.94 , 40.00 , 18.29 , 11.01 , 55.59 , 45.71 , 11.59 , 150.43 , 39.75 , 68.45 , 43.28 , 357.54 , 85.94 , 184.15 , 861.26 , 98.31 , 234.32 , 373.09 , 382.50 , 88.00 , 373.29 , 190.78 , 222.68 , 213.05 , 60.46 
6/22/21, 218.99 , 31.76 , 264.08 , 74.11 , 62.08 , 100.40 , 83.26 , 74.46 , 31.61 , 66.75 , 24.79 , 40.00 , 18.20 , 10.94 , 55.47 , 45.39 , 11.60 , 150.21 , 39.97 , 68.96 , 43.54 , 357.53 , 85.70 , 183.91 , 864.76 , 98.41 , 235.93 , 378.04 , 382.48 , 87.38 , 372.57 , 189.58 , 221.69 , 211.60 , 60.01 
6/23/21, 219.11 , 31.55 , 263.20 , 73.35 , 61.47 , 99.23 , 82.65 , 73.47 , 31.48 , 66.23 , 24.70 , 39.84 , 18.09 , 10.82 , 55.23 , 45.25 , 11.48 , 151.12 , 40.20 , 69.65 , 43.96 , 361.05 , 85.87 , 185.13 , 865.42 , 99.58 , 234.68 , 375.14 , 377.33 , 86.60 , 370.28 , 186.81 , 221.45 , 209.49 , 58.86 
6/24/21, 218.47 , 31.72 , 264.94 , 72.88 , 60.98 , 99.07 , 82.85 , 73.43 , 31.55 , 66.26 , 24.51 , 40.08 , 18.24 , 10.93 , 55.89 , 45.59 , 11.38 , 152.51 , 40.83 , 71.32 , 45.18 , 368.75 , 87.08 , 189.18 , 867.34 , 99.62 , 236.24 , 374.75 , 377.73 , 86.85 , 369.68 , 188.11 , 219.65 , 211.07 , 58.74 
6/25/21, 221.27 , 31.97 , 265.85 , 73.86 , 61.53 , 99.72 , 84.77 , 73.87 , 31.82 , 67.10 , 24.75 , 40.24 , 18.29 , 10.72 , 56.55 , 45.31 , 11.19 , 154.05 , 41.62 , 71.55 , 46.38 , 368.77 , 88.40 , 193.36 , 874.03 , 98.55 , 237.32 , 379.61 , 382.01 , 86.72 , 373.31 , 189.81 , 221.03 , 213.28 , 59.28 
6/28/21, 219.13 , 31.77 , 263.51 , 75.15 , 61.49 , 100.01 , 84.90 , 73.82 , 32.00 , 67.06 , 24.63 , 39.84 , 17.97 , 10.37 , 55.44 , 44.05 , 11.17 , 154.33 , 41.56 , 71.51 , 45.79 , 368.71 , 87.70 , 191.60 , 878.74 , 99.25 , 234.09 , 367.68 , 380.07 , 85.11 , 370.21 , 188.87 , 219.51 , 211.16 , 58.35 
6/29/21, 218.65 , 31.56 , 262.09 , 74.08 , 60.46 , 98.12 , 83.93 , 72.05 , 31.77 , 65.71 , 24.49 , 39.84 , 17.85 , 10.55 , 55.18 , 43.90 , 11.02 , 154.14 , 40.89 , 69.68 , 44.79 , 372.62 , 90.64 , 190.47 , 873.53 , 98.95 , 235.95 , 368.00 , 373.42 , 84.44 , 360.31 , 186.70 , 215.40 , 207.83 , 57.67 
6/30/21, 219.93 , 32.08 , 265.41 , 73.28 , 60.51 , 98.72 , 84.59 , 71.72 , 31.60 , 65.88 , 24.52 , 40.04 , 18.23 , 10.63 , 55.64 , 44.45 , 11.36 , 155.54 , 41.23 , 70.75 , 45.29 , 379.53 , 91.69 , 190.76 , 874.97 , 97.14 , 233.82 , 365.09 , 378.35 , 85.31 , 363.43 , 188.26 , 216.15 , 210.75 , 58.12 
7/1/21, 223.55 , 32.28 , 269.28 , 74.19 , 61.48 , 99.55 , 85.26 , 72.54 , 32.07 , 67.03 , 24.73 , 40.39 , 18.43 , 10.70 , 56.93 , 44.78 , 11.71 , 157.08 , 41.54 , 71.01 , 45.41 , 374.99 , 92.02 , 191.74 , 879.23 , 97.11 , 235.15 , 370.71 , 380.22 , 86.22 , 367.62 , 188.05 , 218.66 , 212.15 , 58.12 
7/2/21, 224.72 , 32.58 , 270.91 , 74.28 , 61.53 , 99.51 , 85.20 , 72.47 , 32.18 , 66.82 , 24.91 , 40.69 , 18.57 , 10.71 , 57.39 , 44.80 , 11.54 , 156.03 , 41.15 , 70.41 , 45.07 , 374.16 , 92.03 , 192.79 , 893.63 , 97.65 , 238.63 , 375.03 , 381.49 , 86.70 , 369.20 , 188.54 , 219.44 , 211.97 , 58.52 
7/6/21, 223.81 , 32.40 , 269.34 , 75.13 , 61.64 , 99.83 , 85.24 , 72.94 , 32.00 , 67.07 , 24.89 , 40.20 , 18.44 , 10.66 , 56.49 , 43.98 , 11.07 , 153.41 , 40.07 , 68.21 , 43.49 , 369.86 , 90.21 , 187.96 , 892.68 , 97.54 , 239.60 , 376.12 , 378.67 , 85.75 , 367.65 , 186.91 , 219.50 , 205.86 , 58.15 
7/7/21, 228.35 , 32.98 , 273.35 , 75.33 , 61.69 , 100.37 , 85.62 , 73.34 , 32.18 , 67.69 , 25.01 , 40.17 , 18.30 , 10.47 , 55.44 , 43.14 , 10.82 , 153.59 , 39.75 , 67.93 , 43.40 , 367.67 , 90.03 , 186.58 , 900.94 , 98.88 , 240.00 , 373.92 , 383.48 , 85.83 , 371.26 , 189.79 , 224.00 , 206.89 , 58.18 
7/8/21, 218.34 , 30.95 , 253.78 , 75.13 , 61.55 , 100.56 , 85.31 , 73.36 , 32.04 , 67.50 , 25.26 , 39.84 , 18.17 , 10.37 , 55.38 , 43.31 , 10.75 , 150.94 , 38.78 , 66.73 , 42.32 , 358.94 , 87.64 , 183.23 , 876.50 , 98.26 , 236.61 , 370.19 , 379.92 , 85.44 , 369.94 , 188.02 , 222.30 , 203.55 , 57.24 
7/9/21, 221.69 , 31.83 , 263.64 , 74.99 , 61.47 , 100.66 , 85.39 , 73.30 , 32.02 , 67.67 , 25.47 , 40.25 , 18.67 , 10.59 , 57.52 , 45.04 , 11.12 , 155.77 , 40.04 , 68.45 , 43.91 , 371.76 , 90.33 , 189.67 , 901.31 , 99.73 , 238.47 , 372.94 , 383.11 , 86.38 , 371.82 , 190.22 , 223.99 , 206.22 , 58.39 
7/12/21, 221.22 , 31.74 , 261.79 , 75.09 , 61.80 , 101.53 , 85.41 , 73.36 , 32.29 , 67.84 , 25.21 , 40.15 , 18.52 , 10.46 , 56.92 , 44.66 , 10.74 , 158.00 , 40.63 , 69.44 , 44.16 , 380.50 , 92.75 , 191.91 , 915.92 , 101.93 , 237.87 , 375.56 , 379.07 , 86.22 , 370.33 , 189.33 , 224.25 , 204.69 , 58.01 
7/13/21, 219.18 , 31.70 , 261.28 , 74.86 , 61.34 , 101.53 , 85.24 , 72.63 , 31.94 , 67.58 , 24.68 , 39.90 , 18.28 , 10.28 , 55.92 , 44.39 , 10.66 , 155.65 , 39.86 , 68.37 , 43.23 , 375.98 , 93.21 , 189.28 , 908.07 , 99.83 , 242.35 , 383.71 , 377.84 , 85.33 , 367.39 , 188.74 , 224.58 , 202.66 , 57.95 
7/14/21, 220.05 , 31.64 , 261.76 , 75.70 , 61.89 , 102.70 , 86.18 , 73.19 , 32.19 , 68.09 , 24.77 , 39.54 , 17.93 , 10.08 , 54.88 , 43.03 , 10.53 , 155.12 , 38.86 , 68.17 , 44.95 , 374.40 , 92.46 , 188.34 , 880.32 , 98.65 , 245.99 , 390.80 , 376.82 , 84.91 , 363.94 , 189.46 , 223.97 , 201.66 , 57.30 
7/15/21, 219.94 , 31.81 , 263.40 , 76.82 , 62.67 , 103.94 , 87.18 , 74.36 , 32.61 , 68.72 , 25.32 , 39.21 , 17.86 , 9.79 , 54.47 , 41.98 , 10.21 , 155.46 , 38.83 , 68.45 , 45.00 , 373.35 , 92.63 , 189.50 , 880.00 , 102.50 , 248.55 , 390.23 , 378.25 , 84.98 , 364.12 , 189.35 , 223.86 , 201.38 , 57.05 
7/16/21, 218.42 , 31.51 , 260.55 , 77.92 , 63.11 , 104.76 , 87.49 , 74.93 , 32.79 , 69.13 , 25.59 , 39.08 , 17.64 , 9.68 , 53.31 , 41.33 , 10.02 , 151.91 , 37.92 , 66.90 , 44.28 , 364.80 , 91.25 , 183.43 , 875.02 , 102.20 , 248.12 , 387.12 , 377.14 , 83.53 , 362.81 , 189.28 , 223.76 , 200.74 , 57.17 
7/19/21, 214.34 , 30.82 , 253.82 , 76.99 , 62.79 , 103.89 , 85.77 , 73.77 , 32.32 , 68.27 , 24.87 , 37.80 , 17.18 , 9.31 , 50.20 , 40.04 , 9.56 , 146.97 , 36.93 , 65.08 , 43.05 , 354.72 , 89.35 , 177.80 , 845.16 , 99.73 , 240.41 , 365.45 , 372.02 , 81.05 , 355.00 , 184.09 , 218.23 , 195.31 , 55.35 
7/20/21, 215.48 , 31.18 , 256.83 , 77.17 , 62.95 , 103.74 , 85.74 , 73.57 , 32.84 , 68.16 , 25.24 , 37.94 , 17.47 , 9.77 , 52.38 , 41.47 , 9.80 , 149.71 , 37.69 , 66.29 , 44.84 , 364.76 , 92.32 , 181.60 , 878.84 , 103.84 , 242.70 , 374.39 , 379.98 , 84.80 , 359.97 , 190.01 , 225.51 , 202.89 , 58.07 
7/21/21, 217.19 , 31.57 , 260.65 , 75.88 , 62.82 , 103.16 , 84.72 , 72.78 , 32.69 , 67.06 , 25.17 , 38.60 , 17.85 , 9.97 , 53.46 , 42.83 , 10.13 , 152.86 , 38.46 , 67.89 , 45.80 , 373.50 , 95.68 , 184.87 , 882.68 , 105.79 , 243.66 , 380.06 , 380.89 , 86.58 , 361.46 , 191.63 , 227.10 , 204.76 , 57.83 
7/22/21, 219.54 , 32.67 , 263.90 , 76.12 , 62.98 , 102.92 , 84.88 , 73.04 , 32.81 , 67.24 , 25.03 , 38.68 , 17.47 , 9.94 , 53.09 , 42.83 , 10.26 , 150.93 , 37.96 , 66.93 , 45.03 , 372.71 , 95.57 , 181.72 , 866.86 , 110.13 , 244.14 , 382.16 , 379.93 , 85.82 , 359.26 , 190.57 , 226.12 , 202.17 , 57.47 
7/23/21, 220.15 , 32.81 , 265.32 , 77.20 , 63.86 , 104.47 , 85.98 , 74.18 , 33.17 , 68.27 , 25.18 , 38.81 , 17.37 , 10.00 , 52.95 , 42.52 , 10.28 , 150.64 , 37.70 , 66.71 , 44.59 , 374.05 , 94.55 , 183.02 , 868.95 , 111.30 , 249.02 , 393.26 , 380.77 , 85.81 , 361.31 , 191.86 , 227.25 , 203.75 , 57.70 
7/26/21, 220.19 , 32.89 , 265.28 , 76.91 , 63.73 , 104.58 , 87.68 , 73.96 , 33.09 , 68.31 , 25.35 , 38.90 , 17.83 , 10.03 , 53.83 , 43.49 , 10.47 , 151.65 , 38.13 , 67.77 , 45.01 , 375.90 , 96.54 , 184.52 , 871.49 , 113.29 , 250.25 , 392.80 , 368.05 , 85.95 , 358.26 , 191.92 , 226.00 , 205.17 , 57.60 
7/27/21, 218.03 , 32.38 , 262.93 , 77.86 , 64.54 , 106.36 , 89.39 , 75.53 , 33.69 , 69.46 , 25.69 , 38.98 , 17.75 , 9.75 , 52.92 , 42.08 , 10.11 , 151.45 , 37.98 , 67.98 , 45.14 , 374.84 , 96.48 , 184.27 , 861.88 , 114.21 , 250.93 , 390.27 , 374.73 , 88.22 , 362.20 , 194.05 , 228.08 , 204.43 , 57.36 
7/28/21, 216.56 , 31.91 , 256.92 , 77.85 , 63.99 , 105.65 , 88.99 , 74.59 , 33.50 , 68.70 , 25.66 , 39.34 , 17.77 , 9.95 , 53.34 , 42.86 , 10.16 , 151.70 , 38.13 , 68.10 , 45.51 , 374.23 , 96.07 , 183.76 , 860.71 , 114.36 , 246.94 , 383.44 , 372.81 , 87.20 , 360.11 , 195.51 , 227.68 , 204.86 , 57.50 
7/29/21, 217.32 , 32.09 , 256.04 , 78.16 , 64.46 , 105.68 , 89.14 , 74.52 , 33.74 , 68.79 , 25.81 , 39.63 , 17.90 , 9.97 , 53.80 , 42.93 , 10.02 , 153.00 , 38.68 , 68.81 , 46.50 , 377.55 , 96.28 , 185.16 , 869.39 , 116.70 , 247.92 , 388.81 , 372.60 , 87.65 , 365.66 , 198.14 , 228.55 , 207.23 , 57.81 
7/30/21, 218.76 , 32.32 , 257.83 , 77.90 , 63.87 , 105.11 , 88.12 , 73.77 , 33.37 , 68.25 , 25.46 , 39.35 , 17.38 , 9.86 , 51.97 , 42.11 , 10.01 , 151.78 , 38.36 , 67.62 , 45.94 , 374.88 , 95.98 , 182.41 , 867.17 , 115.27 , 246.39 , 385.94 , 371.67 , 86.95 , 363.02 , 196.03 , 226.74 , 205.13 , 57.43 
8/2/21, 217.52 , 32.09 , 256.16 , 78.81 , 64.08 , 106.19 , 88.34 , 74.50 , 33.54 , 68.56 , 25.55 , 39.07 , 17.32 , 9.70 , 51.35 , 41.53 , 9.72 , 151.17 , 37.96 , 67.73 , 45.79 , 378.19 , 96.23 , 181.78 , 873.26 , 115.19 , 239.78 , 375.26 , 368.30 , 86.61 , 361.84 , 195.83 , 225.95 , 203.42 , 56.92 
8/3/21, 220.06 , 32.43 , 258.74 , 79.42 , 64.13 , 106.61 , 89.09 , 74.85 , 33.79 , 68.70 , 25.87 , 39.47 , 17.48 , 9.71 , 51.43 , 42.12 , 9.80 , 152.89 , 38.55 , 68.88 , 46.83 , 380.36 , 96.60 , 186.34 , 880.21 , 115.16 , 237.09 , 367.60 , 369.45 , 87.97 , 364.44 , 197.32 , 231.37 , 204.36 , 55.17 
8/4/21, 217.62 , 31.92 , 253.60 , 79.87 , 64.03 , 106.73 , 88.83 , 74.87 , 33.35 , 68.95 , 25.70 , 39.18 , 17.14 , 9.27 , 51.72 , 41.41 , 9.51 , 151.24 , 38.27 , 68.52 , 46.15 , 377.86 , 96.29 , 185.02 , 882.01 , 116.75 , 236.67 , 368.01 , 361.64 , 85.82 , 357.25 , 195.87 , 229.41 , 200.41 , 52.88 
8/5/21, 219.16 , 32.15 , 254.47 , 80.49 , 64.78 , 107.93 , 89.66 , 75.32 , 33.99 , 69.24 , 26.24 , 39.51 , 17.02 , 9.12 , 52.21 , 42.40 , 9.61 , 153.15 , 39.02 , 69.69 , 46.99 , 384.30 , 97.83 , 186.68 , 889.28 , 115.70 , 240.21 , 371.94 , 360.78 , 86.88 , 358.72 , 196.69 , 231.24 , 203.20 , 52.65 
8/6/21, 220.50 , 32.30 , 256.01 , 80.61 , 64.70 , 106.96 , 89.34 , 75.52 , 33.94 , 69.08 , 26.48 , 39.54 , 17.12 , 9.27 , 52.56 , 42.88 , 9.67 , 157.50 , 40.15 , 71.07 , 48.77 , 397.89 , 99.73 , 190.27 , 896.09 , 114.29 , 241.40 , 374.53 , 362.05 , 87.58 , 362.11 , 199.08 , 231.29 , 205.58 , 53.94 
8/9/21, 219.95 , 32.39 , 255.67 , 80.56 , 64.85 , 106.15 , 88.76 , 76.07 , 33.82 , 69.12 , 26.54 , 39.24 , 17.04 , 9.23 , 51.75 , 42.64 , 9.46 , 157.33 , 40.67 , 71.52 , 48.65 , 399.88 , 100.74 , 190.01 , 901.97 , 114.24 , 240.00 , 370.68 , 361.04 , 87.08 , 360.99 , 197.24 , 229.00 , 205.13 , 54.19 
8/10/21, 221.71 , 32.95 , 259.07 , 80.53 , 65.21 , 106.90 , 88.75 , 76.40 , 33.92 , 68.71 , 26.62 , 39.78 , 17.19 , 9.40 , 52.70 , 44.40 , 9.77 , 159.26 , 41.43 , 72.98 , 49.63 , 407.97 , 102.04 , 191.70 , 912.56 , 113.82 , 238.07 , 367.84 , 362.24 , 87.65 , 362.68 , 199.02 , 232.62 , 206.94 , 55.38 
8/11/21, 226.39 , 33.98 , 265.71 , 82.37 , 65.63 , 107.14 , 89.17 , 77.12 , 34.37 , 69.07 , 26.81 , 40.28 , 17.24 , 9.54 , 52.83 , 44.19 , 9.85 , 161.16 , 41.95 , 74.30 , 50.66 , 413.89 , 103.88 , 193.90 , 917.09 , 114.46 , 235.06 , 364.24 , 363.30 , 88.62 , 366.10 , 200.69 , 232.89 , 208.93 , 55.66 
8/12/21, 227.66 , 34.13 , 269.01 , 83.00 , 65.72 , 105.69 , 88.95 , 77.25 , 34.25 , 68.79 , 26.75 , 39.19 , 17.30 , 9.72 , 53.37 , 44.32 , 10.05 , 161.79 , 42.15 , 74.13 , 51.15 , 415.00 , 104.67 , 193.40 , 918.54 , 113.50 , 231.79 , 361.98 , 359.75 , 87.98 , 363.86 , 199.17 , 230.77 , 207.49 , 55.66 
8/13/21, 227.80 , 33.87 , 268.92 , 83.45 , 65.53 , 106.00 , 89.69 , 77.74 , 34.48 , 69.04 , 26.90 , 39.19 , 17.21 , 9.51 , 52.45 , 43.94 , 10.00 , 159.98 , 41.63 , 73.11 , 50.37 , 410.78 , 103.94 , 190.38 , 916.86 , 114.80 , 232.65 , 362.75 , 357.98 , 87.25 , 363.11 , 198.37 , 229.83 , 205.94 , 55.28 
8/16/21, 227.49 , 33.87 , 269.73 , 83.95 , 66.38 , 107.81 , 90.30 , 78.25 , 34.64 , 69.77 , 26.79 , 39.21 , 17.00 , 9.51 , 51.75 , 43.02 , 9.73 , 158.93 , 41.29 , 72.10 , 49.41 , 408.35 , 103.72 , 189.65 , 924.89 , 114.76 , 235.36 , 363.56 , 360.25 , 87.14 , 368.62 , 200.46 , 234.15 , 205.75 , 55.39 
8/17/21, 225.86 , 33.74 , 266.73 , 83.96 , 66.45 , 107.71 , 90.54 , 77.24 , 34.48 , 69.95 , 26.85 , 38.69 , 16.75 , 9.32 , 51.28 , 43.23 , 9.69 , 157.01 , 41.09 , 71.62 , 48.71 , 404.97 , 102.87 , 187.75 , 909.62 , 112.81 , 234.53 , 363.23 , 361.60 , 86.61 , 368.63 , 199.32 , 233.88 , 205.67 , 55.66 
8/18/21, 224.82 , 33.76 , 265.29 , 84.42 , 66.01 , 107.05 , 89.75 , 76.60 , 34.38 , 69.33 , 26.40 , 38.18 , 16.29 , 9.10 , 50.56 , 42.46 , 9.42 , 155.58 , 40.79 , 71.12 , 47.97 , 398.80 , 101.26 , 185.56 , 901.91 , 111.43 , 231.63 , 360.95 , 356.60 , 85.48 , 363.16 , 196.80 , 231.23 , 201.17 , 54.88 
8/19/21, 223.77 , 33.59 , 262.20 , 84.55 , 66.38 , 106.88 , 90.40 , 76.69 , 34.79 , 70.12 , 25.92 , 37.31 , 15.89 , 8.95 , 49.27 , 41.12 , 9.11 , 154.28 , 40.19 , 69.84 , 47.25 , 393.57 , 99.73 , 184.34 , 903.78 , 110.37 , 231.57 , 357.31 , 354.03 , 83.35 , 361.09 , 195.49 , 230.12 , 200.16 , 53.90 
8/20/21, 223.71 , 33.73 , 262.27 , 86.28 , 67.32 , 107.21 , 91.08 , 76.95 , 35.20 , 70.61 , 26.34 , 37.84 , 15.94 , 9.02 , 50.43 , 41.85 , 9.41 , 154.72 , 40.37 , 70.25 , 47.42 , 395.87 , 100.66 , 185.82 , 917.17 , 113.30 , 231.36 , 354.99 , 357.17 , 84.05 , 363.00 , 197.30 , 231.14 , 202.73 , 55.84 
8/23/21, 223.78 , 33.87 , 263.61 , 84.40 , 66.67 , 105.83 , 90.12 , 75.79 , 34.98 , 68.99 , 26.18 , 38.73 , 16.28 , 9.21 , 51.98 , 43.07 , 9.52 , 156.70 , 40.91 , 70.89 , 47.61 , 401.45 , 102.16 , 187.27 , 927.86 , 115.77 , 234.14 , 361.01 , 357.35 , 84.96 , 362.92 , 198.01 , 232.49 , 205.98 , 56.43 
8/24/21, 221.25 , 33.37 , 259.43 , 84.14 , 65.73 , 105.15 , 89.23 , 75.02 , 34.88 , 68.29 , 25.84 , 39.00 , 16.48 , 9.33 , 52.96 , 43.91 , 9.60 , 157.67 , 41.48 , 72.04 , 48.36 , 408.56 , 103.09 , 188.48 , 929.19 , 118.07 , 234.24 , 361.78 , 359.00 , 85.43 , 362.77 , 198.92 , 232.44 , 206.04 , 57.26 
8/25/21, 221.29 , 33.46 , 261.16 , 84.53 , 65.87 , 105.38 , 89.33 , 75.27 , 34.86 , 68.31 , 25.72 , 39.13 , 16.47 , 9.48 , 53.46 , 44.36 , 9.21 , 160.92 , 42.15 , 73.18 , 49.29 , 413.12 , 104.09 , 192.13 , 939.52 , 119.52 , 232.59 , 359.10 , 358.75 , 85.73 , 362.66 , 199.30 , 233.26 , 206.22 , 57.61 
8/26/21, 220.98 , 33.28 , 259.56 , 83.81 , 66.14 , 104.85 , 89.25 , 75.22 , 34.78 , 68.30 , 25.37 , 38.92 , 16.14 , 9.20 , 52.55 , 43.57 , 9.49 , 161.75 , 42.04 , 72.44 , 49.05 , 412.41 , 103.84 , 191.00 , 935.88 , 121.88 , 230.52 , 352.86 , 361.62 , 84.76 , 366.76 , 199.07 , 234.50 , 204.42 , 57.49 
8/27/21, 221.43 , 33.45 , 260.81 , 83.41 , 65.99 , 104.67 , 89.29 , 75.64 , 35.00 , 68.70 , 25.62 , 39.44 , 16.59 , 9.49 , 53.84 , 45.15 , 9.25 , 163.05 , 42.49 , 72.99 , 49.81 , 419.69 , 105.45 , 194.51 , 954.94 , 124.22 , 232.69 , 355.73 , 361.99 , 85.40 , 364.84 , 199.72 , 232.20 , 206.99 , 57.47 
8/30/21, 219.08 , 33.10 , 258.23 , 83.95 , 65.75 , 104.79 , 89.62 , 75.70 , 35.12 , 69.03 , 25.38 , 39.53 , 16.34 , 9.30 , 53.04 , 44.18 , 9.33 , 160.44 , 41.66 , 71.67 , 48.41 , 413.60 , 104.09 , 190.61 , 948.08 , 124.41 , 231.23 , 353.05 , 362.05 , 84.80 , 367.62 , 199.19 , 232.62 , 207.01 , 57.00 
8/31/21, 216.84 , 32.53 , 253.54 , 83.99 , 65.73 , 104.66 , 89.57 , 75.45 , 34.95 , 68.75 , 25.09 , 39.31 , 16.27 , 9.30 , 52.52 , 43.92 , 9.39 , 159.95 , 41.75 , 71.91 , 45.70 , 413.51 , 104.43 , 191.10 , 943.29 , 125.73 , 229.10 , 346.23 , 359.80 , 84.76 , 367.70 , 200.31 , 233.01 , 204.17 , 57.43 
9/1/21, 216.93 , 32.54 , 252.25 , 85.34 , 66.48 , 106.12 , 90.50 , 76.44 , 35.37 , 69.75 , 25.51 , 39.47 , 16.16 , 9.44 , 52.08 , 43.79 , 9.66 , 159.72 , 41.19 , 71.31 , 43.45 , 413.66 , 104.31 , 189.48 , 943.82 , 127.52 , 230.12 , 349.57 , 356.66 , 84.10 , 364.98 , 199.79 , 232.70 , 202.99 , 57.05 
9/2/21, 217.53 , 32.58 , 253.68 , 86.48 , 66.85 , 106.65 , 90.93 , 77.13 , 35.72 , 70.32 , 25.77 , 39.82 , 16.42 , 9.67 , 53.29 , 45.05 , 9.64 , 160.46 , 41.02 , 71.50 , 44.57 , 414.50 , 104.83 , 191.71 , 950.67 , 128.32 , 224.18 , 341.28 , 358.05 , 84.54 , 368.30 , 202.30 , 234.18 , 205.13 , 57.66 
9/3/21, 214.91 , 32.00 , 250.40 , 85.69 , 66.27 , 105.68 , 90.41 , 76.30 , 35.53 , 69.80 , 25.94 , 40.03 , 16.34 , 9.65 , 53.17 , 45.05 , 9.58 , 159.49 , 41.05 , 71.17 , 44.17 , 411.31 , 104.25 , 191.52 , 937.28 , 129.00 , 225.11 , 340.23 , 356.00 , 83.65 , 365.93 , 202.46 , 231.74 , 203.17 , 57.48 
9/7/21, 213.00 , 31.51 , 248.15 , 85.03 , 66.19 , 103.20 , 88.91 , 74.88 , 35.30 , 67.90 , 25.80 , 39.96 , 16.16 , 9.50 , 52.47 , 44.42 , 9.66 , 159.21 , 41.32 , 70.82 , 44.31 , 410.32 , 104.18 , 192.21 , 924.83 , 127.07 , 226.27 , 344.71 , 349.20 , 83.00 , 358.88 , 202.39 , 229.73 , 199.24 , 57.40 
9/8/21, 215.25 , 31.69 , 249.63 , 86.44 , 67.31 , 105.33 , 90.68 , 76.92 , 35.91 , 69.31 , 26.47 , 40.41 , 16.09 , 9.44 , 52.36 , 44.30 , 9.62 , 158.50 , 40.78 , 70.04 , 43.82 , 405.00 , 103.57 , 191.72 , 924.34 , 128.31 , 229.09 , 351.04 , 351.46 , 82.87 , 360.40 , 204.40 , 230.85 , 199.49 , 57.04 
9/9/21, 210.05 , 31.35 , 247.62 , 85.84 , 67.18 , 104.62 , 90.40 , 76.38 , 35.82 , 69.27 , 26.56 , 40.08 , 15.98 , 9.32 , 52.40 , 43.96 , 9.67 , 159.19 , 40.93 , 70.46 , 44.36 , 404.58 , 103.84 , 192.28 , 922.14 , 129.41 , 227.49 , 351.41 , 348.93 , 83.66 , 356.78 , 203.81 , 232.05 , 199.33 , 56.87 
9/10/21, 207.76 , 30.95 , 247.15 , 84.93 , 66.21 , 103.20 , 88.83 , 74.69 , 35.59 , 67.76 , 26.22 , 39.80 , 15.97 , 9.30 , 52.49 , 43.49 , 9.93 , 157.36 , 40.27 , 69.57 , 44.33 , 403.48 , 103.62 , 191.66 , 916.62 , 128.74 , 224.91 , 347.39 , 345.88 , 83.00 , 354.10 , 201.60 , 231.63 , 198.18 , 56.50 
9/13/21, 206.75 , 30.90 , 245.54 , 84.58 , 66.33 , 102.73 , 88.32 , 74.41 , 36.05 , 67.08 , 26.16 , 40.14 , 16.14 , 9.34 , 53.41 , 44.74 , 9.90 , 159.86 , 40.94 , 70.52 , 45.76 , 409.26 , 104.40 , 194.46 , 916.26 , 129.21 , 224.63 , 347.82 , 346.31 , 83.64 , 353.70 , 199.42 , 228.52 , 200.98 , 56.95 
9/14/21, 203.41 , 30.50 , 244.79 , 84.64 , 65.97 , 101.61 , 87.83 , 74.19 , 35.92 , 66.11 , 25.66 , 39.80 , 16.01 , 9.30 , 53.05 , 44.20 , 10.01 , 157.07 , 39.84 , 68.78 , 46.05 , 403.69 , 101.91 , 188.35 , 901.95 , 130.60 , 223.03 , 345.80 , 344.34 , 82.74 , 351.73 , 196.66 , 226.98 , 197.75 , 54.61 
9/15/21, 204.25 , 30.85 , 248.62 , 84.61 , 66.01 , 102.03 , 87.33 , 73.99 , 36.26 , 65.45 , 25.10 , 40.27 , 16.38 , 9.24 , 55.71 , 46.71 , 9.80 , 158.16 , 40.14 , 70.45 , 46.64 , 401.95 , 103.04 , 190.18 , 909.65 , 134.60 , 223.81 , 344.75 , 345.07 , 84.87 , 355.74 , 198.48 , 228.70 , 199.20 , 54.71 
9/16/21, 203.44 , 30.91 , 248.00 , 84.00 , 65.38 , 101.41 , 85.98 , 73.66 , 35.78 , 65.00 , 24.63 , 40.06 , 16.16 , 9.14 , 55.57 , 46.22 , 9.47 , 158.09 , 40.45 , 70.00 , 46.28 , 396.68 , 102.47 , 189.90 , 890.44 , 135.04 , 224.33 , 346.31 , 341.50 , 84.02 , 349.66 , 194.88 , 221.03 , 195.08 , 55.36 
9/17/21, 201.47 , 30.31 , 246.04 , 81.64 , 64.14 , 99.67 , 84.10 , 73.07 , 35.55 , 64.00 , 24.43 , 39.65 , 15.96 , 9.10 , 55.17 , 45.04 , 9.24 , 157.68 , 40.50 , 69.96 , 46.47 , 391.46 , 101.75 , 188.92 , 876.63 , 133.63 , 221.75 , 343.04 , 340.98 , 83.39 , 350.24 , 195.12 , 222.46 , 194.99 , 55.20 
9/20/21, 197.87 , 29.77 , 241.56 , 81.69 , 63.96 , 99.64 , 83.30 , 73.31 , 35.45 , 63.44 , 24.71 , 38.87 , 15.68 , 8.73 , 52.99 , 44.12 , 9.24 , 152.96 , 39.11 , 67.30 , 45.81 , 378.13 , 98.63 , 184.67 , 857.27 , 123.96 , 220.05 , 339.69 , 338.46 , 83.45 , 348.81 , 193.43 , 222.04 , 193.63 , 54.79 
9/21/21, 196.61 , 29.71 , 239.24 , 81.92 , 63.81 , 98.92 , 82.99 , 73.05 , 34.95 , 63.29 , 24.92 , 39.22 , 15.78 , 8.85 , 53.31 , 44.74 , 9.52 , 152.98 , 39.13 , 66.94 , 45.85 , 375.84 , 98.30 , 183.97 , 845.24 , 127.57 , 220.17 , 337.38 , 336.05 , 83.11 , 345.14 , 191.19 , 219.99 , 189.32 , 54.68 
9/22/21, 198.07 , 29.86 , 239.52 , 81.90 , 63.61 , 98.54 , 82.72 , 73.25 , 35.21 , 63.19 , 24.56 , 39.52 , 16.13 , 9.25 , 54.85 , 46.02 , 10.02 , 155.91 , 40.14 , 68.24 , 47.08 , 385.47 , 100.80 , 187.67 , 851.05 , 125.82 , 222.75 , 343.41 , 341.73 , 85.27 , 348.52 , 193.75 , 222.73 , 191.47 , 54.55 
9/23/21, 201.72 , 30.21 , 242.17 , 81.27 , 63.40 , 98.40 , 82.31 , 73.11 , 35.40 , 62.90 , 24.80 , 40.08 , 16.49 , 9.49 , 57.46 , 47.44 , 10.03 , 161.18 , 41.69 , 70.88 , 47.80 , 391.86 , 103.55 , 193.61 , 876.17 , 127.09 , 228.31 , 354.07 , 344.20 , 86.75 , 350.91 , 196.75 , 221.24 , 194.54 , 55.57 
9/24/21, 203.80 , 30.42 , 245.07 , 80.70 , 63.16 , 98.46 , 82.05 , 73.00 , 35.11 , 63.32 , 25.41 , 40.03 , 16.53 , 9.28 , 57.47 , 47.42 , 10.36 , 163.04 , 42.14 , 71.18 , 47.92 , 390.85 , 102.91 , 194.50 , 874.62 , 125.10 , 231.59 , 358.16 , 349.52 , 87.16 , 355.70 , 197.42 , 223.49 , 195.37 , 55.31 
9/27/21, 203.96 , 30.56 , 245.62 , 78.76 , 62.44 , 97.63 , 81.36 , 72.53 , 34.86 , 62.25 , 25.42 , 40.39 , 16.98 , 9.63 , 58.90 , 49.46 , 10.17 , 166.98 , 43.26 , 72.26 , 47.56 , 399.81 , 105.10 , 200.20 , 875.47 , 123.34 , 229.60 , 356.77 , 353.36 , 87.34 , 357.21 , 197.76 , 223.18 , 197.06 , 55.79 
9/28/21, 201.12 , 30.50 , 245.22 , 77.27 , 61.94 , 97.05 , 81.28 , 72.16 , 34.37 , 61.42 , 24.95 , 39.80 , 16.89 , 9.51 , 58.28 , 49.32 , 10.31 , 166.08 , 43.16 , 71.37 , 45.92 , 389.50 , 102.04 , 197.72 , 860.57 , 118.18 , 225.56 , 351.18 , 352.15 , 86.84 , 358.30 , 197.10 , 221.88 , 196.54 , 54.97 
9/29/21, 201.68 , 30.36 , 244.24 , 78.35 , 62.64 , 98.34 , 82.17 , 73.45 , 34.68 , 62.67 , 25.11 , 39.82 , 16.92 , 9.58 , 58.81 , 49.50 , 10.17 , 165.95 , 43.07 , 71.53 , 47.03 , 384.89 , 99.55 , 197.44 , 856.57 , 118.92 , 226.68 , 353.19 , 350.29 , 86.99 , 362.98 , 198.39 , 223.03 , 197.33 , 54.38 
9/30/21, 196.01 , 29.74 , 239.25 , 78.52 , 61.97 , 97.59 , 81.18 , 72.59 , 34.47 , 62.50 , 24.60 , 39.80 , 16.73 , 9.58 , 57.99 , 49.21 , 10.21 , 163.69 , 42.45 , 70.18 , 46.41 , 378.03 , 97.31 , 195.64 , 838.66 , 116.34 , 222.75 , 347.68 , 345.10 , 85.96 , 360.15 , 196.03 , 220.24 , 193.06 , 53.86 
10/1/21, 201.74 , 30.34 , 243.54 , 79.21 , 61.75 , 98.46 , 81.38 , 71.60 , 34.08 , 62.49 , 24.90 , 40.02 , 16.91 , 9.75 , 59.45 , 50.77 , 10.19 , 167.13 , 43.08 , 71.18 , 47.02 , 380.00 , 99.05 , 198.31 , 841.89 , 115.75 , 230.46 , 360.18 , 347.80 , 87.48 , 360.92 , 198.22 , 219.48 , 194.18 , 55.03 
10/4/21, 205.51 , 30.51 , 247.88 , 79.36 , 62.43 , 100.76 , 83.04 , 73.22 , 34.48 , 63.90 , 25.49 , 40.42 , 16.94 , 10.08 , 60.06 , 52.07 , 10.19 , 166.95 , 43.34 , 71.29 , 47.02 , 374.15 , 97.15 , 198.09 , 825.56 , 110.95 , 224.73 , 344.20 , 345.99 , 87.69 , 365.67 , 197.51 , 218.44 , 195.06 , 55.85 
10/5/21, 209.97 , 31.43 , 255.14 , 79.48 , 62.06 , 100.17 , 83.02 , 73.04 , 34.47 , 63.30 , 25.47 , 40.18 , 16.92 , 9.86 , 60.22 , 52.22 , 9.93 , 168.66 , 44.22 , 72.53 , 47.96 , 385.81 , 99.20 , 200.49 , 838.78 , 114.81 , 224.28 , 343.21 , 347.75 , 88.72 , 369.88 , 198.16 , 222.33 , 194.93 , 56.92 
10/6/21, 212.44 , 32.54 , 262.53 , 81.18 , 62.73 , 101.85 , 84.56 , 74.61 , 35.02 , 64.33 , 25.79 , 40.55 , 16.74 , 9.42 , 60.10 , 51.88 , 10.22 , 169.02 , 44.24 , 72.42 , 47.87 , 388.05 , 99.10 , 200.82 , 837.55 , 113.87 , 226.51 , 348.69 , 349.99 , 89.27 , 377.32 , 199.36 , 226.87 , 196.78 , 57.75 
10/7/21, 211.88 , 32.18 , 259.66 , 80.92 , 62.67 , 100.96 , 84.14 , 74.38 , 34.73 , 63.97 , 25.57 , 40.80 , 16.94 , 9.64 , 60.75 , 52.31 , 10.42 , 170.09 , 44.12 , 72.19 , 47.76 , 390.62 , 98.80 , 201.80 , 842.35 , 115.28 , 230.55 , 353.91 , 351.78 , 90.15 , 382.70 , 201.73 , 230.64 , 202.86 , 58.02 
10/8/21, 216.48 , 32.71 , 264.88 , 80.21 , 62.56 , 100.53 , 83.58 , 73.47 , 34.48 , 63.20 , 25.54 , 41.37 , 17.47 , 9.94 , 61.63 , 52.71 , 10.49 , 170.22 , 44.34 , 72.35 , 48.00 , 392.81 , 100.04 , 202.76 , 844.40 , 116.43 , 230.27 , 354.96 , 353.75 , 90.62 , 389.72 , 202.12 , 233.17 , 206.39 , 57.69 
10/11/21, 214.91 , 32.50 , 264.44 , 77.83 , 61.92 , 99.71 , 82.51 , 73.92 , 33.92 , 62.44 , 25.54 , 41.34 , 17.74 , 9.93 , 61.90 , 53.02 , 10.57 , 166.64 , 43.78 , 71.68 , 47.28 , 385.24 , 97.29 , 201.05 , 839.73 , 114.54 , 225.11 , 347.15 , 357.08 , 89.89 , 393.16 , 202.88 , 235.37 , 210.82 , 58.11 
10/12/21, 213.41 , 32.13 , 261.07 , 78.87 , 62.10 , 99.82 , 82.55 , 75.69 , 34.43 , 63.00 , 26.04 , 41.84 , 17.94 , 9.90 , 62.95 , 53.77 , 10.72 , 165.36 , 43.54 , 70.64 , 46.65 , 386.53 , 97.78 , 203.30 , 836.19 , 115.94 , 224.05 , 345.34 , 358.12 , 89.72 , 390.07 , 203.55 , 237.12 , 212.17 , 58.22 
10/13/21, 215.85 , 32.58 , 262.25 , 80.19 , 62.51 , 100.70 , 83.46 , 76.05 , 35.00 , 64.39 , 25.90 , 42.11 , 17.97 , 9.96 , 63.27 , 54.23 , 10.90 , 161.00 , 43.14 , 70.26 , 46.05 , 386.31 , 98.57 , 201.76 , 867.81 , 118.69 , 222.46 , 342.35 , 361.76 , 89.68 , 388.70 , 203.39 , 234.58 , 207.97 , 56.20 
10/14/21, 221.34 , 33.43 , 269.83 , 81.46 , 63.26 , 101.65 , 84.05 , 75.67 , 35.75 , 65.43 , 26.57 , 42.53 , 18.38 , 9.94 , 64.55 , 55.21 , 11.10 , 163.47 , 45.07 , 70.80 , 45.31 , 391.20 , 101.01 , 202.50 , 892.51 , 122.03 , 225.18 , 344.58 , 362.07 , 89.17 , 389.94 , 205.14 , 236.67 , 208.46 , 56.87 
10/15/21, 225.16 , 34.16 , 275.58 , 81.67 , 63.13 , 100.35 , 83.49 , 74.47 , 35.52 , 65.93 , 26.75 , 42.56 , 18.46 , 9.99 , 65.12 , 55.71 , 11.15 , 166.61 , 46.37 , 72.29 , 48.38 , 406.07 , 102.14 , 199.13 , 907.26 , 123.03 , 230.99 , 356.00 , 365.62 , 90.92 , 395.36 , 208.06 , 239.07 , 210.52 , 56.43 
10/18/21, 225.93 , 34.23 , 275.75 , 80.99 , 62.45 , 99.86 , 82.99 , 72.89 , 35.58 , 64.68 , 26.19 , 42.65 , 18.47 , 10.05 , 65.19 , 56.36 , 11.19 , 166.55 , 46.28 , 71.61 , 49.43 , 413.69 , 101.41 , 200.84 , 896.31 , 123.81 , 230.65 , 358.44 , 365.00 , 90.80 , 393.89 , 206.66 , 238.78 , 207.45 , 56.55 
10/19/21, 225.76 , 34.11 , 274.98 , 82.03 , 62.97 , 101.13 , 83.80 , 73.73 , 35.88 , 64.93 , 26.16 , 42.89 , 18.45 , 10.07 , 65.14 , 56.20 , 11.37 , 168.57 , 46.48 , 71.76 , 50.34 , 412.16 , 101.75 , 206.83 , 901.65 , 126.79 , 233.52 , 362.10 , 371.07 , 91.23 , 399.30 , 208.62 , 241.93 , 209.42 , 56.78 
10/20/21, 228.01 , 34.46 , 279.26 , 83.92 , 63.71 , 102.23 , 84.90 , 75.51 , 36.52 , 65.57 , 26.63 , 43.18 , 18.65 , 10.19 , 65.13 , 56.77 , 10.98 , 170.84 , 47.09 , 71.82 , 50.16 , 407.89 , 100.66 , 212.80 , 902.93 , 128.69 , 231.42 , 356.77 , 371.13 , 91.68 , 400.88 , 208.44 , 243.17 , 211.72 , 57.96 
10/21/21, 231.28 , 35.01 , 282.80 , 83.81 , 64.16 , 103.00 , 85.20 , 75.44 , 36.42 , 65.61 , 26.51 , 42.52 , 17.53 , 9.89 , 64.31 , 55.70 , 10.94 , 169.50 , 46.83 , 70.51 , 50.33 , 407.59 , 100.28 , 212.73 , 903.72 , 132.52 , 230.24 , 356.21 , 373.14 , 91.61 , 402.77 , 208.04 , 241.75 , 211.13 , 58.16 
10/22/21, 237.59 , 35.42 , 286.54 , 84.42 , 62.95 , 103.78 , 85.58 , 76.09 , 36.59 , 65.55 , 26.54 , 42.80 , 17.67 , 9.88 , 64.81 , 56.21 , 10.85 , 171.78 , 47.57 , 71.37 , 50.66 , 414.32 , 101.80 , 216.08 , 914.97 , 137.63 , 231.23 , 358.67 , 374.60 , 91.86 , 406.21 , 209.52 , 244.73 , 212.83 , 58.12 
10/25/21, 240.28 , 35.73 , 287.33 , 84.29 , 62.81 , 102.84 , 84.67 , 75.88 , 36.79 , 64.66 , 26.77 , 42.66 , 17.85 , 9.98 , 65.87 , 56.79 , 10.52 , 170.94 , 47.51 , 70.83 , 50.62 , 414.75 , 101.91 , 216.56 , 924.74 , 139.57 , 233.88 , 360.86 , 376.33 , 91.30 , 406.62 , 207.91 , 244.27 , 212.48 , 58.32 
10/26/21, 240.72 , 35.69 , 286.74 , 85.47 , 63.28 , 103.29 , 84.42 , 76.28 , 37.09 , 64.48 , 26.68 , 42.57 , 17.62 , 9.86 , 65.85 , 56.19 , 10.48 , 171.40 , 47.96 , 70.65 , 50.63 , 417.61 , 103.47 , 216.07 , 931.58 , 142.16 , 231.82 , 357.32 , 331.91 , 89.16 , 396.57 , 204.57 , 233.39 , 204.34 , 57.15 
10/27/21, 239.38 , 35.86 , 287.06 , 85.01 , 62.64 , 102.76 , 84.30 , 75.99 , 37.07 , 63.39 , 26.31 , 42.16 , 17.30 , 9.73 , 65.21 , 54.82 , 10.24 , 167.83 , 47.04 , 70.31 , 50.05 , 410.99 , 101.87 , 212.91 , 917.27 , 136.49 , 215.78 , 335.72 , 330.94 , 89.16 , 388.15 , 205.79 , 228.49 , 202.64 , 55.88 
10/28/21, 242.30 , 36.24 , 293.17 , 86.42 , 62.74 , 102.49 , 84.71 , 76.29 , 37.61 , 64.33 , 26.29 , 42.28 , 17.35 , 9.68 , 65.50 , 55.24 , 10.12 , 170.36 , 47.78 , 70.88 , 51.36 , 414.82 , 102.50 , 213.05 , 935.48 , 139.37 , 209.84 , 333.03 , 331.39 , 89.19 , 358.64 , 202.61 , 224.03 , 204.52 , 57.00 
10/29/21, 241.40 , 36.17 , 293.05 , 85.33 , 62.32 , 102.01 , 84.71 , 75.40 , 37.93 , 64.59 , 26.04 , 41.86 , 16.75 , 9.51 , 63.62 , 54.67 , 10.59 , 169.89 , 47.78 , 69.16 , 51.16 , 413.35 , 102.78 , 211.03 , 943.46 , 138.42 , 211.77 , 335.52 , 332.32 , 88.86 , 357.22 , 202.75 , 230.54 , 202.73 , 56.74 
11/1/21, 239.46 , 35.69 , 288.69 , 85.59 , 62.48 , 102.31 , 85.13 , 76.11 , 38.43 , 64.50 , 26.29 , 42.40 , 17.05 , 9.93 , 64.14 , 55.85 , 10.60 , 169.80 , 47.85 , 69.61 , 51.71 , 416.70 , 104.00 , 210.64 , 936.23 , 137.57 , 212.46 , 334.05 , 330.93 , 88.55 , 354.85 , 201.89 , 221.35 , 202.08 , 57.61 
11/2/21, 240.44 , 35.69 , 286.02 , 85.42 , 62.49 , 102.45 , 85.30 , 76.44 , 38.32 , 64.71 , 26.19 , 42.13 , 16.96 , 9.83 , 64.07 , 55.60 , 10.54 , 170.47 , 47.88 , 68.60 , 51.30 , 423.85 , 104.66 , 210.10 , 947.85 , 143.93 , 209.14 , 328.48 , 326.31 , 87.80 , 353.20 , 201.75 , 218.42 , 199.90 , 53.23 
11/3/21, 239.46 , 35.68 , 287.62 , 85.24 , 62.55 , 102.54 , 84.93 , 76.98 , 38.54 , 63.50 , 26.29 , 42.15 , 16.85 , 9.68 , 63.92 , 54.98 , 10.60 , 170.53 , 48.37 , 69.00 , 52.00 , 417.90 , 102.61 , 212.70 , 951.70 , 144.50 , 208.10 , 329.43 , 331.35 , 88.67 , 354.11 , 201.21 , 221.10 , 199.95 , 54.85 
11/4/21, 237.20 , 35.43 , 284.55 , 84.76 , 62.50 , 101.02 , 83.89 , 76.28 , 38.58 , 63.07 , 26.50 , 41.93 , 16.75 , 9.23 , 63.44 , 55.98 , 10.65 , 168.29 , 47.33 , 67.00 , 50.62 , 408.07 , 99.79 , 207.71 , 954.04 , 144.53 , 208.78 , 335.43 , 335.50 , 88.06 , 356.66 , 198.16 , 222.14 , 191.31 , 54.37 
11/5/21, 238.83 , 35.41 , 283.90 , 85.53 , 63.10 , 101.68 , 85.04 , 78.21 , 38.61 , 63.80 , 26.67 , 43.30 , 16.95 , 9.30 , 64.72 , 56.68 , 10.79 , 168.05 , 46.97 , 66.99 , 50.44 , 407.08 , 99.87 , 207.10 , 955.11 , 142.55 , 216.67 , 348.79 , 339.89 , 91.18 , 364.37 , 201.00 , 223.97 , 194.02 , 55.08 
11/8/21, 239.45 , 35.47 , 284.64 , 84.59 , 62.62 , 101.42 , 83.90 , 77.05 , 37.88 , 62.74 , 26.52 , 42.33 , 16.84 , 9.35 , 64.88 , 57.83 , 10.87 , 169.06 , 47.34 , 68.45 , 50.87 , 408.34 , 100.07 , 208.17 , 965.87 , 142.04 , 220.49 , 349.67 , 341.78 , 90.71 , 363.27 , 202.64 , 223.84 , 194.13 , 53.48 
11/9/21, 241.00 , 35.54 , 284.60 , 84.94 , 63.35 , 101.96 , 83.04 , 77.83 , 38.57 , 63.60 , 26.52 , 42.29 , 16.82 , 9.36 , 64.67 , 57.24 , 10.65 , 167.78 , 46.88 , 67.99 , 49.89 , 405.35 , 99.71 , 207.04 , 966.75 , 146.39 , 213.39 , 344.65 , 338.17 , 90.99 , 364.52 , 202.88 , 224.72 , 194.75 , 53.19 
11/10/21, 241.54 , 35.47 , 281.71 , 85.20 , 63.86 , 101.62 , 84.18 , 77.96 , 38.83 , 64.39 , 26.58 , 42.20 , 16.70 , 9.08 , 62.86 , 54.83 , 10.67 , 167.62 , 47.23 , 68.21 , 50.36 , 399.12 , 97.77 , 205.41 , 959.21 , 139.46 , 215.56 , 357.94 , 337.63 , 90.18 , 362.10 , 201.33 , 223.46 , 193.82 , 52.66 
11/11/21, 240.56 , 35.12 , 275.91 , 85.37 , 63.05 , 100.25 , 82.61 , 77.58 , 39.00 , 63.50 , 26.77 , 41.80 , 16.79 , 9.17 , 63.35 , 55.25 , 10.62 , 167.61 , 47.49 , 68.87 , 50.59 , 402.34 , 98.88 , 205.60 , 965.60 , 141.32 , 210.42 , 354.34 , 335.89 , 89.05 , 359.94 , 199.09 , 218.98 , 188.87 , 52.07 
11/12/21, 242.44 , 35.23 , 275.59 , 86.31 , 61.89 , 99.88 , 82.02 , 77.15 , 38.79 , 63.13 , 26.60 , 40.41 , 16.68 , 9.13 , 63.09 , 54.22 , 10.59 , 166.86 , 46.91 , 69.16 , 50.96 , 404.91 , 99.85 , 203.61 , 971.49 , 143.00 , 212.09 , 363.50 , 339.06 , 88.86 , 359.65 , 200.97 , 220.30 , 192.02 , 53.24 
11/15/21, 241.46 , 35.19 , 275.40 , 87.34 , 62.20 , 100.60 , 82.88 , 78.77 , 39.05 , 64.31 , 26.95 , 40.43 , 16.86 , 9.29 , 63.36 , 55.14 , 10.61 , 166.56 , 47.05 , 68.74 , 51.08 , 404.81 , 100.21 , 204.82 , 953.24 , 142.80 , 212.30 , 361.36 , 340.92 , 89.35 , 360.00 , 201.07 , 221.23 , 190.41 , 53.36 
11/16/21, 241.48 , 35.15 , 273.97 , 86.98 , 62.00 , 99.08 , 82.56 , 77.52 , 38.68 , 64.11 , 26.78 , 40.33 , 16.66 , 9.24 , 63.16 , 54.68 , 10.41 , 165.36 , 47.08 , 67.74 , 50.37 , 403.09 , 100.69 , 205.53 , 948.95 , 144.22 , 215.18 , 369.56 , 340.37 , 88.90 , 354.60 , 198.74 , 220.00 , 188.32 , 52.05 
11/17/21, 239.75 , 35.54 , 274.60 , 87.78 , 62.17 , 98.99 , 83.24 , 77.50 , 38.21 , 64.97 , 26.70 , 40.22 , 16.51 , 8.98 , 63.50 , 54.62 , 10.41 , 164.47 , 46.51 , 66.85 , 49.84 , 391.55 , 97.68 , 202.46 , 931.54 , 145.08 , 205.06 , 359.17 , 341.99 , 87.45 , 353.96 , 199.46 , 221.19 , 186.69 , 51.72 
11/18/21, 240.24 , 36.21 , 275.82 , 87.60 , 61.63 , 98.37 , 82.82 , 77.66 , 38.18 , 64.33 , 26.42 , 40.07 , 16.28 , 8.88 , 63.55 , 54.56 , 10.05 , 163.05 , 46.32 , 67.11 , 49.90 , 391.37 , 97.68 , 200.91 , 922.77 , 146.85 , 203.33 , 348.22 , 342.08 , 86.91 , 351.42 , 198.00 , 220.00 , 185.19 , 51.47 
11/19/21, 241.31 , 36.08 , 273.72 , 88.31 , 62.67 , 98.42 , 83.38 , 78.03 , 38.23 , 65.10 , 26.55 , 39.72 , 16.16 , 8.70 , 61.38 , 53.55 , 9.88 , 160.92 , 45.40 , 66.34 , 48.82 , 387.39 , 96.91 , 199.36 , 914.95 , 146.44 , 200.86 , 339.72 , 341.44 , 85.43 , 353.13 , 196.31 , 220.00 , 184.78 , 51.36 
11/22/21, 243.91 , 36.05 , 277.06 , 87.36 , 63.12 , 100.25 , 84.30 , 78.57 , 38.48 , 66.31 , 26.62 , 39.47 , 16.11 , 8.82 , 61.94 , 53.81 , 10.06 , 164.35 , 46.28 , 67.04 , 50.34 , 396.16 , 99.32 , 204.15 , 919.33 , 144.39 , 195.58 , 321.30 , 344.98 , 86.80 , 363.15 , 199.36 , 222.13 , 190.50 , 51.41 
11/23/21, 247.37 , 36.48 , 279.73 , 87.31 , 63.01 , 100.74 , 84.31 , 79.17 , 38.78 , 65.84 , 26.61 , 39.81 , 16.33 , 8.95 , 64.01 , 55.57 , 10.16 , 168.28 , 47.50 , 68.07 , 51.40 , 406.34 , 101.86 , 209.09 , 935.43 , 145.52 , 198.49 , 329.00 , 345.18 , 87.31 , 364.21 , 200.29 , 221.51 , 189.22 , 51.23 
11/24/21, 246.60 , 36.25 , 277.78 , 87.21 , 63.10 , 100.18 , 83.82 , 79.22 , 38.87 , 65.55 , 26.77 , 39.90 , 16.52 , 9.04 , 64.81 , 56.67 , 9.90 , 166.96 , 47.63 , 67.28 , 51.31 , 399.19 , 101.12 , 208.63 , 930.72 , 148.23 , 203.25 , 340.00 , 343.58 , 87.19 , 361.37 , 198.74 , 218.74 , 186.48 , 50.50 
11/26/21, 239.79 , 35.57 , 269.65 , 86.09 , 62.04 , 99.28 , 82.55 , 78.67 , 38.10 , 64.76 , 26.23 , 38.99 , 16.26 , 8.84 , 62.47 , 54.47 , 9.70 , 161.93 , 45.76 , 65.50 , 48.43 , 389.39 , 97.93 , 200.10 , 901.64 , 143.81 , 197.65 , 324.17 , 342.72 , 83.00 , 353.98 , 193.37 , 215.12 , 183.27 , 49.35 
11/29/21, 239.46 , 35.62 , 268.74 , 88.66 , 62.82 , 100.22 , 83.31 , 80.35 , 38.63 , 65.59 , 26.59 , 38.21 , 16.01 , 8.61 , 62.46 , 53.96 , 9.30 , 161.23 , 45.59 , 65.04 , 49.16 , 386.54 , 97.23 , 200.88 , 928.00 , 148.88 , 196.29 , 323.01 , 341.23 , 82.94 , 356.39 , 194.44 , 214.68 , 181.72 , 48.57 
11/30/21, 235.64 , 34.66 , 265.27 , 86.78 , 61.10 , 97.01 , 81.05 , 77.64 , 37.60 , 63.73 , 25.91 , 37.54 , 15.46 , 8.42 , 59.84 , 51.63 , 9.21 , 158.83 , 44.47 , 63.70 , 47.78 , 380.99 , 94.82 , 197.00 , 904.61 , 141.45 , 193.77 , 314.92 , 333.32 , 80.92 , 348.80 , 188.97 , 209.08 , 177.51 , 47.70 
12/1/21, 233.25 , 34.44 , 269.06 , 87.84 , 61.14 , 96.62 , 80.28 , 77.94 , 37.29 , 64.21 , 25.76 , 37.07 , 15.27 , 8.16 , 58.65 , 50.85 , 9.40 , 157.89 , 43.84 , 62.52 , 47.21 , 376.48 , 95.26 , 195.45 , 900.33 , 137.65 , 190.16 , 306.28 , 328.42 , 79.05 , 345.98 , 189.45 , 207.32 , 176.58 , 46.81 
12/2/21, 240.08 , 35.57 , 278.82 , 88.62 , 62.01 , 97.65 , 81.31 , 78.69 , 37.74 , 64.65 , 26.22 , 37.39 , 15.73 , 8.32 , 60.69 , 52.44 , 9.29 , 161.21 , 44.89 , 63.81 , 48.91 , 387.54 , 98.86 , 201.85 , 918.85 , 141.24 , 198.29 , 320.20 , 330.53 , 81.66 , 352.57 , 194.48 , 211.15 , 178.29 , 48.17 
12/3/21, 240.43 , 35.84 , 281.24 , 88.03 , 62.83 , 99.88 , 82.34 , 80.53 , 37.61 , 65.17 , 26.95 , 37.28 , 15.59 , 8.23 , 60.01 , 51.24 , 9.37 , 158.29 , 43.87 , 62.76 , 47.75 , 382.73 , 98.21 , 197.73 , 899.57 , 135.25 , 196.32 , 322.11 , 333.81 , 81.11 , 357.84 , 197.63 , 212.00 , 181.16 , 47.49 
12/6/21, 246.06 , 36.76 , 287.23 , 89.15 , 64.66 , 101.21 , 83.49 , 81.35 , 38.17 , 65.18 , 27.72 , 37.87 , 15.78 , 8.18 , 60.89 , 52.25 , 9.59 , 160.16 , 44.15 , 62.52 , 48.81 , 389.30 , 99.27 , 199.96 , 896.70 , 134.72 , 202.68 , 333.33 , 339.96 , 83.76 , 363.96 , 199.57 , 215.30 , 185.87 , 48.45 
12/7/21, 247.47 , 37.09 , 287.46 , 90.41 , 64.47 , 101.17 , 83.91 , 81.56 , 38.45 , 66.04 , 27.88 , 38.70 , 16.23 , 8.36 , 62.68 , 53.38 , 9.53 , 162.57 , 44.71 , 62.90 , 50.25 , 400.11 , 102.50 , 203.30 , 920.92 , 139.33 , 207.37 , 339.51 , 339.17 , 85.01 , 362.67 , 199.32 , 214.68 , 184.69 , 48.27 
12/8/21, 247.60 , 36.95 , 286.50 , 90.32 , 64.75 , 100.85 , 84.02 , 81.53 , 38.10 , 67.11 , 27.63 , 38.46 , 16.24 , 8.52 , 62.36 , 53.11 , 9.36 , 160.71 , 44.16 , 62.46 , 49.41 , 397.32 , 101.25 , 202.09 , 923.86 , 135.34 , 208.99 , 342.34 , 341.08 , 86.50 , 364.09 , 200.88 , 216.63 , 186.34 , 48.22 
12/9/21, 247.25 , 36.61 , 286.95 , 89.91 , 64.57 , 100.28 , 83.52 , 81.68 , 37.89 , 66.80 , 27.54 , 37.78 , 16.01 , 8.57 , 61.73 , 52.18 , 9.26 , 160.46 , 44.49 , 62.14 , 49.69 , 396.49 , 100.58 , 200.73 , 919.08 , 133.99 , 211.39 , 344.52 , 343.60 , 86.16 , 367.86 , 201.93 , 216.52 , 185.95 , 47.89 
12/10/21, 248.46 , 36.74 , 289.53 , 90.28 , 65.08 , 101.51 , 83.99 , 82.61 , 38.44 , 66.51 , 27.87 , 37.79 , 16.16 , 8.48 , 62.00 , 52.21 , 8.98 , 159.82 , 44.52 , 60.71 , 50.20 , 391.06 , 98.43 , 201.56 , 925.16 , 133.80 , 213.40 , 349.92 , 344.88 , 86.16 , 371.06 , 204.93 , 216.80 , 185.97 , 47.83 
12/13/21, 245.74 , 36.01 , 284.49 , 91.74 , 66.18 , 103.04 , 84.98 , 83.47 , 38.61 , 67.46 , 28.00 , 37.55 , 15.93 , 8.23 , 60.20 , 50.69 , 8.99 , 157.92 , 43.58 , 60.18 , 48.56 , 384.64 , 97.17 , 196.21 , 917.66 , 129.00 , 211.02 , 345.31 , 345.55 , 84.33 , 377.33 , 203.49 , 217.94 , 187.35 , 47.80 
12/14/21, 244.61 , 35.92 , 283.74 , 90.03 , 65.97 , 102.77 , 85.13 , 83.17 , 38.40 , 67.39 , 27.82 , 37.37 , 15.82 , 8.25 , 59.37 , 50.40 , 9.13 , 159.13 , 44.13 , 60.64 , 48.89 , 388.82 , 98.82 , 198.81 , 902.38 , 126.71 , 209.98 , 340.55 , 345.64 , 83.50 , 376.22 , 203.47 , 213.00 , 186.20 , 47.66 
12/15/21, 247.12 , 36.47 , 287.77 , 92.00 , 66.75 , 103.82 , 87.23 , 84.52 , 39.00 , 68.82 , 28.09 , 37.08 , 15.87 , 8.36 , 59.56 , 50.92 , 9.21 , 157.94 , 43.94 , 60.24 , 48.94 , 389.91 , 99.43 , 198.08 , 914.91 , 127.87 , 212.31 , 346.35 , 344.42 , 83.43 , 378.82 , 206.24 , 213.00 , 189.41 , 48.07 
12/16/21, 248.35 , 36.57 , 290.41 , 92.23 , 67.55 , 104.54 , 88.00 , 84.69 , 38.76 , 68.95 , 27.98 , 37.35 , 15.86 , 8.49 , 58.31 , 50.39 , 9.03 , 160.41 , 45.00 , 61.07 , 50.30 , 397.37 , 100.30 , 201.79 , 921.55 , 123.93 , 214.37 , 352.92 , 344.84 , 82.70 , 378.72 , 206.18 , 210.76 , 188.73 , 47.89 
12/17/21, 242.69 , 35.72 , 284.79 , 90.94 , 66.84 , 103.04 , 86.54 , 83.82 , 38.16 , 67.00 , 26.98 , 36.92 , 15.60 , 8.35 , 57.85 , 49.78 , 8.76 , 156.76 , 43.88 , 59.54 , 47.95 , 381.80 , 97.13 , 197.24 , 913.57 , 123.27 , 211.88 , 349.31 , 344.14 , 82.28 , 377.46 , 202.20 , 207.93 , 184.11 , 47.39 
12/20/21, 240.64 , 35.31 , 281.45 , 89.94 , 67.12 , 103.67 , 87.23 , 84.04 , 38.08 , 67.12 , 27.00 , 36.89 , 15.24 , 8.25 , 56.53 , 48.98 , 9.02 , 153.94 , 43.16 , 58.28 , 46.85 , 371.61 , 95.37 , 192.55 , 897.29 , 119.72 , 208.74 , 337.02 , 337.42 , 81.03 , 369.95 , 198.68 , 202.02 , 179.58 , 46.25 
12/21/21, 242.22 , 35.95 , 285.17 , 90.45 , 66.39 , 103.02 , 86.75 , 83.37 , 38.46 , 66.34 , 27.30 , 37.39 , 15.66 , 8.18 , 57.91 , 50.55 , 9.06 , 156.09 , 44.19 , 59.38 , 47.81 , 380.32 , 97.77 , 196.87 , 910.87 , 123.42 , 215.38 , 350.74 , 340.77 , 83.68 , 378.49 , 203.29 , 207.13 , 183.14 , 47.55 
12/22/21, 242.89 , 36.08 , 285.29 , 90.80 , 66.65 , 103.16 , 86.62 , 83.85 , 38.77 , 66.73 , 27.48 , 37.61 , 15.57 , 8.21 , 57.78 , 50.88 , 9.10 , 156.70 , 44.28 , 59.60 , 48.03 , 382.33 , 98.30 , 197.12 , 911.54 , 130.51 , 217.96 , 357.48 , 343.14 , 84.07 , 379.81 , 203.76 , 206.75 , 180.34 , 47.17 
12/23/21, 245.64 , 36.79 , 287.53 , 90.70 , 66.54 , 102.97 , 86.52 , 83.77 , 38.86 , 66.61 , 27.52 , 38.00 , 15.64 , 8.22 , 58.02 , 50.81 , 9.29 , 157.26 , 44.42 , 60.21 , 48.36 , 385.04 , 99.34 , 197.93 , 913.92 , 135.00 , 216.62 , 360.58 , 347.02 , 84.90 , 381.17 , 204.69 , 208.26 , 182.21 , 47.85 
12/27/21, 247.95 , 37.19 , 291.53 , 91.32 , 66.96 , 103.29 , 87.08 , 83.73 , 39.08 , 66.82 , 27.58 , 38.44 , 15.82 , 8.30 , 59.41 , 52.54 , 9.22 , 158.16 , 44.64 , 60.65 , 48.77 , 388.04 , 100.40 , 201.07 , 922.57 , 135.10 , 217.63 , 360.31 , 350.28 , 85.24 , 384.21 , 207.13 , 210.33 , 184.18 , 47.96 
12/28/21, 249.23 , 37.42 , 293.29 , 91.88 , 67.73 , 104.57 , 88.21 , 84.40 , 39.65 , 67.62 , 27.85 , 38.30 , 15.86 , 8.27 , 59.40 , 52.34 , 9.17 , 158.64 , 44.70 , 60.62 , 48.42 , 387.61 , 99.97 , 201.17 , 921.82 , 131.38 , 218.05 , 360.78 , 353.75 , 86.02 , 385.33 , 207.67 , 212.16 , 186.28 , 48.18 
12/29/21, 251.03 , 37.58 , 295.75 , 91.99 , 68.07 , 104.76 , 88.58 , 85.10 , 40.40 , 67.96 , 27.95 , 38.39 , 15.83 , 8.15 , 58.77 , 51.94 , 9.27 , 158.56 , 44.63 , 60.54 , 48.45 , 386.20 , 98.73 , 201.24 , 909.72 , 128.51 , 218.17 , 361.29 , 354.27 , 85.89 , 384.99 , 207.89 , 212.37 , 185.48 , 48.19 
12/30/21, 249.54 , 37.32 , 294.73 , 92.77 , 68.36 , 104.79 , 88.69 , 85.18 , 40.89 , 68.23 , 27.83 , 38.65 , 15.80 , 8.16 , 58.48 , 51.50 , 9.34 , 158.48 , 44.53 , 60.43 , 48.10 , 385.52 , 98.80 , 201.00 , 913.76 , 128.50 , 217.87 , 360.99 , 353.58 , 85.80 , 384.53 , 207.54 , 212.94 , 185.23 , 48.02 
12/31/21, 251.93 , 37.60 , 297.71 , 93.36 , 68.58 , 104.90 , 88.97 , 85.32 , 41.19 , 67.70 , 27.91 , 39.08 , 15.86 , 8.23 , 58.76 , 52.24 , 9.81 , 158.35 , 44.49 , 60.39 , 47.98 , 382.55 , 98.16 , 200.52 , 915.56 , 129.39 , 216.71 , 359.32 , 355.41 , 86.06 , 387.07 , 208.47 , 213.24 , 186.74 , 47.88 
1/3/22, 247.77 , 37.08 , 292.35 , 91.66 , 68.17 , 103.49 , 88.61 , 85.13 , 40.69 , 67.94 , 27.62 , 39.23 , 16.35 , 8.71 , 59.99 , 53.24 , 9.91 , 161.70 , 46.18 , 63.10 , 50.73 , 395.33 , 100.19 , 208.22 , 911.73 , 126.63 , 221.43 , 370.95 , 354.36 , 86.97 , 385.53 , 207.46 , 211.57 , 186.04 , 48.53 
1/4/22, 252.03 , 37.63 , 294.72 , 90.68 , 68.17 , 103.41 , 88.65 , 84.97 , 40.65 , 68.37 , 27.45 , 38.97 , 16.58 , 8.92 , 61.40 , 54.37 , 9.84 , 167.83 , 47.99 , 63.59 , 52.75 , 407.48 , 104.26 , 215.89 , 917.22 , 124.94 , 222.46 , 375.39 , 361.99 , 90.02 , 396.99 , 212.05 , 214.01 , 189.49 , 49.18 
1/5/22, 252.79 , 37.44 , 294.71 , 89.73 , 68.25 , 103.64 , 89.47 , 85.55 , 40.62 , 69.04 , 27.39 , 39.36 , 16.67 , 8.81 , 60.64 , 54.06 , 10.04 , 163.78 , 47.18 , 62.85 , 52.29 , 398.63 , 101.68 , 212.39 , 891.77 , 117.79 , 220.00 , 373.90 , 358.14 , 89.57 , 394.99 , 210.31 , 209.38 , 186.99 , 47.84 
1/6/22, 253.49 , 37.71 , 296.64 , 85.77 , 68.17 , 103.47 , 89.18 , 85.37 , 40.45 , 68.50 , 27.65 , 40.02 , 17.02 , 9.08 , 61.65 , 55.56 , 10.07 , 165.52 , 48.13 , 64.91 , 53.63 , 396.93 , 103.42 , 220.57 , 895.49 , 119.16 , 219.75 , 370.00 , 358.00 , 90.06 , 397.27 , 211.74 , 217.55 , 190.60 , 48.20 
1/7/22, 254.78 , 37.51 , 296.81 , 86.41 , 68.64 , 104.50 , 90.80 , 85.67 , 40.39 , 69.10 , 27.66 , 40.58 , 17.27 , 9.24 , 62.46 , 55.91 , 10.15 , 167.16 , 49.18 , 65.78 , 54.77 , 397.51 , 104.05 , 223.73 , 892.27 , 116.65 , 216.96 , 369.65 , 360.14 , 90.44 , 400.42 , 212.09 , 219.77 , 192.96 , 49.03 
1/10/22, 250.28 , 36.54 , 287.97 , 84.29 , 68.53 , 104.56 , 90.50 , 84.78 , 40.52 , 69.86 , 27.69 , 40.74 , 17.43 , 9.12 , 60.78 , 54.57 , 10.38 , 167.32 , 48.93 , 66.03 , 55.35 , 399.17 , 104.13 , 222.45 , 873.34 , 114.72 , 211.97 , 363.91 , 363.25 , 89.73 , 402.23 , 210.61 , 223.44 , 196.20 , 48.30 
1/11/22, 246.42 , 36.30 , 286.42 , 84.79 , 67.65 , 103.23 , 89.77 , 83.07 , 39.66 , 68.60 , 27.40 , 41.34 , 17.61 , 9.33 , 62.48 , 56.40 , 10.51 , 167.49 , 49.21 , 67.11 , 56.06 , 403.05 , 105.92 , 223.84 , 888.19 , 121.30 , 214.38 , 366.29 , 364.14 , 90.72 , 400.60 , 211.58 , 222.02 , 198.89 , 48.82 
1/12/22, 247.00 , 36.64 , 288.18 , 85.09 , 67.78 , 103.62 , 90.29 , 83.19 , 39.92 , 68.59 , 27.42 , 41.69 , 17.65 , 9.63 , 62.50 , 56.97 , 10.70 , 168.44 , 48.86 , 67.28 , 56.40 , 390.31 , 103.05 , 224.93 , 885.11 , 122.34 , 215.71 , 367.31 , 361.30 , 91.07 , 395.53 , 211.93 , 220.09 , 197.16 , 48.14 
1/13/22, 247.62 , 36.74 , 290.06 , 84.90 , 68.35 , 104.15 , 90.86 , 83.94 , 40.28 , 69.02 , 27.55 , 41.75 , 17.57 , 9.44 , 61.65 , 57.11 , 10.95 , 168.23 , 48.76 , 67.78 , 56.00 , 390.80 , 102.55 , 226.45 , 867.58 , 118.94 , 215.00 , 369.52 , 365.18 , 91.56 , 397.61 , 211.37 , 222.60 , 195.61 , 48.13 
1/14/22, 246.27 , 36.44 , 288.28 , 83.20 , 68.66 , 104.04 , 90.98 , 83.52 , 40.10 , 68.97 , 27.61 , 41.66 , 17.89 , 9.59 , 62.61 , 57.78 , 11.06 , 157.89 , 47.91 , 66.93 , 58.06 , 380.94 , 98.88 , 222.20 , 848.60 , 116.12 , 214.67 , 372.14 , 372.62 , 92.33 , 403.45 , 213.10 , 227.86 , 197.68 , 48.30 
1/18/22, 238.04 , 35.25 , 275.81 , 81.25 , 68.01 , 101.87 , 90.32 , 81.99 , 39.96 , 68.39 , 27.34 , 42.17 , 17.70 , 9.70 , 61.42 , 57.43 , 10.77 , 151.27 , 46.26 , 65.30 , 56.69 , 354.40 , 94.01 , 216.88 , 832.00 , 113.92 , 215.71 , 366.30 , 376.54 , 90.75 , 401.63 , 211.16 , 228.95 , 195.57 , 48.46 
1/19/22, 239.49 , 35.25 , 278.06 , 82.59 , 68.33 , 102.17 , 90.30 , 82.15 , 40.28 , 68.12 , 27.35 , 42.13 , 17.43 , 9.59 , 60.21 , 56.31 , 10.51 , 148.93 , 46.44 , 64.24 , 55.57 , 347.32 , 95.73 , 208.52 , 825.50 , 112.26 , 214.68 , 360.73 , 377.33 , 89.70 , 401.65 , 210.36 , 227.67 , 193.68 , 49.18 
1/20/22, 242.07 , 35.24 , 279.21 , 83.51 , 67.88 , 102.31 , 89.92 , 82.04 , 40.63 , 68.18 , 27.21 , 41.77 , 17.43 , 9.53 , 59.39 , 55.56 , 10.17 , 147.66 , 45.75 , 64.46 , 55.00 , 348.10 , 99.83 , 206.90 , 826.55 , 111.56 , 214.35 , 364.00 , 375.13 , 88.36 , 397.41 , 208.98 , 224.46 , 191.64 , 48.62 
1/21/22, 246.33 , 34.10 , 276.42 , 82.60 , 67.81 , 102.98 , 89.97 , 82.66 , 40.48 , 68.22 , 27.34 , 40.81 , 17.37 , 9.17 , 58.53 , 55.45 , 10.11 , 145.08 , 44.92 , 63.27 , 53.67 , 343.91 , 98.86 , 200.96 , 800.92 , 109.78 , 205.93 , 355.08 , 371.20 , 87.21 , 398.81 , 206.54 , 220.75 , 191.10 , 48.42 
1/24/22, 245.10 , 34.36 , 276.31 , 81.92 , 67.37 , 102.58 , 89.12 , 81.99 , 40.00 , 67.43 , 27.16 , 40.23 , 17.32 , 9.18 , 58.63 , 55.56 , 10.48 , 144.95 , 44.55 , 62.70 , 53.32 , 343.39 , 98.08 , 204.11 , 786.82 , 109.39 , 201.85 , 349.42 , 373.33 , 88.12 , 403.06 , 207.08 , 225.05 , 195.65 , 48.04 
1/25/22, 244.12 , 33.72 , 274.81 , 75.10 , 67.25 , 102.32 , 88.96 , 81.81 , 39.55 , 67.88 , 27.28 , 41.02 , 17.50 , 9.29 , 59.59 , 56.87 , 10.64 , 146.53 , 45.43 , 64.11 , 53.59 , 341.55 , 99.04 , 204.20 , 798.55 , 110.24 , 202.00 , 338.76 , 387.17 , 90.31 , 403.18 , 205.96 , 224.45 , 194.67 , 47.65 
1/26/22, 244.88 , 33.65 , 269.03 , 72.64 , 67.02 , 101.95 , 88.83 , 81.38 , 39.72 , 67.62 , 27.30 , 41.26 , 17.52 , 9.69 , 59.85 , 57.36 , 10.73 , 147.92 , 45.90 , 64.75 , 54.14 , 342.68 , 100.17 , 206.01 , 795.47 , 111.47 , 205.87 , 344.66 , 391.24 , 88.98 , 403.23 , 204.92 , 222.63 , 191.92 , 45.57 
1/27/22, 244.59 , 33.56 , 269.75 , 72.51 , 68.03 , 103.25 , 89.40 , 82.76 , 40.02 , 68.94 , 27.37 , 41.19 , 17.48 , 9.60 , 60.17 , 57.74 , 10.68 , 145.31 , 45.47 , 64.15 , 53.76 , 341.03 , 101.15 , 204.96 , 787.96 , 119.04 , 206.15 , 350.53 , 389.08 , 89.28 , 373.99 , 208.80 , 216.27 , 188.43 , 44.23 
1/28/22, 245.93 , 34.43 , 271.99 , 72.50 , 69.00 , 104.73 , 90.13 , 84.63 , 40.88 , 69.84 , 27.86 , 41.49 , 17.20 , 9.50 , 59.29 , 57.95 , 10.77 , 146.61 , 45.87 , 64.69 , 54.19 , 347.01 , 101.80 , 208.22 , 808.14 , 124.28 , 228.00 , 382.51 , 393.15 , 90.33 , 380.20 , 212.82 , 218.67 , 187.67 , 43.62 
1/31/22, 244.55 , 34.22 , 271.99 , 78.12 , 69.49 , 105.06 , 90.40 , 86.45 , 41.32 , 69.66 , 28.36 , 42.27 , 17.36 , 9.57 , 60.68 , 59.08 , 11.31 , 148.60 , 46.14 , 65.12 , 53.80 , 354.68 , 102.54 , 205.99 , 822.94 , 131.97 , 226.17 , 386.38 , 389.13 , 90.19 , 369.90 , 212.10 , 209.29 , 187.20 , 44.51 
2/1/22, 246.71 , 34.72 , 274.40 , 77.23 , 67.99 , 103.45 , 88.35 , 86.05 , 41.24 , 68.49 , 28.08 , 42.54 , 17.41 , 9.80 , 61.87 , 60.73 , 11.60 , 151.15 , 46.94 , 66.56 , 55.60 , 364.06 , 103.95 , 209.74 , 825.95 , 134.95 , 232.36 , 392.06 , 387.01 , 90.73 , 370.58 , 212.87 , 209.92 , 185.52 , 44.26 
2/2/22, 251.26 , 35.21 , 280.08 , 77.73 , 68.81 , 105.00 , 89.88 , 87.15 , 42.86 , 69.59 , 28.32 , 43.09 , 17.41 , 9.96 , 62.89 , 61.26 , 11.73 , 149.94 , 46.89 , 66.23 , 55.93 , 363.06 , 103.92 , 210.87 , 822.51 , 137.98 , 235.42 , 396.75 , 387.34 , 92.54 , 370.98 , 214.08 , 211.74 , 187.01 , 44.38 
2/3/22, 244.35 , 34.61 , 275.82 , 75.77 , 69.25 , 105.43 , 90.19 , 86.99 , 43.79 , 69.47 , 28.15 , 42.93 , 17.27 , 10.24 , 62.07 , 60.32 , 12.02 , 148.70 , 46.43 , 65.26 , 55.17 , 358.88 , 102.29 , 208.01 , 805.77 , 134.09 , 231.54 , 390.07 , 389.70 , 92.81 , 373.81 , 212.17 , 213.57 , 183.53 , 44.04 
2/4/22, 242.39 , 34.30 , 270.42 , 76.01 , 68.69 , 104.25 , 89.17 , 86.09 , 43.52 , 68.78 , 27.89 , 42.87 , 17.35 , 10.24 , 62.89 , 61.06 , 11.97 , 152.56 , 48.28 , 66.08 , 56.33 , 367.60 , 104.11 , 210.35 , 809.82 , 132.25 , 228.39 , 382.20 , 389.33 , 93.01 , 369.75 , 212.29 , 213.24 , 182.61 , 43.34 
2/7/22, 241.15 , 33.65 , 264.04 , 75.68 , 67.65 , 104.34 , 89.81 , 86.60 , 43.64 , 68.75 , 28.08 , 43.38 , 17.46 , 9.93 , 63.26 , 61.51 , 11.65 , 153.07 , 48.51 , 66.36 , 57.33 , 368.15 , 105.18 , 209.70 , 816.92 , 131.64 , 227.16 , 376.13 , 392.34 , 94.03 , 373.16 , 212.12 , 217.46 , 184.02 , 43.72 
2/8/22, 242.95 , 34.11 , 270.02 , 75.46 , 67.89 , 104.41 , 90.20 , 86.42 , 43.02 , 68.84 , 28.19 , 42.74 , 17.29 , 9.97 , 62.73 , 61.45 , 11.62 , 155.95 , 49.38 , 67.12 , 58.75 , 370.10 , 106.35 , 211.36 , 807.39 , 128.71 , 227.94 , 374.37 , 396.04 , 95.07 , 379.32 , 214.46 , 218.94 , 186.00 , 44.20 
2/9/22, 246.49 , 34.74 , 273.96 , 76.66 , 68.08 , 104.71 , 89.38 , 86.38 , 42.60 , 69.19 , 28.25 , 42.94 , 17.37 , 9.98 , 63.64 , 62.40 , 10.56 , 156.60 , 49.28 , 67.84 , 59.06 , 374.53 , 108.73 , 210.76 , 813.00 , 134.60 , 230.87 , 381.37 , 394.54 , 96.00 , 384.36 , 215.44 , 220.56 , 187.19 , 45.31 
2/10/22, 242.12 , 33.99 , 272.33 , 75.45 , 65.95 , 99.79 , 87.39 , 84.03 , 42.04 , 67.08 , 27.62 , 42.85 , 17.20 , 10.00 , 63.02 , 62.13 , 10.81 , 155.95 , 49.05 , 67.50 , 59.05 , 370.57 , 107.57 , 210.63 , 778.19 , 134.53 , 225.59 , 374.39 , 385.43 , 95.06 , 382.02 , 211.52 , 215.22 , 179.65 , 43.78 
2/11/22, 238.81 , 33.37 , 267.21 , 74.96 , 66.79 , 99.75 , 87.65 , 84.26 , 42.13 , 66.96 , 27.40 , 43.60 , 17.54 , 10.30 , 64.51 , 64.06 , 10.69 , 153.92 , 47.92 , 67.15 , 58.31 , 363.06 , 104.57 , 207.36 , 772.49 , 123.57 , 224.69 , 369.77 , 396.19 , 95.27 , 399.32 , 213.76 , 222.97 , 183.87 , 44.15 
2/14/22, 242.55 , 33.92 , 272.27 , 74.92 , 65.85 , 99.95 , 86.18 , 83.02 , 42.20 , 66.40 , 26.91 , 41.45 , 17.19 , 10.10 , 62.92 , 62.54 , 10.63 , 152.49 , 47.42 , 66.46 , 57.85 , 360.24 , 102.57 , 204.57 , 760.31 , 121.20 , 225.34 , 374.16 , 386.97 , 93.57 , 390.60 , 211.17 , 219.82 , 181.26 , 44.08 
2/15/22, 249.32 , 34.55 , 275.13 , 75.09 , 65.02 , 99.30 , 85.44 , 81.36 , 41.74 , 66.12 , 26.89 , 41.30 , 17.01 , 10.17 , 62.43 , 62.44 , 10.51 , 154.72 , 47.79 , 67.00 , 58.38 , 363.94 , 103.43 , 207.19 , 781.19 , 124.95 , 227.82 , 381.54 , 382.22 , 94.04 , 384.77 , 212.77 , 217.04 , 180.13 , 44.79 
2/16/22, 253.81 , 35.17 , 276.76 , 75.23 , 64.87 , 99.51 , 85.41 , 81.08 , 42.00 , 65.94 , 26.88 , 41.64 , 17.13 , 10.13 , 62.65 , 62.98 , 10.20 , 155.00 , 47.68 , 66.95 , 58.14 , 360.05 , 101.15 , 208.59 , 783.42 , 126.78 , 228.82 , 382.93 , 386.90 , 94.75 , 393.66 , 214.41 , 221.62 , 182.58 , 44.76 
2/17/22, 250.99 , 35.10 , 273.23 , 75.38 , 64.79 , 98.73 , 85.49 , 81.45 , 41.75 , 66.10 , 26.81 , 41.51 , 16.76 , 10.22 , 62.60 , 62.46 , 10.13 , 151.43 , 46.07 , 64.71 , 56.15 , 349.06 , 96.15 , 201.30 , 762.50 , 122.63 , 224.61 , 373.70 , 388.77 , 94.36 , 398.11 , 214.40 , 221.00 , 184.92 , 44.48 
2/18/22, 251.19 , 34.66 , 270.22 , 74.15 , 63.77 , 99.81 , 85.71 , 84.61 , 41.63 , 66.00 , 26.61 , 41.18 , 16.60 , 10.05 , 61.81 , 62.09 , 9.95 , 152.14 , 45.96 , 64.14 , 55.63 , 346.04 , 95.42 , 201.17 , 756.02 , 123.86 , 222.69 , 369.95 , 386.46 , 93.37 , 391.25 , 215.82 , 217.62 , 186.09 , 43.84 
2/22/22, 246.27 , 34.24 , 258.35 , 73.78 , 64.29 , 99.45 , 85.99 , 84.75 , 41.65 , 65.94 , 27.20 , 41.27 , 16.54 , 9.76 , 60.16 , 60.79 , 10.11 , 151.87 , 45.56 , 63.89 , 55.28 , 344.27 , 94.75 , 203.08 , 745.48 , 121.62 , 221.32 , 368.29 , 386.20 , 93.54 , 390.73 , 216.82 , 218.96 , 186.88 , 42.78 
2/23/22, 244.82 , 33.40 , 253.66 , 72.32 , 62.84 , 97.67 , 84.64 , 84.40 , 40.97 , 64.93 , 26.49 , 41.54 , 16.77 , 9.78 , 60.78 , 61.14 , 9.99 , 148.69 , 44.78 , 63.22 , 53.95 , 341.19 , 93.55 , 199.01 , 732.49 , 120.83 , 215.95 , 361.23 , 388.90 , 92.24 , 386.08 , 216.27 , 216.29 , 187.39 , 45.15 
2/24/22, 242.09 , 33.60 , 254.04 , 75.44 , 62.88 , 97.04 , 86.56 , 83.31 , 41.30 , 64.83 , 26.55 , 41.49 , 16.67 , 9.70 , 61.53 , 62.10 , 10.16 , 144.55 , 43.60 , 60.67 , 52.71 , 340.19 , 91.81 , 195.61 , 731.79 , 121.28 , 217.30 , 369.38 , 395.71 , 94.25 , 395.49 , 218.53 , 228.47 , 191.99 , 48.60 
2/25/22, 246.41 , 34.31 , 260.43 , 77.16 , 65.04 , 100.22 , 89.46 , 85.94 , 42.60 , 67.23 , 27.38 , 42.60 , 17.07 , 9.79 , 64.00 , 63.74 , 10.57 , 147.97 , 45.02 , 61.98 , 54.11 , 350.12 , 94.55 , 202.67 , 750.87 , 128.78 , 219.27 , 369.09 , 409.49 , 98.12 , 409.67 , 227.98 , 233.51 , 199.86 , 49.59 
2/28/22, 245.95 , 33.91 , 256.52 , 78.27 , 64.77 , 100.41 , 90.65 , 85.77 , 42.56 , 67.33 , 27.35 , 43.18 , 17.40 , 10.14 , 65.30 , 65.37 , 10.61 , 141.80 , 44.20 , 59.23 , 53.37 , 341.29 , 90.74 , 199.25 , 743.89 , 127.47 , 216.12 , 360.82 , 433.80 , 102.70 , 442.14 , 234.45 , 252.31 , 204.40 , 53.42 
3/1/22, 242.43 , 33.34 , 255.07 , 77.44 , 64.10 , 99.83 , 90.21 , 85.38 , 42.23 , 66.51 , 26.88 , 43.38 , 17.59 , 10.42 , 63.82 , 65.55 , 10.98 , 136.45 , 42.47 , 58.59 , 50.29 , 328.20 , 87.63 , 187.19 , 714.81 , 123.76 , 208.97 , 344.48 , 456.61 , 102.73 , 456.10 , 233.32 , 255.08 , 204.15 , 54.04 
3/2/22, 252.37 , 34.61 , 269.22 , 77.55 , 64.57 , 100.79 , 91.24 , 86.91 , 42.76 , 67.56 , 27.72 , 44.40 , 18.14 , 10.49 , 67.09 , 67.59 , 10.88 , 139.28 , 43.16 , 59.56 , 52.22 , 336.38 , 88.38 , 193.70 , 738.04 , 130.22 , 208.48 , 344.09 , 450.00 , 100.74 , 453.39 , 235.75 , 253.57 , 208.50 , 53.03 
3/3/22, 255.46 , 35.29 , 272.00 , 78.79 , 66.40 , 102.64 , 93.98 , 88.29 , 43.13 , 69.13 , 28.24 , 44.42 , 18.39 , 10.37 , 67.71 , 68.01 , 10.86 , 138.29 , 42.49 , 57.62 , 51.24 , 333.42 , 87.78 , 191.59 , 737.71 , 125.85 , 207.23 , 340.99 , 447.82 , 99.83 , 449.69 , 238.13 , 255.48 , 211.00 , 53.18 
3/4/22, 264.63 , 37.43 , 284.57 , 80.21 , 67.58 , 105.26 , 96.33 , 89.88 , 44.28 , 71.26 , 28.99 , 44.75 , 18.84 , 10.43 , 68.42 , 69.53 , 10.83 , 134.40 , 40.95 , 56.59 , 48.79 , 329.67 , 86.36 , 184.87 , 696.59 , 121.16 , 200.29 , 330.76 , 458.15 , 99.59 , 468.57 , 245.29 , 266.88 , 218.04 , 53.29 
3/7/22, 261.46 , 37.01 , 278.31 , 84.18 , 69.23 , 106.70 , 97.26 , 90.14 , 43.83 , 71.55 , 28.73 , 44.24 , 18.72 , 10.34 , 68.51 , 68.62 , 11.31 , 129.21 , 38.34 , 55.55 , 45.81 , 321.89 , 83.45 , 178.70 , 677.07 , 109.04 , 190.70 , 312.92 , 466.15 , 98.19 , 477.95 , 247.29 , 270.74 , 218.73 , 55.73 
3/8/22, 253.47 , 34.99 , 265.67 , 81.95 , 67.82 , 105.47 , 95.25 , 88.75 , 43.49 , 70.19 , 28.54 , 43.86 , 18.67 , 10.42 , 66.74 , 67.01 , 10.83 , 128.30 , 38.59 , 54.87 , 46.46 , 321.37 , 83.31 , 181.60 , 662.87 , 108.62 , 191.71 , 314.33 , 448.99 , 94.85 , 449.21 , 235.31 , 261.86 , 209.44 , 53.68 
3/9/22, 253.67 , 34.61 , 263.79 , 80.32 , 67.12 , 105.33 , 95.01 , 88.38 , 43.55 , 69.84 , 28.38 , 44.10 , 18.33 , 10.18 , 66.61 , 68.32 , 11.20 , 133.44 , 41.04 , 55.95 , 49.16 , 333.59 , 87.40 , 186.75 , 693.25 , 116.14 , 199.76 , 328.13 , 448.72 , 98.52 , 449.92 , 236.81 , 255.53 , 208.15 , 52.92 
3/10/22, 259.65 , 34.89 , 269.85 , 80.16 , 68.61 , 106.19 , 95.99 , 89.47 , 43.60 , 70.16 , 28.70 , 44.44 , 18.55 , 10.31 , 67.51 , 69.68 , 10.80 , 131.86 , 40.67 , 54.88 , 49.01 , 329.90 , 85.86 , 184.96 , 697.20 , 116.86 , 197.97 , 324.59 , 444.36 , 98.51 , 444.61 , 235.52 , 254.00 , 210.67 , 53.41 
3/11/22, 261.52 , 34.69 , 267.34 , 79.30 , 68.69 , 106.14 , 95.54 , 89.34 , 43.63 , 70.37 , 28.45 , 44.46 , 18.10 , 10.10 , 66.06 , 68.51 , 10.55 , 128.89 , 40.33 , 54.16 , 48.47 , 327.00 , 85.18 , 182.15 , 687.04 , 116.05 , 196.71 , 324.79 , 439.04 , 96.92 , 436.30 , 232.48 , 250.00 , 206.07 , 52.60 
3/14/22, 257.66 , 34.23 , 266.09 , 79.28 , 68.66 , 106.30 , 94.74 , 89.52 , 43.58 , 69.51 , 28.41 , 43.92 , 17.54 , 9.82 , 64.52 , 65.60 , 10.58 , 130.17 , 41.20 , 54.23 , 49.86 , 324.98 , 84.72 , 183.36 , 697.53 , 108.76 , 200.33 , 328.59 , 444.45 , 97.04 , 441.42 , 233.83 , 250.11 , 201.94 , 51.96 
3/15/22, 260.13 , 34.36 , 268.06 , 81.98 , 68.66 , 106.69 , 96.11 , 90.40 , 43.76 , 70.23 , 28.88 , 44.06 , 17.32 , 9.75 , 64.26 , 64.94 , 10.54 , 132.48 , 41.50 , 55.11 , 50.11 , 329.16 , 86.33 , 185.24 , 707.67 , 109.72 , 206.14 , 335.00 , 448.67 , 97.62 , 447.82 , 237.62 , 258.11 , 202.50 , 52.95 
3/16/22, 264.15 , 35.61 , 273.32 , 82.51 , 68.52 , 105.97 , 95.07 , 89.64 , 43.44 , 69.25 , 28.87 , 44.02 , 17.25 , 9.84 , 64.66 , 65.67 , 10.77 , 138.40 , 42.80 , 56.80 , 51.60 , 340.76 , 91.76 , 192.39 , 731.11 , 116.05 , 211.87 , 344.68 , 421.34 , 95.80 , 424.43 , 227.69 , 243.43 , 194.36 , 52.49 
3/17/22, 263.56 , 36.30 , 274.39 , 82.69 , 68.41 , 106.50 , 94.94 , 90.01 , 43.45 , 69.70 , 29.08 , 44.75 , 17.56 , 9.90 , 66.86 , 67.63 , 10.52 , 140.15 , 43.03 , 57.29 , 51.48 , 343.27 , 93.86 , 193.07 , 740.93 , 119.93 , 213.45 , 346.44 , 428.59 , 97.75 , 428.80 , 230.51 , 248.79 , 197.33 , 53.41 
3/18/22, 261.32 , 36.31 , 274.83 , 82.37 , 68.03 , 105.05 , 94.07 , 88.70 , 43.25 , 68.79 , 29.05 , 44.84 , 17.36 , 9.79 , 67.00 , 69.26 , 10.85 , 140.10 , 42.90 , 57.35 , 51.42 , 345.38 , 94.82 , 192.97 , 738.59 , 122.85 , 219.11 , 350.09 , 426.18 , 97.52 , 427.95 , 230.23 , 246.45 , 193.69 , 54.01 
3/21/22, 264.51 , 36.86 , 278.15 , 81.80 , 68.89 , 106.16 , 94.69 , 89.57 , 43.66 , 69.32 , 29.47 , 45.25 , 18.07 , 9.90 , 68.52 , 71.63 , 10.71 , 139.65 , 42.84 , 56.98 , 51.14 , 339.00 , 92.61 , 193.01 , 733.83 , 122.62 , 217.04 , 345.58 , 440.00 , 99.94 , 446.60 , 236.07 , 253.86 , 200.67 , 54.46 
3/22/22, 265.86 , 36.78 , 278.95 , 82.85 , 68.82 , 106.19 , 95.25 , 89.29 , 43.63 , 69.21 , 29.47 , 45.21 , 17.93 , 10.20 , 68.30 , 71.13 , 10.84 , 142.62 , 44.18 , 57.50 , 53.39 , 343.01 , 94.22 , 197.37 , 746.87 , 126.13 , 218.47 , 349.53 , 440.59 , 101.38 , 446.30 , 237.83 , 251.99 , 201.04 , 54.78 
3/23/22, 267.68 , 36.39 , 277.23 , 82.57 , 68.79 , 106.83 , 96.01 , 89.94 , 43.70 , 69.30 , 29.62 , 45.06 , 18.12 , 10.09 , 68.97 , 72.23 , 11.06 , 139.78 , 43.09 , 56.35 , 51.12 , 335.61 , 92.38 , 192.67 , 736.46 , 123.78 , 214.68 , 342.18 , 445.25 , 101.23 , 446.92 , 239.69 , 255.26 , 203.04 , 54.75 
3/24/22, 270.21 , 36.68 , 279.55 , 83.70 , 69.30 , 107.47 , 96.44 , 91.41 , 44.47 , 69.88 , 29.78 , 45.41 , 18.30 , 10.25 , 70.43 , 72.88 , 11.33 , 140.69 , 43.07 , 56.42 , 51.33 , 336.23 , 92.13 , 193.25 , 738.28 , 125.70 , 217.31 , 349.35 , 449.73 , 101.71 , 454.57 , 241.00 , 256.88 , 203.59 , 54.78 
3/25/22, 273.38 , 36.92 , 283.36 , 83.94 , 70.93 , 109.13 , 96.84 , 92.68 , 45.51 , 70.70 , 30.41 , 46.36 , 19.07 , 10.57 , 72.27 , 75.65 , 10.92 , 141.92 , 43.73 , 56.74 , 52.56 , 337.49 , 92.38 , 196.47 , 741.04 , 123.80 , 218.43 , 349.02 , 453.66 , 102.43 , 458.18 , 244.36 , 257.85 , 205.97 , 55.37 
3/28/22, 275.34 , 37.53 , 284.62 , 84.43 , 71.00 , 110.04 , 97.61 , 93.05 , 46.02 , 71.24 , 30.38 , 45.94 , 18.75 , 10.88 , 71.04 , 74.70 , 10.91 , 140.87 , 43.55 , 55.92 , 51.81 , 335.30 , 91.27 , 194.71 , 749.88 , 124.53 , 220.77 , 350.49 , 444.98 , 101.59 , 446.80 , 240.89 , 249.45 , 200.35 , 54.59 
3/29/22, 273.61 , 37.68 , 285.66 , 84.62 , 72.06 , 110.97 , 98.69 , 93.52 , 46.99 , 71.83 , 30.80 , 46.13 , 18.89 , 11.05 , 71.24 , 74.84 , 10.83 , 141.18 , 43.44 , 56.47 , 51.60 , 339.66 , 91.84 , 194.06 , 773.24 , 131.78 , 228.12 , 367.55 , 437.15 , 101.08 , 446.31 , 241.09 , 246.60 , 202.26 , 54.03 
3/30/22, 276.69 , 37.80 , 289.15 , 85.50 , 72.50 , 111.48 , 99.42 , 94.73 , 47.23 , 72.32 , 30.78 , 46.35 , 19.09 , 11.53 , 71.71 , 76.25 , 10.76 , 140.54 , 43.00 , 54.97 , 50.11 , 335.59 , 90.27 , 190.73 , 777.36 , 127.23 , 223.95 , 362.24 , 445.95 , 100.83 , 453.33 , 244.32 , 251.81 , 203.32 , 54.96 
3/31/22, 273.21 , 37.45 , 285.22 , 84.71 , 72.51 , 111.66 , 99.77 , 94.68 , 47.63 , 72.17 , 30.64 , 46.09 , 18.91 , 11.19 , 70.63 , 75.47 , 10.89 , 136.32 , 41.22 , 53.40 , 48.46 , 330.10 , 87.40 , 184.45 , 764.17 , 126.94 , 221.77 , 357.38 , 441.40 , 99.07 , 447.22 , 241.18 , 248.47 , 199.44 , 53.86 
4/1/22, 259.96 , 35.51 , 265.84 , 85.71 , 74.12 , 112.82 , 101.51 , 96.11 , 47.66 , 72.75 , 31.15 , 46.40 , 19.22 , 11.52 , 71.43 , 77.34 , 10.99 , 135.31 , 40.90 , 52.33 , 48.71 , 330.22 , 86.99 , 181.14 , 769.76 , 128.13 , 226.36 , 363.97 , 445.98 , 100.17 , 454.79 , 242.51 , 253.17 , 202.63 , 54.18 
4/4/22, 257.74 , 35.61 , 266.90 , 85.62 , 73.12 , 111.79 , 100.65 , 95.45 , 47.34 , 72.70 , 30.93 , 46.63 , 19.30 , 11.45 , 71.17 , 76.99 , 10.79 , 135.91 , 40.83 , 52.80 , 48.46 , 328.21 , 87.28 , 182.81 , 782.23 , 130.57 , 227.74 , 366.91 , 444.01 , 99.30 , 452.29 , 239.23 , 252.64 , 201.87 , 54.01 
4/5/22, 252.11 , 35.27 , 262.25 , 86.33 , 74.35 , 112.52 , 101.31 , 96.15 , 47.80 , 73.07 , 31.03 , 46.51 , 18.92 , 11.19 , 69.84 , 75.71 , 10.89 , 133.34 , 40.14 , 51.58 , 48.12 , 323.96 , 85.28 , 182.39 , 764.43 , 123.61 , 226.09 , 363.32 , 447.24 , 98.81 , 454.01 , 239.15 , 256.44 , 201.12 , 53.42 
4/6/22, 242.93 , 34.67 , 256.93 , 86.49 , 76.51 , 115.15 , 104.49 , 98.40 , 49.71 , 74.99 , 31.77 , 46.54 , 19.01 , 11.09 , 70.80 , 76.41 , 11.10 , 131.49 , 39.70 , 50.53 , 47.89 , 316.26 , 83.13 , 180.96 , 745.23 , 118.24 , 219.01 , 353.55 , 454.58 , 98.46 , 461.46 , 240.76 , 257.90 , 202.11 , 53.98 
4/7/22, 244.86 , 34.74 , 258.66 , 87.08 , 75.76 , 114.86 , 103.37 , 97.56 , 50.02 , 74.57 , 32.01 , 46.14 , 19.27 , 11.04 , 70.89 , 75.90 , 11.15 , 131.09 , 39.39 , 50.03 , 47.74 , 314.15 , 83.13 , 181.38 , 748.89 , 115.64 , 216.15 , 349.55 , 465.51 , 100.98 , 470.77 , 243.61 , 260.80 , 207.92 , 55.41 
4/8/22, 241.98 , 34.33 , 258.15 , 86.09 , 76.49 , 115.35 , 102.99 , 97.91 , 50.13 , 74.82 , 32.49 , 46.71 , 19.48 , 11.23 , 71.61 , 77.27 , 10.98 , 133.49 , 39.67 , 50.88 , 48.73 , 321.39 , 84.06 , 184.70 , 736.10 , 114.97 , 216.98 , 352.27 , 461.52 , 100.40 , 463.66 , 242.04 , 258.03 , 205.90 , 54.94 
4/11/22, 243.11 , 34.24 , 255.81 , 84.58 , 74.48 , 114.23 , 101.40 , 96.60 , 48.24 , 74.36 , 32.23 , 46.10 , 19.26 , 11.05 , 70.26 , 75.76 , 11.30 , 133.00 , 39.59 , 50.55 , 49.33 , 320.76 , 84.02 , 183.98 , 728.38 , 112.80 , 214.75 , 347.37 , 464.25 , 102.11 , 462.14 , 243.55 , 256.57 , 205.24 , 54.65 
4/12/22, 245.06 , 34.41 , 258.72 , 83.89 , 75.54 , 115.42 , 102.31 , 97.80 , 48.05 , 74.73 , 32.25 , 46.13 , 19.14 , 11.36 , 70.81 , 76.95 , 11.31 , 131.54 , 39.17 , 50.34 , 48.42 , 319.78 , 83.93 , 179.75 , 716.83 , 113.43 , 211.40 , 345.80 , 467.55 , 102.60 , 463.28 , 243.82 , 257.20 , 209.97 , 54.75 
4/13/22, 244.63 , 34.89 , 260.93 , 83.55 , 75.36 , 115.11 , 102.25 , 97.90 , 48.64 , 74.37 , 32.32 , 46.38 , 19.29 , 11.56 , 71.30 , 77.99 , 11.16 , 127.30 , 38.82 , 50.15 , 48.54 , 321.97 , 84.13 , 178.44 , 715.74 , 116.44 , 213.27 , 355.14 , 469.19 , 103.37 , 464.52 , 243.71 , 254.25 , 212.94 , 54.95 
4/14/22, 246.21 , 35.06 , 263.06 , 82.81 , 75.99 , 114.85 , 102.04 , 98.03 , 49.03 , 74.34 , 32.40 , 46.22 , 19.37 , 11.53 , 71.30 , 78.64 , 11.25 , 126.12 , 37.57 , 50.93 , 46.35 , 321.64 , 84.76 , 175.00 , 688.17 , 112.98 , 212.79 , 357.82 , 467.66 , 104.27 , 467.20 , 243.74 , 257.41 , 222.67 , 55.83 
4/18/22, 242.12 , 34.75 , 262.51 , 81.71 , 75.83 , 114.24 , 101.66 , 96.94 , 49.23 , 74.20 , 32.28 , 46.19 , 19.55 , 11.62 , 72.50 , 78.80 , 11.32 , 128.46 , 38.85 , 52.31 , 47.17 , 329.88 , 86.48 , 175.75 , 680.00 , 111.99 , 213.17 , 356.80 , 467.44 , 104.30 , 465.58 , 243.86 , 259.73 , 222.88 , 55.94 
4/19/22, 245.62 , 35.29 , 264.86 , 81.83 , 76.27 , 114.47 , 102.43 , 98.01 , 49.50 , 74.84 , 32.17 , 46.42 , 19.60 , 11.72 , 72.17 , 79.05 , 11.44 , 131.12 , 39.57 , 52.92 , 47.83 , 335.95 , 88.91 , 178.05 , 701.57 , 117.48 , 215.70 , 363.87 , 459.90 , 104.55 , 464.41 , 246.59 , 257.73 , 224.11 , 56.24 
4/20/22, 247.07 , 35.30 , 267.91 , 81.51 , 76.50 , 115.43 , 102.83 , 98.41 , 50.25 , 75.35 , 32.75 , 46.83 , 19.77 , 11.89 , 73.62 , 80.63 , 11.35 , 131.58 , 39.66 , 53.10 , 48.65 , 341.06 , 90.61 , 179.64 , 699.00 , 120.39 , 217.79 , 365.29 , 453.87 , 104.97 , 463.40 , 247.69 , 257.82 , 227.29 , 56.66 
4/21/22, 244.40 , 36.30 , 269.82 , 76.18 , 76.46 , 115.28 , 102.12 , 98.19 , 49.74 , 75.30 , 32.26 , 46.31 , 19.79 , 11.65 , 71.47 , 78.63 , 11.10 , 130.56 , 38.91 , 52.63 , 47.78 , 334.30 , 88.91 , 177.58 , 681.46 , 112.62 , 216.45 , 364.44 , 439.54 , 101.73 , 443.45 , 242.06 , 246.09 , 221.98 , 55.45 
4/22/22, 234.30 , 34.52 , 258.59 , 73.95 , 75.91 , 114.28 , 100.25 , 96.49 , 48.65 , 74.30 , 31.83 , 44.86 , 19.15 , 11.28 , 69.28 , 76.17 , 10.53 , 126.81 , 37.56 , 51.23 , 46.34 , 319.77 , 84.74 , 173.25 , 662.94 , 110.59 , 208.17 , 351.18 , 445.79 , 100.49 , 447.40 , 238.79 , 247.88 , 222.17 , 54.65 
4/25/22, 236.42 , 34.64 , 259.74 , 74.04 , 74.97 , 113.77 , 100.50 , 96.05 , 48.77 , 73.70 , 31.75 , 44.15 , 18.61 , 11.11 , 66.30 , 73.07 , 10.70 , 126.77 , 37.29 , 51.13 , 45.83 , 321.42 , 85.05 , 172.50 , 668.28 , 112.52 , 209.95 , 354.60 , 442.89 , 99.61 , 444.02 , 239.18 , 242.92 , 218.53 , 53.37 
4/26/22, 233.59 , 34.11 , 254.64 , 73.57 , 73.74 , 113.50 , 99.24 , 95.16 , 48.42 , 73.38 , 31.29 , 43.76 , 18.44 , 11.27 , 65.27 , 73.56 , 10.72 , 123.02 , 36.45 , 50.23 , 44.58 , 313.12 , 82.37 , 169.46 , 647.05 , 107.28 , 201.10 , 344.11 , 446.09 , 99.19 , 442.51 , 236.93 , 240.35 , 218.66 , 52.27 
4/27/22, 236.79 , 34.48 , 262.53 , 73.27 , 73.48 , 113.09 , 99.53 , 94.73 , 47.79 , 72.97 , 31.33 , 43.82 , 18.40 , 11.25 , 65.50 , 75.16 , 10.70 , 121.42 , 36.25 , 49.60 , 44.58 , 313.23 , 82.21 , 170.43 , 643.02 , 107.47 , 214.11 , 361.57 , 444.98 , 98.84 , 439.77 , 239.98 , 241.06 , 219.85 , 52.15 
4/28/22, 239.25 , 35.21 , 265.85 , 73.49 , 75.58 , 113.80 , 102.43 , 95.44 , 48.34 , 74.88 , 31.44 , 44.61 , 18.81 , 11.40 , 66.92 , 76.26 , 10.36 , 123.34 , 36.81 , 50.02 , 45.17 , 318.41 , 83.40 , 171.08 , 650.97 , 108.29 , 220.66 , 378.83 , 441.71 , 98.08 , 445.17 , 241.20 , 239.09 , 218.08 , 52.78 
4/29/22, 234.29 , 34.34 , 257.88 , 71.02 , 73.39 , 110.16 , 99.11 , 92.74 , 46.78 , 73.26 , 30.61 , 43.64 , 18.15 , 11.08 , 63.33 , 73.41 , 10.39 , 119.36 , 35.68 , 48.21 , 43.63 , 305.49 , 80.59 , 166.10 , 624.68 , 101.57 , 213.13 , 363.38 , 432.12 , 94.91 , 439.40 , 236.53 , 232.26 , 212.74 , 51.92 
5/2/22, 232.87 , 34.29 , 256.61 , 69.87 , 73.21 , 108.70 , 98.13 , 92.01 , 46.65 , 72.67 , 30.22 , 43.43 , 18.18 , 11.28 , 63.87 , 74.26 , 10.72 , 120.45 , 36.14 , 48.71 , 43.67 , 310.42 , 81.96 , 167.54 , 624.80 , 105.80 , 211.53 , 359.04 , 430.81 , 94.22 , 438.62 , 233.25 , 235.21 , 212.33 , 50.76 
5/3/22, 232.10 , 34.53 , 256.08 , 70.76 , 73.12 , 108.36 , 98.58 , 92.28 , 46.69 , 72.13 , 30.54 , 43.86 , 18.68 , 11.74 , 65.12 , 76.36 , 11.11 , 123.03 , 37.13 , 50.10 , 44.16 , 314.66 , 83.75 , 169.66 , 631.06 , 107.62 , 208.56 , 357.79 , 434.77 , 95.40 , 451.25 , 233.38 , 237.53 , 214.76 , 50.75 
5/4/22, 237.09 , 35.50 , 264.67 , 73.06 , 74.57 , 110.51 , 100.72 , 93.50 , 47.92 , 73.40 , 31.34 , 45.19 , 19.28 , 12.08 , 67.35 , 78.02 , 10.93 , 127.10 , 38.62 , 52.23 , 45.98 , 324.11 , 87.22 , 173.72 , 665.23 , 111.60 , 214.52 , 368.52 , 445.74 , 97.76 , 462.57 , 242.92 , 241.80 , 222.14 , 52.46 
5/5/22, 231.48 , 34.65 , 256.87 , 71.84 , 74.06 , 110.05 , 99.66 , 92.66 , 46.90 , 72.79 , 30.94 , 44.58 , 18.85 , 11.88 , 64.05 , 74.70 , 10.92 , 123.92 , 37.54 , 51.31 , 44.76 , 313.07 , 84.94 , 168.87 , 633.81 , 104.96 , 205.24 , 353.37 , 443.15 , 96.32 , 466.66 , 239.24 , 241.48 , 219.74 , 51.19 
5/6/22, 229.59 , 34.78 , 255.74 , 72.47 , 74.67 , 111.32 , 99.65 , 93.98 , 47.06 , 73.08 , 30.73 , 45.43 , 19.30 , 11.63 , 65.60 , 75.47 , 10.40 , 123.72 , 37.45 , 51.62 , 44.55 , 312.96 , 84.23 , 166.62 , 628.62 , 101.49 , 202.82 , 347.12 , 449.43 , 95.30 , 468.70 , 239.60 , 243.83 , 216.25 , 50.33 
5/9/22, 225.25 , 33.62 , 249.50 , 70.71 , 74.23 , 110.80 , 99.69 , 94.38 , 46.73 , 73.65 , 30.38 , 43.38 , 18.60 , 10.83 , 61.71 , 67.59 , 10.37 , 121.86 , 36.37 , 49.89 , 43.96 , 308.89 , 81.15 , 163.67 , 605.56 , 96.66 , 193.00 , 327.99 , 438.84 , 91.75 , 453.98 , 229.37 , 239.25 , 209.98 , 47.85 
5/10/22, 222.60 , 32.78 , 245.75 , 69.99 , 73.20 , 108.91 , 99.08 , 92.65 , 46.76 , 73.49 , 30.48 , 42.94 , 18.52 , 10.69 , 62.48 , 68.02 , 10.24 , 118.89 , 35.76 , 48.75 , 43.08 , 305.06 , 80.26 , 161.84 , 610.23 , 99.02 , 193.58 , 325.33 , 439.13 , 91.69 , 449.97 , 229.30 , 237.68 , 209.65 , 48.14 
5/11/22, 223.88 , 33.17 , 246.54 , 70.20 , 73.98 , 109.91 , 99.78 , 94.28 , 47.62 , 73.97 , 30.40 , 43.13 , 18.52 , 10.73 , 61.78 , 68.79 , 10.21 , 118.14 , 35.57 , 47.66 , 42.57 , 301.55 , 78.89 , 159.83 , 600.35 , 96.70 , 196.72 , 325.87 , 440.41 , 91.00 , 446.48 , 226.94 , 238.48 , 206.03 , 46.44 
5/12/22, 225.93 , 33.00 , 246.06 , 68.51 , 74.08 , 108.85 , 98.53 , 94.35 , 45.85 , 73.55 , 30.39 , 42.68 , 18.43 , 10.66 , 62.79 , 68.33 , 10.52 , 118.04 , 35.07 , 46.56 , 41.81 , 299.41 , 78.59 , 159.30 , 600.40 , 99.42 , 193.97 , 321.24 , 434.59 , 91.48 , 450.78 , 223.49 , 235.56 , 203.77 , 47.36 
5/13/22, 230.76 , 33.43 , 249.32 , 69.80 , 73.65 , 109.30 , 99.69 , 95.40 , 46.73 , 74.49 , 31.03 , 43.79 , 18.74 , 11.05 , 64.65 , 71.28 , 10.71 , 119.09 , 35.17 , 47.64 , 42.64 , 306.99 , 80.54 , 157.44 , 615.33 , 107.82 , 199.23 , 332.80 , 435.17 , 91.92 , 452.83 , 226.31 , 236.18 , 203.78 , 48.75 
5/16/22, 227.89 , 33.26 , 247.10 , 70.12 , 74.25 , 110.03 , 99.39 , 95.04 , 46.87 , 74.83 , 30.97 , 44.58 , 19.39 , 11.34 , 65.19 , 72.14 , 10.97 , 118.26 , 34.81 , 47.46 , 42.21 , 303.44 , 79.90 , 155.27 , 598.60 , 104.70 , 197.81 , 329.73 , 437.55 , 92.48 , 458.08 , 227.80 , 238.96 , 204.78 , 49.35 
5/17/22, 232.19 , 33.76 , 251.70 , 72.02 , 74.15 , 109.35 , 100.40 , 95.50 , 47.54 , 75.30 , 31.37 , 44.89 , 19.74 , 11.73 , 66.57 , 72.96 , 10.91 , 122.18 , 35.99 , 51.05 , 43.71 , 312.97 , 82.93 , 160.43 , 611.72 , 107.73 , 204.00 , 338.86 , 441.00 , 94.95 , 459.28 , 231.62 , 241.61 , 208.97 , 50.29 
5/18/22, 224.99 , 32.32 , 237.57 , 71.00 , 73.82 , 108.90 , 99.88 , 95.22 , 47.13 , 74.89 , 30.67 , 44.24 , 19.30 , 11.23 , 64.79 , 69.77 , 10.82 , 120.09 , 34.88 , 49.32 , 42.11 , 306.73 , 80.69 , 155.93 , 591.86 , 103.54 , 199.99 , 335.90 , 434.33 , 92.61 , 454.87 , 225.98 , 237.85 , 202.84 , 50.01 
5/19/22, 216.50 , 30.94 , 228.03 , 70.46 , 73.33 , 108.95 , 99.04 , 94.82 , 47.35 , 75.01 , 30.66 , 44.44 , 19.02 , 11.06 , 63.29 , 68.91 , 10.80 , 118.31 , 34.45 , 49.78 , 42.00 , 308.20 , 79.96 , 154.75 , 593.08 , 104.58 , 197.37 , 332.22 , 425.62 , 90.25 , 448.50 , 217.78 , 232.74 , 200.73 , 50.12 
5/20/22, 213.58 , 30.94 , 228.86 , 71.22 , 73.41 , 109.83 , 99.70 , 95.81 , 47.15 , 74.22 , 30.58 , 44.54 , 19.03 , 11.11 , 63.54 , 69.44 , 11.05 , 117.34 , 33.86 , 49.75 , 41.67 , 306.80 , 79.37 , 155.98 , 600.44 , 107.57 , 199.03 , 336.18 , 424.15 , 90.08 , 443.33 , 213.50 , 229.40 , 197.76 , 49.30 
5/23/22, 216.89 , 31.23 , 232.79 , 72.55 , 74.15 , 110.81 , 100.27 , 97.68 , 47.89 , 74.87 , 30.84 , 44.91 , 19.16 , 11.27 , 63.56 , 69.26 , 10.90 , 124.60 , 35.87 , 52.77 , 43.82 , 316.61 , 82.31 , 162.17 , 611.51 , 108.45 , 207.56 , 348.43 , 433.03 , 91.83 , 456.77 , 216.70 , 233.83 , 200.60 , 49.61 
5/24/22, 217.09 , 30.91 , 232.31 , 74.67 , 75.69 , 112.98 , 102.22 , 100.39 , 48.83 , 76.26 , 31.31 , 44.98 , 19.14 , 11.17 , 63.73 , 68.97 , 11.20 , 126.36 , 35.65 , 52.68 , 43.29 , 313.95 , 81.96 , 163.26 , 618.35 , 107.90 , 202.63 , 340.69 , 442.78 , 93.21 , 471.10 , 219.82 , 237.66 , 204.08 , 50.28 
5/25/22, 217.42 , 31.15 , 232.61 , 74.79 , 75.69 , 112.39 , 102.48 , 100.32 , 49.02 , 75.70 , 31.84 , 45.10 , 19.39 , 11.44 , 65.14 , 70.49 , 11.32 , 127.24 , 35.84 , 52.70 , 44.12 , 314.90 , 82.23 , 167.63 , 626.60 , 111.05 , 203.84 , 344.76 , 447.54 , 93.56 , 467.62 , 220.05 , 236.65 , 206.12 , 50.30 
5/26/22, 221.29 , 31.58 , 236.70 , 75.04 , 75.29 , 113.23 , 102.58 , 99.87 , 49.16 , 74.96 , 31.98 , 45.85 , 19.62 , 11.57 , 65.82 , 71.05 , 11.48 , 129.44 , 36.67 , 54.09 , 45.60 , 323.63 , 85.00 , 172.95 , 652.44 , 118.30 , 208.55 , 349.89 , 447.99 , 95.00 , 467.43 , 221.26 , 236.79 , 211.50 , 50.62 
5/27/22, 222.50 , 32.05 , 241.03 , 77.43 , 76.07 , 114.40 , 103.57 , 100.58 , 49.85 , 76.34 , 32.42 , 46.20 , 19.94 , 11.65 , 67.05 , 72.82 , 11.39 , 131.27 , 37.02 , 53.62 , 45.89 , 328.58 , 86.45 , 175.05 , 666.53 , 121.04 , 212.88 , 357.78 , 450.56 , 96.71 , 470.76 , 226.51 , 240.92 , 214.40 , 51.75 
5/31/22, 219.78 , 31.79 , 239.66 , 75.69 , 75.66 , 112.52 , 102.03 , 99.26 , 49.15 , 75.34 , 32.05 , 46.15 , 19.69 , 11.66 , 65.85 , 72.02 , 11.71 , 132.23 , 37.20 , 53.41 , 45.77 , 326.85 , 86.14 , 175.41 , 669.08 , 117.79 , 212.17 , 357.87 , 440.11 , 95.12 , 467.97 , 224.91 , 240.90 , 210.46 , 51.20 
6/1/22, 221.32 , 32.00 , 241.94 , 76.17 , 75.55 , 111.67 , 102.04 , 98.63 , 49.19 , 75.12 , 32.06 , 45.95 , 20.02 , 11.94 , 66.85 , 75.07 , 11.74 , 129.91 , 36.67 , 52.39 , 45.16 , 321.85 , 85.00 , 172.44 , 660.51 , 116.09 , 209.93 , 357.06 , 439.30 , 94.81 , 464.25 , 226.22 , 241.49 , 210.46 , 50.32 
6/2/22, 225.39 , 32.59 , 246.81 , 78.52 , 75.95 , 111.79 , 102.25 , 98.58 , 48.99 , 75.48 , 32.10 , 46.93 , 19.96 , 12.01 , 67.41 , 76.68 , 11.86 , 132.00 , 36.70 , 52.43 , 45.33 , 324.25 , 85.20 , 175.51 , 686.49 , 121.71 , 215.05 , 363.08 , 441.11 , 96.24 , 462.87 , 229.44 , 240.69 , 211.80 , 50.85 
6/3/22, 224.00 , 32.11 , 244.66 , 78.69 , 75.26 , 111.16 , 101.95 , 97.91 , 48.73 , 74.88 , 31.67 , 46.81 , 19.93 , 11.85 , 67.27 , 77.35 , 11.76 , 130.16 , 36.19 , 51.33 , 44.82 , 318.68 , 84.12 , 173.30 , 671.74 , 121.35 , 212.65 , 357.82 , 442.69 , 96.33 , 478.37 , 230.13 , 243.14 , 212.84 , 51.26 
6/6/22, 225.17 , 32.14 , 244.68 , 80.19 , 75.35 , 111.11 , 102.06 , 98.10 , 48.55 , 74.71 , 31.54 , 47.11 , 19.79 , 11.86 , 67.14 , 76.37 , 11.98 , 129.73 , 36.15 , 51.40 , 45.12 , 320.51 , 84.87 , 173.08 , 675.34 , 118.80 , 212.94 , 360.14 , 443.41 , 97.21 , 478.86 , 229.90 , 241.10 , 212.51 , 51.61 
6/7/22, 228.75 , 32.56 , 249.40 , 79.78 , 75.69 , 112.34 , 102.43 , 98.48 , 49.05 , 75.58 , 32.07 , 47.53 , 20.14 , 12.31 , 69.14 , 80.38 , 11.72 , 130.07 , 36.35 , 52.10 , 45.47 , 321.51 , 85.33 , 173.20 , 679.61 , 119.83 , 214.50 , 364.02 , 456.30 , 100.51 , 492.06 , 235.58 , 246.39 , 216.14 , 52.28 
6/8/22, 221.68 , 31.81 , 242.81 , 78.49 , 74.63 , 110.49 , 100.53 , 97.04 , 48.17 , 73.17 , 31.31 , 47.18 , 19.86 , 12.26 , 68.49 , 77.76 , 11.78 , 128.00 , 35.89 , 51.41 , 44.63 , 314.68 , 83.20 , 169.90 , 662.41 , 116.40 , 213.50 , 362.33 , 443.41 , 99.23 , 472.45 , 231.36 , 244.46 , 214.25 , 51.62 
6/9/22, 216.79 , 31.17 , 237.45 , 77.34 , 72.89 , 107.73 , 98.26 , 94.51 , 46.66 , 71.28 , 30.61 , 46.17 , 19.29 , 12.04 , 66.19 , 75.08 , 11.43 , 125.31 , 34.51 , 49.97 , 42.67 , 304.22 , 81.16 , 163.00 , 659.85 , 113.85 , 206.11 , 349.00 , 432.72 , 97.38 , 462.92 , 226.89 , 240.59 , 214.00 , 54.13 
6/10/22, 211.12 , 30.30 , 229.36 , 75.91 , 72.14 , 107.77 , 98.26 , 95.15 , 46.01 , 71.01 , 30.12 , 45.55 , 19.03 , 11.64 , 64.74 , 72.43 , 10.76 , 119.55 , 33.17 , 47.71 , 40.08 , 287.02 , 77.40 , 158.33 , 617.67 , 107.63 , 199.51 , 334.75 , 430.19 , 95.49 , 463.82 , 224.63 , 240.43 , 211.99 , 53.10 
6/13/22, 208.07 , 29.46 , 223.07 , 72.41 , 68.75 , 103.43 , 93.01 , 91.15 , 43.68 , 68.39 , 28.64 , 44.00 , 18.13 , 11.06 , 61.10 , 67.55 , 10.64 , 115.99 , 32.02 , 45.69 , 38.99 , 283.32 , 75.18 , 155.53 , 598.72 , 97.52 , 192.26 , 319.74 , 423.93 , 91.95 , 460.68 , 217.53 , 233.25 , 207.33 , 52.19 
6/14/22, 208.49 , 29.34 , 222.81 , 71.48 , 66.78 , 100.94 , 90.44 , 88.78 , 42.31 , 65.88 , 27.60 , 42.94 , 17.89 , 10.82 , 60.39 , 66.30 , 10.43 , 114.06 , 31.46 , 45.96 , 37.43 , 282.54 , 74.96 , 155.66 , 591.23 , 95.42 , 193.52 , 322.14 , 416.17 , 91.32 , 454.46 , 215.90 , 226.92 , 204.81 , 51.79 
6/15/22, 209.84 , 29.42 , 224.50 , 74.19 , 66.57 , 100.18 , 90.65 , 88.25 , 42.26 , 65.85 , 28.12 , 42.68 , 17.60 , 10.72 , 59.69 , 66.73 , 10.06 , 115.41 , 32.05 , 47.58 , 38.17 , 290.07 , 76.02 , 156.51 , 599.90 , 96.80 , 196.16 , 325.39 , 414.10 , 92.28 , 458.45 , 217.92 , 226.70 , 205.67 , 51.23 
6/16/22, 208.19 , 29.05 , 222.79 , 70.87 , 66.28 , 99.54 , 89.19 , 87.67 , 41.22 , 64.95 , 27.44 , 40.97 , 16.70 , 10.13 , 55.73 , 62.25 , 9.71 , 113.43 , 31.85 , 46.89 , 37.65 , 284.98 , 73.95 , 151.48 , 585.77 , 89.68 , 189.05 , 308.78 , 404.79 , 89.52 , 449.02 , 211.89 , 222.08 , 201.06 , 49.29 
6/17/22, 206.45 , 28.93 , 221.47 , 70.81 , 65.39 , 97.82 , 88.41 , 86.88 , 40.91 , 63.91 , 27.40 , 40.49 , 16.05 , 9.83 , 53.39 , 60.65 , 10.18 , 113.03 , 31.92 , 46.52 , 38.48 , 279.79 , 72.90 , 154.09 , 582.26 , 90.25 , 190.01 , 310.69 , 404.01 , 88.88 , 443.93 , 209.78 , 221.57 , 200.64 , 49.91 
6/21/22, 209.47 , 28.99 , 224.20 , 72.73 , 67.15 , 99.21 , 89.95 , 88.21 , 41.60 , 64.76 , 27.75 , 41.49 , 16.65 , 10.38 , 55.54 , 63.47 , 9.76 , 115.83 , 32.85 , 47.96 , 38.99 , 284.81 , 74.63 , 156.49 , 614.54 , 91.23 , 194.39 , 317.40 , 418.96 , 92.92 , 463.77 , 216.55 , 229.60 , 209.36 , 50.59 
6/22/22, 208.99 , 28.83 , 224.14 , 74.69 , 67.69 , 100.16 , 90.31 , 88.90 , 41.69 , 65.78 , 27.80 , 41.25 , 16.34 , 10.00 , 53.82 , 60.02 , 9.59 , 115.18 , 32.60 , 47.20 , 38.60 , 284.54 , 74.40 , 156.61 , 609.28 , 91.26 , 193.82 , 316.15 , 415.45 , 92.56 , 458.61 , 216.01 , 229.64 , 209.45 , 50.26 
6/23/22, 209.75 , 28.71 , 221.69 , 77.20 , 69.28 , 103.41 , 92.41 , 91.31 , 42.23 , 67.28 , 28.25 , 40.80 , 16.24 , 9.79 , 53.31 , 58.15 , 9.92 , 113.92 , 32.08 , 46.35 , 37.90 , 286.17 , 73.97 , 155.80 , 624.71 , 93.35 , 196.64 , 316.76 , 410.62 , 91.76 , 456.24 , 216.60 , 228.39 , 210.00 , 50.57 
6/24/22, 215.78 , 29.57 , 230.43 , 78.02 , 69.83 , 104.53 , 93.60 , 92.93 , 43.29 , 68.56 , 28.85 , 41.78 , 16.48 , 10.10 , 54.57 , 58.14 , 10.13 , 117.32 , 32.31 , 47.86 , 40.76 , 302.75 , 77.82 , 162.84 , 647.78 , 98.87 , 205.51 , 330.50 , 419.04 , 94.20 , 463.70 , 222.33 , 233.55 , 215.34 , 53.17 
6/27/22, 213.85 , 29.32 , 227.73 , 77.89 , 70.37 , 105.20 , 94.98 , 93.56 , 43.89 , 69.33 , 28.99 , 42.18 , 16.83 , 10.14 , 56.67 , 60.75 , 10.07 , 116.38 , 32.35 , 47.83 , 40.24 , 300.78 , 77.44 , 161.45 , 636.92 , 97.87 , 203.56 , 328.83 , 419.25 , 94.81 , 466.82 , 223.50 , 236.81 , 218.37 , 53.79 
6/28/22, 213.36 , 29.14 , 226.39 , 76.44 , 70.62 , 105.70 , 95.08 , 94.12 , 43.88 , 69.99 , 29.09 , 42.54 , 17.20 , 10.34 , 56.98 , 62.49 , 9.94 , 115.82 , 32.26 , 47.21 , 40.18 , 299.49 , 78.16 , 159.75 , 629.12 , 94.84 , 198.12 , 318.29 , 420.71 , 93.78 , 464.67 , 220.49 , 235.82 , 217.18 , 53.14 
6/29/22, 213.15 , 29.12 , 227.13 , 76.00 , 70.67 , 106.01 , 95.37 , 94.72 , 44.34 , 70.21 , 29.12 , 42.44 , 16.92 , 10.18 , 56.13 , 60.64 , 9.82 , 115.30 , 31.86 , 47.10 , 39.71 , 303.28 , 78.19 , 157.37 , 617.96 , 91.07 , 199.50 , 322.59 , 418.89 , 93.30 , 461.81 , 219.28 , 237.81 , 215.89 , 53.52 
6/30/22, 213.28 , 29.06 , 227.29 , 77.46 , 71.31 , 107.21 , 95.94 , 95.10 , 45.32 , 70.76 , 29.58 , 42.26 , 16.76 , 9.98 , 55.50 , 59.67 , 10.10 , 112.61 , 31.13 , 45.99 , 39.17 , 297.02 , 76.06 , 157.77 , 609.04 , 91.23 , 196.89 , 315.48 , 429.96 , 96.11 , 478.57 , 221.25 , 241.70 , 217.82 , 55.09 
7/1/22, 215.26 , 29.34 , 228.55 , 80.56 , 73.14 , 109.62 , 97.95 , 97.24 , 46.07 , 72.63 , 30.50 , 42.66 , 16.98 , 10.02 , 56.75 , 61.00 , 9.68 , 114.05 , 31.56 , 46.87 , 39.92 , 299.23 , 76.75 , 161.30 , 616.70 , 92.83 , 199.18 , 318.24 , 433.52 , 97.02 , 486.37 , 223.86 , 243.24 , 220.96 , 56.44 
7/5/22, 210.17 , 28.51 , 224.18 , 79.11 , 70.82 , 106.34 , 93.58 , 92.69 , 43.62 , 69.89 , 29.09 , 41.44 , 16.58 , 9.88 , 55.10 , 58.96 , 9.59 , 112.62 , 31.24 , 46.61 , 40.10 , 297.20 , 76.11 , 161.09 , 620.72 , 94.03 , 200.54 , 319.26 , 415.25 , 92.92 , 464.36 , 214.53 , 230.96 , 209.86 , 54.70 
7/6/22, 209.72 , 28.89 , 225.74 , 79.57 , 71.47 , 107.58 , 94.80 , 93.10 , 44.26 , 71.01 , 29.34 , 41.28 , 16.36 , 9.54 , 54.23 , 56.28 , 9.97 , 111.89 , 30.98 , 46.15 , 39.50 , 293.76 , 75.45 , 160.03 , 614.74 , 93.97 , 201.12 , 320.17 , 425.89 , 93.92 , 481.87 , 219.56 , 239.60 , 214.25 , 55.75 
7/7/22, 212.63 , 29.24 , 228.75 , 80.38 , 71.29 , 106.83 , 94.52 , 92.30 , 44.39 , 69.58 , 29.31 , 42.00 , 16.89 , 9.87 , 56.51 , 59.82 , 10.18 , 114.72 , 31.86 , 46.93 , 40.12 , 298.60 , 76.99 , 162.31 , 623.70 , 97.36 , 202.80 , 324.07 , 422.19 , 93.94 , 479.38 , 220.58 , 238.57 , 217.31 , 56.29 
7/8/22, 209.70 , 28.99 , 226.20 , 80.25 , 71.19 , 105.91 , 94.34 , 91.97 , 44.29 , 69.60 , 29.37 , 42.19 , 16.97 , 9.95 , 56.82 , 59.72 , 10.16 , 114.36 , 31.79 , 46.82 , 40.18 , 296.47 , 76.73 , 161.38 , 619.56 , 96.14 , 203.57 , 323.06 , 420.35 , 95.12 , 480.43 , 221.11 , 238.17 , 215.68 , 56.48 
7/11/22, 209.87 , 28.85 , 225.57 , 80.68 , 71.77 , 107.96 , 95.01 , 92.93 , 44.43 , 69.89 , 29.53 , 42.10 , 16.86 , 9.73 , 55.78 , 58.93 , 9.91 , 112.86 , 31.46 , 46.19 , 39.79 , 293.18 , 75.82 , 160.22 , 605.00 , 95.21 , 205.06 , 324.19 , 419.07 , 94.71 , 475.51 , 219.75 , 238.56 , 215.83 , 55.94 
7/12/22, 206.50 , 28.42 , 222.36 , 79.95 , 71.98 , 107.67 , 94.37 , 92.82 , 44.23 , 69.50 , 29.44 , 41.74 , 16.65 , 9.68 , 55.00 , 59.05 , 10.04 , 112.97 , 31.36 , 46.13 , 39.60 , 292.53 , 75.94 , 157.09 , 603.29 , 94.02 , 204.82 , 322.86 , 413.99 , 94.50 , 468.88 , 216.63 , 232.19 , 212.19 , 55.05 
7/13/22, 206.71 , 28.23 , 221.47 , 80.26 , 71.20 , 107.24 , 93.90 , 92.53 , 43.60 , 69.20 , 29.08 , 41.64 , 16.60 , 9.86 , 55.03 , 58.72 , 9.85 , 111.91 , 30.84 , 45.50 , 39.07 , 290.15 , 74.98 , 154.31 , 596.38 , 91.40 , 204.15 , 323.37 , 408.00 , 91.81 , 465.20 , 213.39 , 227.02 , 208.24 , 54.58 
7/14/22, 205.52 , 28.18 , 221.70 , 80.13 , 71.86 , 106.95 , 94.27 , 92.84 , 44.15 , 69.31 , 29.12 , 41.10 , 16.58 , 9.66 , 54.85 , 57.80 , 10.12 , 108.00 , 30.13 , 44.14 , 38.74 , 281.59 , 74.69 , 150.96 , 588.63 , 89.63 , 205.91 , 325.03 , 400.31 , 90.08 , 458.99 , 210.45 , 221.91 , 204.15 , 54.04 
7/15/22, 209.13 , 28.86 , 227.89 , 78.71 , 72.33 , 107.43 , 95.22 , 93.40 , 44.23 , 69.96 , 29.61 , 41.59 , 16.76 , 9.82 , 55.70 , 58.86 , 10.43 , 112.95 , 32.25 , 49.98 , 41.13 , 293.87 , 78.05 , 153.42 , 600.37 , 93.00 , 210.04 , 332.57 , 398.38 , 91.23 , 461.20 , 212.77 , 223.84 , 204.63 , 54.15 
7/18/22, 210.22 , 28.83 , 229.06 , 77.51 , 71.69 , 105.43 , 93.37 , 91.63 , 43.76 , 68.55 , 29.56 , 42.46 , 16.93 , 10.09 , 56.96 , 60.51 , 10.74 , 111.79 , 32.26 , 50.07 , 41.19 , 301.26 , 78.86 , 154.67 , 597.53 , 93.15 , 207.21 , 331.01 , 387.28 , 89.80 , 449.26 , 209.79 , 220.12 , 201.83 , 53.02 
7/19/22, 216.90 , 29.72 , 236.19 , 78.93 , 71.75 , 105.54 , 93.59 , 92.22 , 43.70 , 68.86 , 29.75 , 43.15 , 17.31 , 10.43 , 58.36 , 62.64 , 10.88 , 114.56 , 33.35 , 52.13 , 42.90 , 318.05 , 81.65 , 160.19 , 628.34 , 98.97 , 213.66 , 340.38 , 390.38 , 93.82 , 457.39 , 214.68 , 225.64 , 207.12 , 54.63 
7/20/22, 214.45 , 29.73 , 237.87 , 78.32 , 70.94 , 102.99 , 92.71 , 90.64 , 43.10 , 67.60 , 29.38 , 43.08 , 17.32 , 10.47 , 58.43 , 63.18 , 10.70 , 114.54 , 33.36 , 52.45 , 42.72 , 321.45 , 81.81 , 160.15 , 634.73 , 101.10 , 213.37 , 341.27 , 395.22 , 94.83 , 456.07 , 216.72 , 224.37 , 208.90 , 54.63 
7/21/22, 211.90 , 30.99 , 242.11 , 78.87 , 70.85 , 103.54 , 92.79 , 90.82 , 43.26 , 67.70 , 29.32 , 42.96 , 17.66 , 10.36 , 58.40 , 62.70 , 10.51 , 115.32 , 33.65 , 52.59 , 43.28 , 326.54 , 83.02 , 161.61 , 639.31 , 97.88 , 216.19 , 346.92 , 395.20 , 94.89 , 453.80 , 216.89 , 224.09 , 208.75 , 55.24 
7/22/22, 213.40 , 30.89 , 243.10 , 80.25 , 71.94 , 104.98 , 94.35 , 92.44 , 44.02 , 68.67 , 29.70 , 42.91 , 17.65 , 10.25 , 57.99 , 61.71 , 10.83 , 114.76 , 33.43 , 51.91 , 43.17 , 323.93 , 82.43 , 161.76 , 633.64 , 96.43 , 213.70 , 343.88 , 394.74 , 94.21 , 451.85 , 216.76 , 225.13 , 208.73 , 54.77 
7/25/22, 217.36 , 31.35 , 246.90 , 80.98 , 72.69 , 105.98 , 95.80 , 94.09 , 44.42 , 69.46 , 30.10 , 44.01 , 18.02 , 10.60 , 59.14 , 64.15 , 10.76 , 115.22 , 33.73 , 52.16 , 43.50 , 324.12 , 82.55 , 164.70 , 636.15 , 97.26 , 214.27 , 344.21 , 399.80 , 94.57 , 453.32 , 218.80 , 226.30 , 210.58 , 54.92 
7/26/22, 215.97 , 31.16 , 244.61 , 79.91 , 73.51 , 107.02 , 96.42 , 95.36 , 44.70 , 70.21 , 30.50 , 43.82 , 18.00 , 10.65 , 60.04 , 65.41 , 11.00 , 113.42 , 33.05 , 51.40 , 42.90 , 318.55 , 80.79 , 161.72 , 622.94 , 93.60 , 212.49 , 341.28 , 396.81 , 90.24 , 444.65 , 217.63 , 223.75 , 210.54 , 54.80 
7/27/22, 219.89 , 31.83 , 243.24 , 80.38 , 73.26 , 106.52 , 96.29 , 95.69 , 44.46 , 70.25 , 30.55 , 44.60 , 18.06 , 10.95 , 60.29 , 66.62 , 11.00 , 115.24 , 33.59 , 52.35 , 43.71 , 324.54 , 82.51 , 163.00 , 643.32 , 97.72 , 210.47 , 343.27 , 398.54 , 90.27 , 445.81 , 219.85 , 223.90 , 210.37 , 54.54 
7/28/22, 223.74 , 31.71 , 244.83 , 84.54 , 75.84 , 108.95 , 97.62 , 98.48 , 46.27 , 72.21 , 31.50 , 44.71 , 18.04 , 11.18 , 60.37 , 67.35 , 11.04 , 114.81 , 33.32 , 52.23 , 43.32 , 329.11 , 82.95 , 162.90 , 659.98 , 102.48 , 211.35 , 352.45 , 406.08 , 92.39 , 454.46 , 223.80 , 231.79 , 212.48 , 55.62 
7/29/22, 227.30 , 32.33 , 251.17 , 84.49 , 76.89 , 109.93 , 98.56 , 99.27 , 46.49 , 73.18 , 31.69 , 44.93 , 17.99 , 11.31 , 59.74 , 69.11 , 10.97 , 115.36 , 33.81 , 51.90 , 43.87 , 333.39 , 84.30 , 165.94 , 669.18 , 102.07 , 212.11 , 353.79 , 413.81 , 93.21 , 478.90 , 226.67 , 239.97 , 216.84 , 56.68 
8/1/22, 227.08 , 32.60 , 253.01 , 85.31 , 76.68 , 109.85 , 99.10 , 98.33 , 46.11 , 73.19 , 31.63 , 44.53 , 17.90 , 11.32 , 59.12 , 68.42 , 10.87 , 114.21 , 33.71 , 51.92 , 43.54 , 332.08 , 84.09 , 166.06 , 671.39 , 103.24 , 211.36 , 350.54 , 419.28 , 93.24 , 475.63 , 226.18 , 241.00 , 217.64 , 56.84 
8/2/22, 222.50 , 32.15 , 248.02 , 85.67 , 75.93 , 109.62 , 98.46 , 98.05 , 45.83 , 73.45 , 31.70 , 43.99 , 17.83 , 11.27 , 58.81 , 67.96 , 10.88 , 112.43 , 33.04 , 50.75 , 42.88 , 327.88 , 83.53 , 163.31 , 666.16 , 100.57 , 206.26 , 349.01 , 428.78 , 93.75 , 481.05 , 227.04 , 243.97 , 217.47 , 56.66 
8/3/22, 225.63 , 32.50 , 250.30 , 86.46 , 77.26 , 110.82 , 99.59 , 98.10 , 44.31 , 74.31 , 31.69 , 44.16 , 17.81 , 11.25 , 58.98 , 67.60 , 11.01 , 113.61 , 33.64 , 51.61 , 43.89 , 333.17 , 85.05 , 165.35 , 690.54 , 101.09 , 208.48 , 354.13 , 429.30 , 94.53 , 481.75 , 230.67 , 241.36 , 218.69 , 56.22 
8/4/22, 227.35 , 32.83 , 250.93 , 87.98 , 77.97 , 109.73 , 99.95 , 97.43 , 45.06 , 74.56 , 31.39 , 43.25 , 17.30 , 11.11 , 57.62 , 63.94 , 11.20 , 112.36 , 33.40 , 51.26 , 42.77 , 331.87 , 85.36 , 164.08 , 696.01 , 102.84 , 213.47 , 356.07 , 428.13 , 92.78 , 478.04 , 229.16 , 237.85 , 228.81 , 56.21 
8/5/22, 228.62 , 33.11 , 251.02 , 87.98 , 77.27 , 109.16 , 99.46 , 97.19 , 44.77 , 73.80 , 31.47 , 42.77 , 17.47 , 10.82 , 58.55 , 63.72 , 11.10 , 115.76 , 33.96 , 51.66 , 43.76 , 334.67 , 86.13 , 167.04 , 695.93 , 101.20 , 215.87 , 357.51 , 426.41 , 93.03 , 477.59 , 228.76 , 234.58 , 227.58 , 56.19 
8/8/22, 227.86 , 32.82 , 249.74 , 87.52 , 77.19 , 109.04 , 100.08 , 98.50 , 44.98 , 73.90 , 31.58 , 43.41 , 17.68 , 10.89 , 59.21 , 65.00 , 11.24 , 114.35 , 33.49 , 51.47 , 43.19 , 334.68 , 86.03 , 166.04 , 696.27 , 102.71 , 213.32 , 352.16 , 423.86 , 91.20 , 470.05 , 225.79 , 231.75 , 223.09 , 55.94 
8/9/22, 228.49 , 32.67 , 249.34 , 88.92 , 78.25 , 109.81 , 100.57 , 98.91 , 45.40 , 74.82 , 32.08 , 43.42 , 18.04 , 10.97 , 61.38 , 67.00 , 11.28 , 115.38 , 33.92 , 52.09 , 43.40 , 336.62 , 86.36 , 165.92 , 696.51 , 100.82 , 210.26 , 346.54 , 428.55 , 91.94 , 473.73 , 227.62 , 233.50 , 225.49 , 55.63 
8/10/22, 235.76 , 34.06 , 257.57 , 89.78 , 78.29 , 110.06 , 101.34 , 98.99 , 45.53 , 75.11 , 32.07 , 43.88 , 18.14 , 11.27 , 62.26 , 67.54 , 11.56 , 118.39 , 35.07 , 53.19 , 44.33 , 347.91 , 88.89 , 169.46 , 725.21 , 107.94 , 212.10 , 353.38 , 429.99 , 93.42 , 473.14 , 230.46 , 234.68 , 227.02 , 55.26 
8/11/22, 239.25 , 34.16 , 260.21 , 89.43 , 77.90 , 108.51 , 101.20 , 98.48 , 45.70 , 74.61 , 31.91 , 44.28 , 18.59 , 11.49 , 64.96 , 70.39 , 11.66 , 120.14 , 35.91 , 54.00 , 45.25 , 351.68 , 90.20 , 171.94 , 728.65 , 106.01 , 211.08 , 350.58 , 428.85 , 93.15 , 470.31 , 231.82 , 231.29 , 227.34 , 53.87 
8/12/22, 239.95 , 34.35 , 261.84 , 90.47 , 78.12 , 110.25 , 103.78 , 99.11 , 46.17 , 75.96 , 32.50 , 43.51 , 18.69 , 11.67 , 64.35 , 69.53 , 11.57 , 122.13 , 36.30 , 54.38 , 45.94 , 353.82 , 91.66 , 174.63 , 751.83 , 108.79 , 211.33 , 354.27 , 434.24 , 95.01 , 479.58 , 237.95 , 236.74 , 230.46 , 54.80 
8/15/22, 238.17 , 34.14 , 257.06 , 91.00 , 78.37 , 110.98 , 104.56 , 100.29 , 46.70 , 76.69 , 32.69 , 42.72 , 18.57 , 11.58 , 63.48 , 68.17 , 11.71 , 122.46 , 36.25 , 54.07 , 45.75 , 355.85 , 92.02 , 173.93 , 755.82 , 108.68 , 216.42 , 359.95 , 438.01 , 96.13 , 486.87 , 241.25 , 240.03 , 232.56 , 54.92 
8/16/22, 241.35 , 34.44 , 257.61 , 90.53 , 79.07 , 112.11 , 104.46 , 100.02 , 46.69 , 77.01 , 32.83 , 43.19 , 18.65 , 11.80 , 63.30 , 68.23 , 11.51 , 123.63 , 36.64 , 54.18 , 46.06 , 354.97 , 91.82 , 175.04 , 757.07 , 107.58 , 217.14 , 359.25 , 440.16 , 95.05 , 485.50 , 241.48 , 239.33 , 233.54 , 54.56 
8/17/22, 240.89 , 34.48 , 257.80 , 90.20 , 79.25 , 112.03 , 104.33 , 100.58 , 46.25 , 76.93 , 32.51 , 42.80 , 18.57 , 11.62 , 62.96 , 67.44 , 11.90 , 122.59 , 36.41 , 53.76 , 46.14 , 353.74 , 91.35 , 173.34 , 743.22 , 106.50 , 214.52 , 355.33 , 441.59 , 94.99 , 492.51 , 242.69 , 239.88 , 236.17 , 54.15 
8/18/22, 241.91 , 34.35 , 258.60 , 90.24 , 79.72 , 112.58 , 104.37 , 100.93 , 46.31 , 76.99 , 32.59 , 43.33 , 18.93 , 11.93 , 64.30 , 70.09 , 11.70 , 121.64 , 36.28 , 53.55 , 46.14 , 354.52 , 91.73 , 173.50 , 745.22 , 107.34 , 215.25 , 357.36 , 439.35 , 94.71 , 492.88 , 243.69 , 238.38 , 236.78 , 54.31 
8/19/22, 238.52 , 33.83 , 255.75 , 89.71 , 80.16 , 113.24 , 104.94 , 100.55 , 46.14 , 76.94 , 32.65 , 43.28 , 18.72 , 11.81 , 63.95 , 68.89 , 11.63 , 118.63 , 35.48 , 52.61 , 45.35 , 349.27 , 90.01 , 170.79 , 713.85 , 103.30 , 212.82 , 354.28 , 440.03 , 93.40 , 490.75 , 241.67 , 238.43 , 235.49 , 53.74 
8/22/22, 237.51 , 33.56 , 256.91 , 88.54 , 79.11 , 112.05 , 103.41 , 99.41 , 45.35 , 76.20 , 32.03 , 42.97 , 18.56 , 11.82 , 63.50 , 67.88 , 12.17 , 116.67 , 34.72 , 51.25 , 44.41 , 342.42 , 88.46 , 166.46 , 695.05 , 101.00 , 208.61 , 345.51 , 432.33 , 91.78 , 484.19 , 234.49 , 231.20 , 234.99 , 53.03 
8/23/22, 237.64 , 33.63 , 258.30 , 87.98 , 78.79 , 111.03 , 102.70 , 98.76 , 45.07 , 75.35 , 31.91 , 43.72 , 18.89 , 12.18 , 64.80 , 69.71 , 12.27 , 115.52 , 34.41 , 50.95 , 44.37 , 340.18 , 88.30 , 166.49 , 696.97 , 102.35 , 206.80 , 340.89 , 433.12 , 92.43 , 482.88 , 234.00 , 232.14 , 236.14 , 53.15 
8/24/22, 238.29 , 33.62 , 259.82 , 88.71 , 78.87 , 110.93 , 102.66 , 98.88 , 45.49 , 75.41 , 32.27 , 44.11 , 19.20 , 12.29 , 66.11 , 71.26 , 12.35 , 115.80 , 34.52 , 51.01 , 44.64 , 341.94 , 88.60 , 167.40 , 700.42 , 102.76 , 206.67 , 339.71 , 433.71 , 93.31 , 488.89 , 234.49 , 233.08 , 239.33 , 53.58 
8/25/22, 239.07 , 33.98 , 262.99 , 89.39 , 79.12 , 110.70 , 103.38 , 99.46 , 45.82 , 76.08 , 32.37 , 44.38 , 19.26 , 12.36 , 66.65 , 72.20 , 12.26 , 118.55 , 35.14 , 52.06 , 45.39 , 346.49 , 89.91 , 168.90 , 710.60 , 105.44 , 209.82 , 344.67 , 438.64 , 96.13 , 494.48 , 238.01 , 238.44 , 241.58 , 54.31 
8/26/22, 231.27 , 32.63 , 252.99 , 88.06 , 78.20 , 108.73 , 101.82 , 98.53 , 44.71 , 74.93 , 31.75 , 43.57 , 18.99 , 12.14 , 64.84 , 70.21 , 12.27 , 114.67 , 34.03 , 49.78 , 43.97 , 336.40 , 86.81 , 162.19 , 676.44 , 98.55 , 202.89 , 331.96 , 431.13 , 93.52 , 485.13 , 232.59 , 234.06 , 236.20 , 53.05 
8/29/22, 232.41 , 32.72 , 251.85 , 87.02 , 78.68 , 109.20 , 102.93 , 99.21 , 45.00 , 75.62 , 32.09 , 43.93 , 18.94 , 12.30 , 64.50 , 71.11 , 11.83 , 114.39 , 33.90 , 49.37 , 43.92 , 333.92 , 85.35 , 160.12 , 675.89 , 96.19 , 202.33 , 329.35 , 429.68 , 92.12 , 485.81 , 233.70 , 233.28 , 235.73 , 53.08 
8/30/22, 225.24 , 31.67 , 244.77 , 85.70 , 77.58 , 107.68 , 101.34 , 98.30 , 44.06 , 74.69 , 31.65 , 42.64 , 18.48 , 11.81 , 63.03 , 68.10 , 11.75 , 114.41 , 34.09 , 49.08 , 44.14 , 333.63 , 84.43 , 159.30 , 672.72 , 95.62 , 201.38 , 327.81 , 425.11 , 90.83 , 480.93 , 231.12 , 231.24 , 231.57 , 52.50 
8/31/22, 224.51 , 31.65 , 243.13 , 85.06 , 77.07 , 106.91 , 100.20 , 97.74 , 43.91 , 74.25 , 31.53 , 41.22 , 18.32 , 11.71 , 61.23 , 68.23 , 11.60 , 113.73 , 33.61 , 48.81 , 43.71 , 332.67 , 85.22 , 158.00 , 666.39 , 93.94 , 198.71 , 324.37 , 420.11 , 89.75 , 477.99 , 228.93 , 228.19 , 230.26 , 52.13 
9/1/22, 226.06 , 31.61 , 241.13 , 86.26 , 78.77 , 108.19 , 102.38 , 99.44 , 44.45 , 75.42 , 31.95 , 41.01 , 18.17 , 11.73 , 59.52 , 67.64 , 11.84 , 114.51 , 33.47 , 48.75 , 43.70 , 333.50 , 86.17 , 158.45 , 664.85 , 94.15 , 200.13 , 325.25 , 422.61 , 88.03 , 480.32 , 225.37 , 227.49 , 227.48 , 51.73 
9/2/22, 223.94 , 31.24 , 239.26 , 85.11 , 77.87 , 107.00 , 101.09 , 98.48 , 44.08 , 74.41 , 31.78 , 41.34 , 18.22 , 11.75 , 60.55 , 69.62 , 11.66 , 113.71 , 33.43 , 48.84 , 43.38 , 331.48 , 86.40 , 157.25 , 658.06 , 93.82 , 197.76 , 322.56 , 418.57 , 87.59 , 476.95 , 224.88 , 227.20 , 226.80 , 51.42 
9/6/22, 227.98 , 31.49 , 239.91 , 87.37 , 77.78 , 106.76 , 101.56 , 97.75 , 43.89 , 74.44 , 31.70 , 40.83 , 17.77 , 11.54 , 59.56 , 68.05 , 11.56 , 113.74 , 33.06 , 48.22 , 42.88 , 326.49 , 85.13 , 156.37 , 661.63 , 94.09 , 198.64 , 324.08 , 417.78 , 87.16 , 479.74 , 224.55 , 229.77 , 229.08 , 51.48 
9/7/22, 228.79 , 31.89 , 243.22 , 90.24 , 79.75 , 110.25 , 104.74 , 101.23 , 45.11 , 76.98 , 32.67 , 41.18 , 17.85 , 11.47 , 60.38 , 68.18 , 11.65 , 115.90 , 33.57 , 48.63 , 43.84 , 330.56 , 86.86 , 159.61 , 674.22 , 96.34 , 200.42 , 328.62 , 420.14 , 87.45 , 487.78 , 227.74 , 233.15 , 232.65 , 54.07 
9/8/22, 230.34 , 32.21 , 245.93 , 90.27 , 79.41 , 109.20 , 103.98 , 100.66 , 45.37 , 76.59 , 32.70 , 41.13 , 18.03 , 11.58 , 61.31 , 70.14 , 11.95 , 118.60 , 34.65 , 49.90 , 45.23 , 335.38 , 88.44 , 162.85 , 691.92 , 96.90 , 200.71 , 330.07 , 419.65 , 86.56 , 489.73 , 227.69 , 233.72 , 232.19 , 53.00 
9/9/22, 231.88 , 32.63 , 249.85 , 89.90 , 79.52 , 109.88 , 104.71 , 100.85 , 45.84 , 76.98 , 32.85 , 41.82 , 18.31 , 11.91 , 62.49 , 71.86 , 12.11 , 119.17 , 34.94 , 50.67 , 45.33 , 340.10 , 89.46 , 164.34 , 695.46 , 99.67 , 205.20 , 335.85 , 421.53 , 88.04 , 491.41 , 231.61 , 236.14 , 235.30 , 54.42 
9/12/22, 234.16 , 32.84 , 250.58 , 90.81 , 80.15 , 110.88 , 105.18 , 101.92 , 46.11 , 77.41 , 33.10 , 42.93 , 18.74 , 12.12 , 63.87 , 72.72 , 11.88 , 120.58 , 35.27 , 50.87 , 45.53 , 342.58 , 90.15 , 166.28 , 696.81 , 100.82 , 206.63 , 338.42 , 418.64 , 87.80 , 482.30 , 235.44 , 234.75 , 235.00 , 54.60 
9/13/22, 226.29 , 31.56 , 243.30 , 88.86 , 78.23 , 108.19 , 102.20 , 98.82 , 44.02 , 75.08 , 32.35 , 41.98 , 18.17 , 11.68 , 61.68 , 69.06 , 12.36 , 116.39 , 34.00 , 49.00 , 43.22 , 328.39 , 87.05 , 160.85 , 644.91 , 94.37 , 199.67 , 325.44 , 409.33 , 83.72 , 468.93 , 227.98 , 226.33 , 229.29 , 53.07 
9/14/22, 217.95 , 31.23 , 238.04 , 88.88 , 79.43 , 109.27 , 103.32 , 99.97 , 44.35 , 75.31 , 32.75 , 42.20 , 18.53 , 12.01 , 63.44 , 72.45 , 12.28 , 116.12 , 33.87 , 48.43 , 43.28 , 327.26 , 87.18 , 162.41 , 643.58 , 95.36 , 199.41 , 325.85 , 416.63 , 86.40 , 484.88 , 230.73 , 233.96 , 232.87 , 54.28 
9/15/22, 218.36 , 30.17 , 238.86 , 86.01 , 77.29 , 106.28 , 100.19 , 97.64 , 43.24 , 73.38 , 32.18 , 41.87 , 18.33 , 12.03 , 62.46 , 72.15 , 11.85 , 117.87 , 34.51 , 48.44 , 44.14 , 331.62 , 88.26 , 165.05 , 632.34 , 94.70 , 195.37 , 316.96 , 413.59 , 85.61 , 485.08 , 228.46 , 228.43 , 232.30 , 53.91 
9/16/22, 212.00 , 29.49 , 233.98 , 84.79 , 77.25 , 106.11 , 100.36 , 97.41 , 43.21 , 73.90 , 32.04 , 40.99 , 17.85 , 11.81 , 60.22 , 68.74 , 11.92 , 117.08 , 34.12 , 48.11 , 43.94 , 326.21 , 87.43 , 163.83 , 626.74 , 92.18 , 193.30 , 315.13 , 414.29 , 85.20 , 485.20 , 227.45 , 230.01 , 232.11 , 52.65 
9/19/22, 216.20 , 29.88 , 236.09 , 86.84 , 78.27 , 106.81 , 101.11 , 98.47 , 43.39 , 74.53 , 32.46 , 41.35 , 18.05 , 11.90 , 60.90 , 69.36 , 11.88 , 118.16 , 34.69 , 48.24 , 44.32 , 328.66 , 88.72 , 165.31 , 634.73 , 95.15 , 193.13 , 314.03 , 416.52 , 84.95 , 488.07 , 229.03 , 230.07 , 234.61 , 53.27 
9/20/22, 213.27 , 29.47 , 229.59 , 85.69 , 77.22 , 105.64 , 99.76 , 97.37 , 42.78 , 73.48 , 31.99 , 40.71 , 17.90 , 11.93 , 59.70 , 68.52 , 11.75 , 115.83 , 34.17 , 47.25 , 43.41 , 323.26 , 87.19 , 163.83 , 622.31 , 90.94 , 192.07 , 313.27 , 420.58 , 85.15 , 494.00 , 229.11 , 228.47 , 232.81 , 52.64 
9/21/22, 211.89 , 29.14 , 227.89 , 83.97 , 76.13 , 104.29 , 98.57 , 96.24 , 42.10 , 72.50 , 31.95 , 40.14 , 17.52 , 11.86 , 58.43 , 66.89 , 11.43 , 112.49 , 33.15 , 46.33 , 42.27 , 320.71 , 86.36 , 158.45 , 608.09 , 88.77 , 187.02 , 304.50 , 420.20 , 84.32 , 492.87 , 228.20 , 228.72 , 232.58 , 52.03 
9/22/22, 209.17 , 28.57 , 224.71 , 83.54 , 75.94 , 104.68 , 98.88 , 96.42 , 41.68 , 72.45 , 31.66 , 40.07 , 17.32 , 11.32 , 57.62 , 65.45 , 10.65 , 111.21 , 32.50 , 45.58 , 41.52 , 312.92 , 84.77 , 154.67 , 600.50 , 85.40 , 185.79 , 298.36 , 422.08 , 83.45 , 496.46 , 228.09 , 226.01 , 235.50 , 51.60 
9/23/22, 203.97 , 27.68 , 217.65 , 82.52 , 74.99 , 103.71 , 97.74 , 95.47 , 41.67 , 71.56 , 31.56 , 38.03 , 16.53 , 10.54 , 52.76 , 59.75 , 10.18 , 109.14 , 31.73 , 44.26 , 40.41 , 301.97 , 81.51 , 151.92 , 591.39 , 83.50 , 183.96 , 293.58 , 413.07 , 82.03 , 478.82 , 221.90 , 220.39 , 230.27 , 50.62 
9/26/22, 200.86 , 27.43 , 214.76 , 81.15 , 73.15 , 100.84 , 95.63 , 93.17 , 40.58 , 69.95 , 30.51 , 37.21 , 16.09 , 10.22 , 50.58 , 57.28 , 10.21 , 106.79 , 31.03 , 42.99 , 40.01 , 294.62 , 79.76 , 148.74 , 584.65 , 83.16 , 180.59 , 290.11 , 407.65 , 81.09 , 474.37 , 220.43 , 215.67 , 226.86 , 50.52 
9/27/22, 197.25 , 27.22 , 213.84 , 81.08 , 71.72 , 98.32 , 92.86 , 90.77 , 40.15 , 68.37 , 29.89 , 37.51 , 16.33 , 10.49 , 50.98 , 58.20 , 10.61 , 105.85 , 30.57 , 42.59 , 40.03 , 291.38 , 79.48 , 148.03 , 578.60 , 81.95 , 177.87 , 286.48 , 399.74 , 81.00 , 474.14 , 218.67 , 212.56 , 224.90 , 50.75 
9/28/22, 201.83 , 27.63 , 216.72 , 82.37 , 72.52 , 99.61 , 93.56 , 90.82 , 39.68 , 68.91 , 30.15 , 38.48 , 16.84 , 11.11 , 52.94 , 61.10 , 10.54 , 107.99 , 31.07 , 43.40 , 40.81 , 300.79 , 81.47 , 151.59 , 585.43 , 86.01 , 179.18 , 290.18 , 400.00 , 83.30 , 483.69 , 220.45 , 214.57 , 225.35 , 51.47 
9/29/22, 199.20 , 27.19 , 214.55 , 79.97 , 69.38 , 95.10 , 89.07 , 87.66 , 37.75 , 65.36 , 28.84 , 37.70 , 16.72 , 10.97 , 51.98 , 60.80 , 10.52 , 106.16 , 30.66 , 42.39 , 40.50 , 296.11 , 79.86 , 150.73 , 563.92 , 84.46 , 180.06 , 286.77 , 389.79 , 82.34 , 470.48 , 214.43 , 209.35 , 223.33 , 50.85 
9/30/22, 194.82 , 26.64 , 209.65 , 78.41 , 68.00 , 93.02 , 86.45 , 85.76 , 37.46 , 64.00 , 28.18 , 37.10 , 16.64 , 11.03 , 51.24 , 60.34 , 10.93 , 104.50 , 30.20 , 41.67 , 40.22 , 293.05 , 79.01 , 149.42 , 550.28 , 83.70 , 177.65 , 284.34 , 386.29 , 81.86 , 470.32 , 212.17 , 207.83 , 221.50 , 50.37 
10/3/22, 200.26 , 27.42 , 216.80 , 81.19 , 69.73 , 95.33 , 88.23 , 87.66 , 38.48 , 65.54 , 28.84 , 38.45 , 17.10 , 11.34 , 53.55 , 62.98 , 11.33 , 107.73 , 31.09 , 42.56 , 41.58 , 299.15 , 80.38 , 153.80 , 572.72 , 86.49 , 181.65 , 290.48 , 399.74 , 83.11 , 485.71 , 220.53 , 217.40 , 227.08 , 51.70 
10/4/22, 205.38 , 28.12 , 223.17 , 82.82 , 70.69 , 97.12 , 90.66 , 89.11 , 40.01 , 66.47 , 29.43 , 39.42 , 17.67 , 11.73 , 56.32 , 65.37 , 11.34 , 112.77 , 32.38 , 44.41 , 43.54 , 314.87 , 83.97 , 160.64 , 591.30 , 93.52 , 185.65 , 301.27 , 406.11 , 85.53 , 490.28 , 226.64 , 224.12 , 232.19 , 53.56 
10/5/22, 200.62 , 27.82 , 221.02 , 81.77 , 68.73 , 94.02 , 87.70 , 86.30 , 38.70 , 64.33 , 28.81 , 38.93 , 17.70 , 11.85 , 56.52 , 66.13 , 11.26 , 110.39 , 31.92 , 43.84 , 43.31 , 309.00 , 83.11 , 159.23 , 583.15 , 92.04 , 187.67 , 304.20 , 402.51 , 85.21 , 484.45 , 226.68 , 220.84 , 233.01 , 52.37 
10/6/22, 198.21 , 27.36 , 218.93 , 78.91 , 65.73 , 90.77 , 84.51 , 84.00 , 37.76 , 61.82 , 27.34 , 37.19 , 17.39 , 11.55 , 55.63 , 64.87 , 11.12 , 108.14 , 31.46 , 43.06 , 42.24 , 304.67 , 81.31 , 155.71 , 571.61 , 91.61 , 185.59 , 299.23 , 399.61 , 84.28 , 485.23 , 223.41 , 220.50 , 231.82 , 52.64 
10/7/22, 195.62 , 26.77 , 214.57 , 76.73 , 64.12 , 89.07 , 82.99 , 81.58 , 36.96 , 59.86 , 26.81 , 37.05 , 17.24 , 11.54 , 54.53 , 63.77 , 10.91 , 105.98 , 30.75 , 42.19 , 41.79 , 301.08 , 78.93 , 151.34 , 550.40 , 86.38 , 183.83 , 294.97 , 403.96 , 84.01 , 496.09 , 223.68 , 224.32 , 232.88 , 52.16 
10/10/22, 194.05 , 26.59 , 212.24 , 76.74 , 63.99 , 89.15 , 84.45 , 81.49 , 37.81 , 60.21 , 26.70 , 36.41 , 17.07 , 11.34 , 53.29 , 63.36 , 11.15 , 104.99 , 30.66 , 41.60 , 41.45 , 300.54 , 78.41 , 150.85 , 545.54 , 85.50 , 182.18 , 291.78 , 409.99 , 84.16 , 503.83 , 225.41 , 230.44 , 235.06 , 52.38 
10/11/22, 192.64 , 26.51 , 212.79 , 76.03 , 63.64 , 89.53 , 84.87 , 81.60 , 37.47 , 59.83 , 26.60 , 36.03 , 17.16 , 11.53 , 53.59 , 65.85 , 11.12 , 101.96 , 29.77 , 40.45 , 40.23 , 294.21 , 77.00 , 147.68 , 531.14 , 83.44 , 179.14 , 286.05 , 411.06 , 84.59 , 507.31 , 227.74 , 231.50 , 234.70 , 52.97 
10/12/22, 192.12 , 26.65 , 211.32 , 72.75 , 61.50 , 85.97 , 81.74 , 79.47 , 35.96 , 57.94 , 25.55 , 35.62 , 17.05 , 11.50 , 53.46 , 64.84 , 11.32 , 103.61 , 29.86 , 40.84 , 40.51 , 295.31 , 76.60 , 146.12 , 531.10 , 85.54 , 178.24 , 283.38 , 397.42 , 82.99 , 492.38 , 223.32 , 224.17 , 226.70 , 51.82 
10/13/22, 196.74 , 27.50 , 215.61 , 73.09 , 64.05 , 87.99 , 84.78 , 82.15 , 37.23 , 59.74 , 26.05 , 37.13 , 17.64 , 11.71 , 55.68 , 68.38 , 11.07 , 109.37 , 31.69 , 42.95 , 42.38 , 307.07 , 79.32 , 152.97 , 566.03 , 86.31 , 184.66 , 293.96 , 405.96 , 84.87 , 501.44 , 229.13 , 227.53 , 230.66 , 52.79 
10/14/22, 193.79 , 27.31 , 213.49 , 71.77 , 63.51 , 86.82 , 83.52 , 81.91 , 36.59 , 58.86 , 25.88 , 35.98 , 17.19 , 11.47 , 54.07 , 64.96 , 11.38 , 111.19 , 31.70 , 43.23 , 43.17 , 299.99 , 75.30 , 149.70 , 550.95 , 84.12 , 182.62 , 288.69 , 389.41 , 82.59 , 464.19 , 221.17 , 218.51 , 223.17 , 52.06 
10/17/22, 198.60 , 28.15 , 219.10 , 73.65 , 64.28 , 89.10 , 85.05 , 83.02 , 37.10 , 60.60 , 26.25 , 37.04 , 17.50 , 11.70 , 54.80 , 66.08 , 11.67 , 115.86 , 33.62 , 43.59 , 43.96 , 306.71 , 77.14 , 155.85 , 569.25 , 88.23 , 185.25 , 295.04 , 397.31 , 84.47 , 475.09 , 228.84 , 223.56 , 228.01 , 52.64 
10/18/22, 201.64 , 28.41 , 222.34 , 75.06 , 65.39 , 90.81 , 86.58 , 85.00 , 37.56 , 61.62 , 26.96 , 37.34 , 17.77 , 11.79 , 55.67 , 67.14 , 11.71 , 118.84 , 34.88 , 44.15 , 44.67 , 313.85 , 79.44 , 156.16 , 581.06 , 90.12 , 187.17 , 300.38 , 431.84 , 87.36 , 506.80 , 237.48 , 236.58 , 238.57 , 54.79 
10/19/22, 200.06 , 27.92 , 217.62 , 73.64 , 64.69 , 89.29 , 85.90 , 84.54 , 36.85 , 61.10 , 27.00 , 37.29 , 17.99 , 11.88 , 55.14 , 67.12 , 11.67 , 116.51 , 33.92 , 43.34 , 43.62 , 311.76 , 77.64 , 151.70 , 577.90 , 87.74 , 186.41 , 297.76 , 439.96 , 87.63 , 510.91 , 239.37 , 237.61 , 243.14 , 54.66 
10/20/22, 186.45 , 27.08 , 204.87 , 70.64 , 63.50 , 87.23 , 83.93 , 83.42 , 35.54 , 59.73 , 26.60 , 37.17 , 17.12 , 11.89 , 55.07 , 65.77 , 11.80 , 116.13 , 33.70 , 42.92 , 43.65 , 310.81 , 76.60 , 147.98 , 572.36 , 84.04 , 187.22 , 296.28 , 444.34 , 87.24 , 512.44 , 237.44 , 239.00 , 243.01 , 54.27 
10/21/22, 190.53 , 27.54 , 208.04 , 71.65 , 64.50 , 88.46 , 85.63 , 84.87 , 36.72 , 60.90 , 27.01 , 37.88 , 17.52 , 12.09 , 56.60 , 67.79 , 11.83 , 122.23 , 34.95 , 44.26 , 44.83 , 325.10 , 79.22 , 156.37 , 597.26 , 85.43 , 190.37 , 302.37 , 454.61 , 88.54 , 522.66 , 242.60 , 247.20 , 249.89 , 55.45 
10/24/22, 193.49 , 28.16 , 213.23 , 73.28 , 64.59 , 88.69 , 86.00 , 84.69 , 36.87 , 61.58 , 27.21 , 37.69 , 17.28 , 12.07 , 56.31 , 66.27 , 11.86 , 122.38 , 35.07 , 44.41 , 45.20 , 328.70 , 79.43 , 160.44 , 611.44 , 86.27 , 190.71 , 305.60 , 457.46 , 89.73 , 525.96 , 243.81 , 248.11 , 252.08 , 55.72 
10/25/22, 194.61 , 28.76 , 215.77 , 75.86 , 65.72 , 90.24 , 87.42 , 85.85 , 37.76 , 62.40 , 27.65 , 38.13 , 17.51 , 12.04 , 57.59 , 66.72 , 11.95 , 122.70 , 35.39 , 45.32 , 45.37 , 332.40 , 80.51 , 163.22 , 635.94 , 91.55 , 194.38 , 311.41 , 460.15 , 88.36 , 526.75 , 245.75 , 248.23 , 252.71 , 55.96 
10/26/22, 195.78 , 28.77 , 222.12 , 75.60 , 65.64 , 90.81 , 87.45 , 85.74 , 37.61 , 62.57 , 27.60 , 38.63 , 17.73 , 12.28 , 58.44 , 67.31 , 12.10 , 124.11 , 35.70 , 45.41 , 45.70 , 335.69 , 80.91 , 161.72 , 637.80 , 92.74 , 203.33 , 319.51 , 462.56 , 90.52 , 530.99 , 245.70 , 249.99 , 251.27 , 55.87 
10/27/22, 196.04 , 28.81 , 223.59 , 75.47 , 65.17 , 91.04 , 87.18 , 86.42 , 37.70 , 63.25 , 27.99 , 39.05 , 17.99 , 12.44 , 58.90 , 67.90 , 11.88 , 124.60 , 35.87 , 45.44 , 45.65 , 337.18 , 80.69 , 161.00 , 648.98 , 93.45 , 204.29 , 319.37 , 471.93 , 91.80 , 535.51 , 248.00 , 252.80 , 253.65 , 55.86 
10/28/22, 198.65 , 29.22 , 229.14 , 79.03 , 66.34 , 94.00 , 89.40 , 88.45 , 38.76 , 65.37 , 28.81 , 39.05 , 17.77 , 12.53 , 59.72 , 67.16 , 11.97 , 126.08 , 36.18 , 46.13 , 46.35 , 341.82 , 82.22 , 162.87 , 663.75 , 93.18 , 209.34 , 329.47 , 484.87 , 95.08 , 548.11 , 250.72 , 248.74 , 257.36 , 57.43 
10/31/22, 197.14 , 29.06 , 228.07 , 77.50 , 65.48 , 93.18 , 87.92 , 87.96 , 38.59 , 65.11 , 28.61 , 38.95 , 18.12 , 12.77 , 59.32 , 68.37 , 12.23 , 125.88 , 36.04 , 45.86 , 45.99 , 344.51 , 82.17 , 161.83 , 645.91 , 91.14 , 207.16 , 328.18 , 486.68 , 94.82 , 549.01 , 249.80 , 246.47 , 257.07 , 56.98 
11/1/22, 196.82 , 29.07 , 229.99 , 77.71 , 65.53 , 93.74 , 88.53 , 88.02 , 38.76 , 65.90 , 28.35 , 38.92 , 18.24 , 12.75 , 60.06 , 68.50 , 12.09 , 128.15 , 36.20 , 46.22 , 46.95 , 348.58 , 83.72 , 161.81 , 652.00 , 92.94 , 206.93 , 333.19 , 485.63 , 95.55 , 535.88 , 249.91 , 241.15 , 256.84 , 57.63 
11/2/22, 192.53 , 28.53 , 225.40 , 77.28 , 64.80 , 92.88 , 88.21 , 88.21 , 38.04 , 65.31 , 28.11 , 38.70 , 17.90 , 12.36 , 59.06 , 67.00 , 12.42 , 126.97 , 36.09 , 45.55 , 46.88 , 349.79 , 84.37 , 158.73 , 638.81 , 92.35 , 200.95 , 319.82 , 482.06 , 94.15 , 530.30 , 246.37 , 238.81 , 253.78 , 57.00 
11/3/22, 193.19 , 29.00 , 227.21 , 78.18 , 64.85 , 93.22 , 88.68 , 88.73 , 36.96 , 65.15 , 28.01 , 39.01 , 18.04 , 12.19 , 59.30 , 69.69 , 12.50 , 127.20 , 35.89 , 44.58 , 45.54 , 348.87 , 83.62 , 153.31 , 633.81 , 88.03 , 194.75 , 309.17 , 484.82 , 94.80 , 525.51 , 248.94 , 234.98 , 244.25 , 56.70 
11/4/22, 196.70 , 29.63 , 233.80 , 78.80 , 64.91 , 93.61 , 89.57 , 90.04 , 37.18 , 65.55 , 28.48 , 40.20 , 18.17 , 12.30 , 60.74 , 70.37 , 12.60 , 130.68 , 36.79 , 45.13 , 46.74 , 357.91 , 84.85 , 156.50 , 656.15 , 90.04 , 196.98 , 318.37 , 481.67 , 95.22 , 522.77 , 249.36 , 229.33 , 243.95 , 56.59 
11/7/22, 196.30 , 29.96 , 235.63 , 77.29 , 63.36 , 92.23 , 88.00 , 87.65 , 36.68 , 65.25 , 27.91 , 39.93 , 18.25 , 12.39 , 61.86 , 71.34 , 12.61 , 131.37 , 37.01 , 45.73 , 47.07 , 362.56 , 85.57 , 156.70 , 676.30 , 92.18 , 200.10 , 325.13 , 488.63 , 96.17 , 534.77 , 251.58 , 230.58 , 244.34 , 57.47 
11/8/22, 204.01 , 29.98 , 236.32 , 78.27 , 63.95 , 93.20 , 89.25 , 88.29 , 37.71 , 66.09 , 28.15 , 40.14 , 18.31 , 12.27 , 62.66 , 72.19 , 12.19 , 131.45 , 37.11 , 46.12 , 47.18 , 364.02 , 85.28 , 158.66 , 686.33 , 92.95 , 201.78 , 325.75 , 494.12 , 96.27 , 540.93 , 252.54 , 236.09 , 244.53 , 56.98 
11/9/22, 203.41 , 29.43 , 230.54 , 78.20 , 63.44 , 93.45 , 87.82 , 87.67 , 37.69 , 65.61 , 28.19 , 39.27 , 17.58 , 11.97 , 60.86 , 68.31 , 12.42 , 129.74 , 36.52 , 45.36 , 45.97 , 362.00 , 83.45 , 155.55 , 669.62 , 89.99 , 193.93 , 315.64 , 485.18 , 95.13 , 533.14 , 249.52 , 237.67 , 238.79 , 58.23 
11/10/22, 212.99 , 31.22 , 242.98 , 83.20 , 65.71 , 97.10 , 91.80 , 90.95 , 39.00 , 69.11 , 29.40 , 40.91 , 18.20 , 12.32 , 63.40 , 71.59 , 12.32 , 135.08 , 38.13 , 48.42 , 47.95 , 378.31 , 88.80 , 163.85 , 759.81 , 103.52 , 205.57 , 337.27 , 490.77 , 97.84 , 531.59 , 253.48 , 239.34 , 244.17 , 62.17 
11/11/22, 217.50 , 31.94 , 250.91 , 83.31 , 65.09 , 95.17 , 89.98 , 89.12 , 39.11 , 67.49 , 29.13 , 41.82 , 18.69 , 12.20 , 64.65 , 72.64 , 12.23 , 135.30 , 38.41 , 50.19 , 47.55 , 385.17 , 90.78 , 165.76 , 774.75 , 108.77 , 205.00 , 339.29 , 463.86 , 93.65 , 492.70 , 243.13 , 224.75 , 227.58 , 60.39 
11/14/22, 216.95 , 31.80 , 251.68 , 81.66 , 64.54 , 95.45 , 88.66 , 89.33 , 38.06 , 66.83 , 29.13 , 40.16 , 18.53 , 12.03 , 64.38 , 71.91 , 12.31 , 133.91 , 37.76 , 49.02 , 46.87 , 382.36 , 89.81 , 163.29 , 741.15 , 101.41 , 206.86 , 339.37 , 462.04 , 92.95 , 481.74 , 242.82 , 217.80 , 221.12 , 58.50 
11/15/22, 210.66 , 31.31 , 248.14 , 82.91 , 65.89 , 97.13 , 89.22 , 89.70 , 38.24 , 67.39 , 29.13 , 40.37 , 18.66 , 12.04 , 65.25 , 74.19 , 12.19 , 132.94 , 37.70 , 49.03 , 46.71 , 382.88 , 90.50 , 164.14 , 740.31 , 97.61 , 209.99 , 343.51 , 467.25 , 95.79 , 500.72 , 246.14 , 221.24 , 223.21 , 59.51 
11/16/22, 212.27 , 31.24 , 249.72 , 84.32 , 65.83 , 97.94 , 89.74 , 91.34 , 38.06 , 68.32 , 29.44 , 40.43 , 18.41 , 12.11 , 64.71 , 72.15 , 12.18 , 133.12 , 37.36 , 48.37 , 46.21 , 382.33 , 89.82 , 161.65 , 727.03 , 94.04 , 210.14 , 342.76 , 466.24 , 94.35 , 505.13 , 244.87 , 221.50 , 223.94 , 59.68 
11/17/22, 209.82 , 30.95 , 245.56 , 82.35 , 64.92 , 95.52 , 89.07 , 90.81 , 37.48 , 67.14 , 29.19 , 40.32 , 18.30 , 11.95 , 63.60 , 70.97 , 12.34 , 132.54 , 37.17 , 48.25 , 45.99 , 379.78 , 88.95 , 158.80 , 721.31 , 90.51 , 210.99 , 341.27 , 472.77 , 94.53 , 518.85 , 246.52 , 221.50 , 224.02 , 58.95 
11/18/22, 210.58 , 30.88 , 246.76 , 83.20 , 65.57 , 96.79 , 91.28 , 93.53 , 38.58 , 68.38 , 29.67 , 40.35 , 18.42 , 12.17 , 64.47 , 72.33 , 12.15 , 133.84 , 37.19 , 48.66 , 46.50 , 379.20 , 89.20 , 161.16 , 720.61 , 91.68 , 210.80 , 343.69 , 476.82 , 95.36 , 520.42 , 248.22 , 224.00 , 227.31 , 59.00 
11/21/22, 212.27 , 31.29 , 249.26 , 83.60 , 65.73 , 97.04 , 93.15 , 94.15 , 38.70 , 68.68 , 29.90 , 40.20 , 18.28 , 12.16 , 63.20 , 70.63 , 12.42 , 133.05 , 37.31 , 48.88 , 46.84 , 380.21 , 89.08 , 162.66 , 723.70 , 89.85 , 206.32 , 338.25 , 480.94 , 96.20 , 527.87 , 250.58 , 225.35 , 232.69 , 59.02 
11/22/22, 213.20 , 31.92 , 251.10 , 84.11 , 65.95 , 97.68 , 93.71 , 95.22 , 39.45 , 68.85 , 30.45 , 41.01 , 18.72 , 12.49 , 65.42 , 74.03 , 12.27 , 135.04 , 37.49 , 49.33 , 47.11 , 383.87 , 89.67 , 164.98 , 733.45 , 87.80 , 210.33 , 344.96 , 479.50 , 96.85 , 524.65 , 251.52 , 225.32 , 230.41 , 59.00 
11/23/22, 212.52 , 32.07 , 251.11 , 84.92 , 66.36 , 98.54 , 95.13 , 96.67 , 39.87 , 69.20 , 30.81 , 41.45 , 18.65 , 12.43 , 65.62 , 73.39 , 12.27 , 136.48 , 37.61 , 48.24 , 47.33 , 386.25 , 89.93 , 166.50 , 736.32 , 88.52 , 211.73 , 348.64 , 481.07 , 97.13 , 522.34 , 252.29 , 226.43 , 227.58 , 60.30 
11/25/22, 213.33 , 32.02 , 252.32 , 85.34 , 66.91 , 99.62 , 95.47 , 97.50 , 40.07 , 69.63 , 31.04 , 41.74 , 18.63 , 12.36 , 65.42 , 73.31 , 12.11 , 136.74 , 37.70 , 48.29 , 47.44 , 388.86 , 90.91 , 167.65 , 737.78 , 90.00 , 213.79 , 351.29 , 483.46 , 97.47 , 527.83 , 253.77 , 228.68 , 230.36 , 60.94 
11/28/22, 208.52 , 31.70 , 248.55 , 83.73 , 65.84 , 98.61 , 95.22 , 96.54 , 40.23 , 69.39 , 30.86 , 41.20 , 18.46 , 12.15 , 63.72 , 72.29 , 12.41 , 134.35 , 36.86 , 47.23 , 46.98 , 382.36 , 89.89 , 162.61 , 721.17 , 88.10 , 211.26 , 344.59 , 483.21 , 96.90 , 524.88 , 250.49 , 225.86 , 228.91 , 60.03 
11/29/22, 212.77 , 32.17 , 253.36 , 82.49 , 65.73 , 97.94 , 94.65 , 96.30 , 40.00 , 68.85 , 30.58 , 40.86 , 18.88 , 12.41 , 64.91 , 73.72 , 12.42 , 136.56 , 37.00 , 47.57 , 47.57 , 383.71 , 91.08 , 164.37 , 714.00 , 88.21 , 209.06 , 343.13 , 484.10 , 97.43 , 528.35 , 251.22 , 225.61 , 228.02 , 60.05 
11/30/22, 217.43 , 32.69 , 256.50 , 84.70 , 67.64 , 99.93 , 96.80 , 98.04 , 41.37 , 70.22 , 31.11 , 41.29 , 19.12 , 12.54 , 66.92 , 74.39 , 12.22 , 138.18 , 37.85 , 48.41 , 47.95 , 386.15 , 93.07 , 168.26 , 716.00 , 91.53 , 217.00 , 356.40 , 485.19 , 98.72 , 533.29 , 252.39 , 227.08 , 231.96 , 60.89 
12/1/22, 215.93 , 32.68 , 256.36 , 84.83 , 67.72 , 100.31 , 96.48 , 97.85 , 41.53 , 70.19 , 31.03 , 40.96 , 19.15 , 12.44 , 67.20 , 74.95 , 12.24 , 136.24 , 36.55 , 47.78 , 46.87 , 383.81 , 93.00 , 164.80 , 722.18 , 85.04 , 217.00 , 360.80 , 483.69 , 99.50 , 530.30 , 252.27 , 225.39 , 230.90 , 61.25 
12/2/22, 214.73 , 32.05 , 254.07 , 85.20 , 67.34 , 99.52 , 95.12 , 97.35 , 41.45 , 69.14 , 30.67 , 40.61 , 19.00 , 12.53 , 67.20 , 75.19 , 12.17 , 135.16 , 36.08 , 47.24 , 45.94 , 380.58 , 92.10 , 164.23 , 712.98 , 85.16 , 217.66 , 360.06 , 496.23 , 101.01 , 545.60 , 255.74 , 230.00 , 240.68 , 62.23 
12/5/22, 211.06 , 31.35 , 247.31 , 85.15 , 67.48 , 99.13 , 94.52 , 97.37 , 41.75 , 68.68 , 30.45 , 39.92 , 18.56 , 12.18 , 65.31 , 72.00 , 11.93 , 131.37 , 34.47 , 45.64 , 43.66 , 371.54 , 89.81 , 153.11 , 712.76 , 81.97 , 213.68 , 356.09 , 490.67 , 100.68 , 541.43 , 250.91 , 224.71 , 235.84 , 61.38 
12/6/22, 211.14 , 31.16 , 242.55 , 85.18 , 68.48 , 100.51 , 96.37 , 97.56 , 42.87 , 69.32 , 30.82 , 39.39 , 18.10 , 11.94 , 63.60 , 69.65 , 11.78 , 131.59 , 33.00 , 44.98 , 43.40 , 362.91 , 87.51 , 151.86 , 710.29 , 78.73 , 209.08 , 347.53 , 484.00 , 98.73 , 531.81 , 248.28 , 218.76 , 235.71 , 60.79 
12/7/22, 212.22 , 30.91 , 241.55 , 85.29 , 68.50 , 99.58 , 96.67 , 96.59 , 42.31 , 68.87 , 30.39 , 39.26 , 18.04 , 11.91 , 63.85 , 68.57 , 11.70 , 131.50 , 32.74 , 44.67 , 42.45 , 359.92 , 87.28 , 155.10 , 709.16 , 77.64 , 207.81 , 347.42 , 481.20 , 99.04 , 540.21 , 246.21 , 217.91 , 234.32 , 59.35 
12/8/22, 213.03 , 31.52 , 245.67 , 85.76 , 68.68 , 100.45 , 97.72 , 97.59 , 41.77 , 69.81 , 30.35 , 39.23 , 17.77 , 11.70 , 64.12 , 68.27 , 11.44 , 132.88 , 32.44 , 44.69 , 42.58 , 358.08 , 88.69 , 154.34 , 703.44 , 79.05 , 209.10 , 351.17 , 485.38 , 99.49 , 540.55 , 247.68 , 217.81 , 235.24 , 60.53 
12/9/22, 211.35 , 31.42 , 244.05 , 84.51 , 68.36 , 100.35 , 96.58 , 96.53 , 41.42 , 69.84 , 30.45 , 39.13 , 17.45 , 11.42 , 63.55 , 68.62 , 11.72 , 132.16 , 32.38 , 44.86 , 42.50 , 359.14 , 89.47 , 154.08 , 706.95 , 78.48 , 208.70 , 348.83 , 483.58 , 98.27 , 528.94 , 247.04 , 215.53 , 233.36 , 59.68 
12/12/22, 215.83 , 32.22 , 253.05 , 86.55 , 71.03 , 102.32 , 98.55 , 98.35 , 42.50 , 71.59 , 31.01 , 39.35 , 17.82 , 11.70 , 65.95 , 70.42 , 11.86 , 134.21 , 32.73 , 45.77 , 42.86 , 363.18 , 91.12 , 156.70 , 709.23 , 82.47 , 214.59 , 358.17 , 486.32 , 99.56 , 535.18 , 249.62 , 217.59 , 235.43 , 60.42 
12/13/22, 218.02 , 32.74 , 257.93 , 87.15 , 71.21 , 103.10 , 98.62 , 98.51 , 42.54 , 71.60 , 30.91 , 39.81 , 18.21 , 11.91 , 66.96 , 72.74 , 11.75 , 134.08 , 32.75 , 46.59 , 42.62 , 368.69 , 92.71 , 154.03 , 724.15 , 83.44 , 213.04 , 357.15 , 480.22 , 99.89 , 525.59 , 248.73 , 216.15 , 231.95 , 59.84 
12/14/22, 217.58 , 32.67 , 258.42 , 87.05 , 71.11 , 103.30 , 98.49 , 98.44 , 42.82 , 71.25 , 30.95 , 39.71 , 18.11 , 11.79 , 66.59 , 73.27 , 11.69 , 133.41 , 32.28 , 45.98 , 42.18 , 360.38 , 90.50 , 149.62 , 711.52 , 80.60 , 213.32 , 357.51 , 485.19 , 99.95 , 531.78 , 249.02 , 218.04 , 233.38 , 59.71 
12/15/22, 212.31 , 31.77 , 252.29 , 85.81 , 70.37 , 102.51 , 95.57 , 96.98 , 42.38 , 70.62 , 30.63 , 38.93 , 17.96 , 11.66 , 64.68 , 71.11 , 11.55 , 130.10 , 31.77 , 44.62 , 41.37 , 349.83 , 87.79 , 150.18 , 698.18 , 77.40 , 207.91 , 346.25 , 478.79 , 98.49 , 528.49 , 245.14 , 216.48 , 228.51 , 58.68 
12/16/22, 210.21 , 31.65 , 250.60 , 84.14 , 69.43 , 100.34 , 94.57 , 95.17 , 41.93 , 69.92 , 30.01 , 38.37 , 17.69 , 11.66 , 64.49 , 70.10 , 11.42 , 129.29 , 31.70 , 44.35 , 41.19 , 346.35 , 86.86 , 150.39 , 700.22 , 75.39 , 206.89 , 345.84 , 481.79 , 98.34 , 529.87 , 246.14 , 213.27 , 231.27 , 58.96 
12/19/22, 206.39 , 31.18 , 247.00 , 83.52 , 68.91 , 100.23 , 94.00 , 94.85 , 41.77 , 69.40 , 29.98 , 37.90 , 17.51 , 11.56 , 63.37 , 69.04 , 11.35 , 130.06 , 32.06 , 43.93 , 41.82 , 344.61 , 85.55 , 150.16 , 692.47 , 73.48 , 204.82 , 341.26 , 481.79 , 97.54 , 532.52 , 244.30 , 205.55 , 229.57 , 57.82 
12/20/22, 205.41 , 30.73 , 242.92 , 83.52 , 69.47 , 100.21 , 93.67 , 94.59 , 42.06 , 69.49 , 29.97 , 38.49 , 17.61 , 11.68 , 63.50 , 69.78 , 11.54 , 130.69 , 32.19 , 43.81 , 40.98 , 344.49 , 85.16 , 151.68 , 691.56 , 73.09 , 205.36 , 342.95 , 486.15 , 98.18 , 529.57 , 246.62 , 205.60 , 228.80 , 57.49 
12/21/22, 208.42 , 31.22 , 246.70 , 84.65 , 70.73 , 101.92 , 95.34 , 95.72 , 42.63 , 70.41 , 30.53 , 39.29 , 17.88 , 11.95 , 65.01 , 72.08 , 11.35 , 132.16 , 32.68 , 44.81 , 41.12 , 350.16 , 86.87 , 153.90 , 712.94 , 75.84 , 206.81 , 345.69 , 487.65 , 99.76 , 538.79 , 249.97 , 206.98 , 230.41 , 58.68 
12/22/22, 208.66 , 30.97 , 245.45 , 83.34 , 70.76 , 101.95 , 94.47 , 95.16 , 42.52 , 70.03 , 30.31 , 38.83 , 17.74 , 11.81 , 64.11 , 70.71 , 11.71 , 130.66 , 32.39 , 43.99 , 40.68 , 345.58 , 86.37 , 154.29 , 703.33 , 74.34 , 205.06 , 341.52 , 479.30 , 98.51 , 531.37 , 246.59 , 204.81 , 229.03 , 58.05 
12/23/22, 209.91 , 31.25 , 247.50 , 84.17 , 71.74 , 102.99 , 95.69 , 95.85 , 43.04 , 70.93 , 30.69 , 39.49 , 18.14 , 11.96 , 65.56 , 73.36 , 11.76 , 131.28 , 32.47 , 44.26 , 40.98 , 345.51 , 86.11 , 155.02 , 703.94 , 74.91 , 205.83 , 343.60 , 483.29 , 99.30 , 534.77 , 247.90 , 206.24 , 230.07 , 58.24 
12/27/22, 210.32 , 31.24 , 249.52 , 84.00 , 72.27 , 103.67 , 96.29 , 96.55 , 43.15 , 71.57 , 30.92 , 39.66 , 18.26 , 11.90 , 66.09 , 73.89 , 11.53 , 131.74 , 32.53 , 44.39 , 41.04 , 341.97 , 85.06 , 155.96 , 703.26 , 73.68 , 206.29 , 346.16 , 485.50 , 99.66 , 541.19 , 248.74 , 206.45 , 232.09 , 58.16 
12/28/22, 206.87 , 30.84 , 245.79 , 83.16 , 71.65 , 102.90 , 95.36 , 95.97 , 42.94 , 70.57 , 30.52 , 38.81 , 17.93 , 11.67 , 64.51 , 71.95 , 11.72 , 132.46 , 32.77 , 44.62 , 41.12 , 340.87 , 84.46 , 155.86 , 700.33 , 72.16 , 204.99 , 341.95 , 483.22 , 99.14 , 540.41 , 246.97 , 204.56 , 229.31 , 57.56 
12/29/22, 209.22 , 31.24 , 248.21 , 84.08 , 72.19 , 103.84 , 96.01 , 96.49 , 43.13 , 71.07 , 30.48 , 39.27 , 18.15 , 11.86 , 65.95 , 73.64 , 11.76 , 133.22 , 33.14 , 45.16 , 41.33 , 343.43 , 85.24 , 157.83 , 716.15 , 74.75 , 208.06 , 348.21 , 487.05 , 100.33 , 542.00 , 249.23 , 206.66 , 230.97 , 57.91 
12/30/22, 207.07 , 30.98 , 246.42 , 83.60 , 71.41 , 102.99 , 94.95 , 95.31 , 43.23 , 70.11 , 29.99 , 39.10 , 18.08 , 11.87 , 65.70 , 73.50 , 11.55 , 134.10 , 33.12 , 45.23 , 41.29 , 343.38 , 85.02 , 157.94 , 708.63 , 74.19 , 207.76 , 347.73 , 486.49 , 100.92 , 545.61 , 248.11 , 208.21 , 230.68 , 58.08 
1/3/23, 207.58 , 30.88 , 247.70 , 83.83 , 71.90 , 103.70 , 94.87 , 95.76 , 43.16 , 70.07 , 29.56 , 39.03 , 18.01 , 11.62 , 63.94 , 70.65 , 11.55 , 135.12 , 33.51 , 45.78 , 41.79 , 346.22 , 85.72 , 159.52 , 712.04 , 76.13 , 207.39 , 346.80 , 477.53 , 100.81 , 540.33 , 248.60 , 206.93 , 228.35 , 57.60 
1/4/23, 209.24 , 31.28 , 250.90 , 84.49 , 72.51 , 104.81 , 95.52 , 96.59 , 43.73 , 70.67 , 29.65 , 39.77 , 18.23 , 11.66 , 64.44 , 71.03 , 11.61 , 136.38 , 34.14 , 46.96 , 42.65 , 347.70 , 86.65 , 163.73 , 721.90 , 78.01 , 212.61 , 355.15 , 476.50 , 100.84 , 526.45 , 245.22 , 206.93 , 228.16 , 57.53 
1/5/23, 203.08 , 30.91 , 247.48 , 82.63 , 70.38 , 103.26 , 93.78 , 95.29 , 42.78 , 69.24 , 28.98 , 39.61 , 18.21 , 11.93 , 64.83 , 70.93 , 11.90 , 135.35 , 34.07 , 46.75 , 42.42 , 343.76 , 85.92 , 159.37 , 701.24 , 76.59 , 211.11 , 351.77 , 477.07 , 100.88 , 528.52 , 244.62 , 206.13 , 226.95 , 56.87 
1/6/23, 212.01 , 32.20 , 255.79 , 83.65 , 71.63 , 105.18 , 96.53 , 97.83 , 43.67 , 71.29 , 29.99 , 40.52 , 18.58 , 12.15 , 66.57 , 73.10 , 11.94 , 137.94 , 34.41 , 47.31 , 42.80 , 348.08 , 87.56 , 164.21 , 738.00 , 79.22 , 217.75 , 367.67 , 473.24 , 102.46 , 521.42 , 248.25 , 206.18 , 230.11 , 58.03 
1/9/23, 211.46 , 32.14 , 254.23 , 84.07 , 71.50 , 105.19 , 97.95 , 97.72 , 44.15 , 71.98 , 30.47 , 41.00 , 18.71 , 12.31 , 67.69 , 74.92 , 11.96 , 137.37 , 33.89 , 47.54 , 42.39 , 353.00 , 87.64 , 164.28 , 752.99 , 80.58 , 218.60 , 370.97 , 458.99 , 99.60 , 495.41 , 245.21 , 201.07 , 221.56 , 57.28 
1/10/23, 212.28 , 32.40 , 254.65 , 84.54 , 71.11 , 105.43 , 97.28 , 98.09 , 43.69 , 72.11 , 30.56 , 40.98 , 18.74 , 12.39 , 69.31 , 74.39 , 12.01 , 138.60 , 34.12 , 48.19 , 42.36 , 357.36 , 88.92 , 164.94 , 757.28 , 80.53 , 221.09 , 371.01 , 462.29 , 99.92 , 495.79 , 247.54 , 201.95 , 223.97 , 57.67 
1/11/23, 214.26 , 32.45 , 256.14 , 85.00 , 71.56 , 105.66 , 97.63 , 98.61 , 44.14 , 72.78 , 31.15 , 41.31 , 18.78 , 12.53 , 70.09 , 74.65 , 12.11 , 139.63 , 34.38 , 48.71 , 42.74 , 364.48 , 89.43 , 165.84 , 755.92 , 83.07 , 222.10 , 377.86 , 463.00 , 99.59 , 492.93 , 248.69 , 199.91 , 227.03 , 59.02 
1/12/23, 214.69 , 32.49 , 254.17 , 85.07 , 70.34 , 105.08 , 96.41 , 97.53 , 43.38 , 71.95 , 31.07 , 41.92 , 18.89 , 12.64 , 70.93 , 75.41 , 12.07 , 139.49 , 34.47 , 49.09 , 42.83 , 369.94 , 90.53 , 168.82 , 753.96 , 85.06 , 223.62 , 379.81 , 461.74 , 100.68 , 487.98 , 247.70 , 199.75 , 228.47 , 58.65 
1/13/23, 213.23 , 32.42 , 255.13 , 84.68 , 70.32 , 104.98 , 94.84 , 96.49 , 43.38 , 71.17 , 31.31 , 41.76 , 18.85 , 12.67 , 70.83 , 75.40 , 12.07 , 143.01 , 35.23 , 49.92 , 44.22 , 374.00 , 91.66 , 164.00 , 753.99 , 85.04 , 223.06 , 375.52 , 449.83 , 98.68 , 461.43 , 240.29 , 197.16 , 223.07 , 57.51 
1/17/23, 214.31 , 32.60 , 256.66 , 85.74 , 70.05 , 104.22 , 94.86 , 95.49 , 43.16 , 71.09 , 31.08 , 41.68 , 18.82 , 12.62 , 70.12 , 75.14 , 12.11 , 140.80 , 34.52 , 50.31 , 44.12 , 349.92 , 97.08 , 161.85 , 749.73 , 85.88 , 223.00 , 375.00 , 447.16 , 98.43 , 455.57 , 241.14 , 194.65 , 221.55 , 57.19 
1/18/23, 209.48 , 32.23 , 254.67 , 83.80 , 67.72 , 102.25 , 92.45 , 93.34 , 42.23 , 68.76 , 30.39 , 41.19 , 18.36 , 12.51 , 68.65 , 73.42 , 12.11 , 136.57 , 33.72 , 49.43 , 43.38 , 349.09 , 96.58 , 152.07 , 747.36 , 83.99 , 219.46 , 368.92 , 441.27 , 95.74 , 446.06 , 237.00 , 192.97 , 219.33 , 56.28 
1/19/23, 205.50 , 31.55 , 249.88 , 82.59 , 66.45 , 101.97 , 91.63 , 92.48 , 42.04 , 68.00 , 30.28 , 41.38 , 18.75 , 12.60 , 69.60 , 74.87 , 12.14 , 134.75 , 33.23 , 49.37 , 42.95 , 350.75 , 94.15 , 148.02 , 729.87 , 80.52 , 220.41 , 367.94 , 439.31 , 94.24 , 442.31 , 231.55 , 191.45 , 217.71 , 55.60 
1/20/23, 208.66 , 32.01 , 253.66 , 81.82 , 67.12 , 101.82 , 92.17 , 93.79 , 42.34 , 68.55 , 30.11 , 41.86 , 18.64 , 12.76 , 69.71 , 75.66 , 12.31 , 135.08 , 33.85 , 51.09 , 43.92 , 341.84 , 96.24 , 154.87 , 741.71 , 85.01 , 224.31 , 376.28 , 443.28 , 94.36 , 450.76 , 232.79 , 192.51 , 218.10 , 56.54 
1/23/23, 210.13 , 32.05 , 256.44 , 82.67 , 66.86 , 100.99 , 92.66 , 93.55 , 41.82 , 68.01 , 30.00 , 41.88 , 18.76 , 13.01 , 69.73 , 75.60 , 12.41 , 137.27 , 34.32 , 51.98 , 45.03 , 349.14 , 97.13 , 159.34 , 748.02 , 87.83 , 224.18 , 378.57 , 441.28 , 96.25 , 450.87 , 232.45 , 194.25 , 217.94 , 57.64 
1/24/23, 203.18 , 31.86 , 255.88 , 83.90 , 66.70 , 101.37 , 92.70 , 94.05 , 41.51 , 68.34 , 30.19 , 41.53 , 18.57 , 13.07 , 69.51 , 75.09 , 12.51 , 138.45 , 34.57 , 51.42 , 44.45 , 348.33 , 95.51 , 158.42 , 752.07 , 88.22 , 223.89 , 380.01 , 449.23 , 99.47 , 459.31 , 235.45 , 194.72 , 220.15 , 58.72 
1/25/23, 200.12 , 31.05 , 242.97 , 76.59 , 67.26 , 101.42 , 92.35 , 94.45 , 41.42 , 68.56 , 30.04 , 40.47 , 18.45 , 13.15 , 69.04 , 75.31 , 12.78 , 139.12 , 34.87 , 51.90 , 45.34 , 349.63 , 95.64 , 160.18 , 751.25 , 88.86 , 224.90 , 382.39 , 454.16 , 100.01 , 463.29 , 226.88 , 197.68 , 216.86 , 60.50 
1/26/23, 201.48 , 30.15 , 241.18 , 76.40 , 67.52 , 101.34 , 92.99 , 94.88 , 41.60 , 68.80 , 30.00 , 40.65 , 18.61 , 13.50 , 69.54 , 76.05 , 12.96 , 139.98 , 35.34 , 52.19 , 45.81 , 354.97 , 96.50 , 161.93 , 758.90 , 93.81 , 224.71 , 377.24 , 459.81 , 100.25 , 443.47 , 228.11 , 196.54 , 217.54 , 60.95 
1/27/23, 202.39 , 30.08 , 238.81 , 75.58 , 68.00 , 101.58 , 93.07 , 94.91 , 41.69 , 68.43 , 29.74 , 40.84 , 18.66 , 13.36 , 68.24 , 75.35 , 12.41 , 140.32 , 35.45 , 51.86 , 46.12 , 353.70 , 96.86 , 163.17 , 759.18 , 95.86 , 231.44 , 374.03 , 459.60 , 99.60 , 437.65 , 227.49 , 212.10 , 218.22 , 61.17 
1/30/23, 200.20 , 29.88 , 238.21 , 75.05 , 67.43 , 101.64 , 92.87 , 95.05 , 41.75 , 68.10 , 29.84 , 40.53 , 18.04 , 13.10 , 67.28 , 73.84 , 12.46 , 139.13 , 35.30 , 51.75 , 46.29 , 357.46 , 95.96 , 162.86 , 747.86 , 94.90 , 229.10 , 371.12 , 460.59 , 98.71 , 439.28 , 228.07 , 211.91 , 216.67 , 60.05 
1/31/23, 204.19 , 30.92 , 245.81 , 74.63 , 67.68 , 102.45 , 93.96 , 95.31 , 42.19 , 68.77 , 30.12 , 40.97 , 18.30 , 13.28 , 68.48 , 75.02 , 12.51 , 139.96 , 35.48 , 52.22 , 46.87 , 365.81 , 97.33 , 165.43 , 759.21 , 95.96 , 230.21 , 370.60 , 463.26 , 99.85 , 448.04 , 233.06 , 214.82 , 220.54 , 60.86 
2/1/23, 207.93 , 31.59 , 248.79 , 74.24 , 68.86 , 102.54 , 94.65 , 95.45 , 42.30 , 69.61 , 30.10 , 40.72 , 18.37 , 13.07 , 68.24 , 74.58 , 12.80 , 139.59 , 35.92 , 52.15 , 47.33 , 365.71 , 98.19 , 164.79 , 762.63 , 97.21 , 230.90 , 374.08 , 462.25 , 98.42 , 442.59 , 230.45 , 215.85 , 218.36 , 60.55 
2/2/23, 213.41 , 32.64 , 254.84 , 75.60 , 68.62 , 102.04 , 94.55 , 95.16 , 41.89 , 69.56 , 29.78 , 40.59 , 18.45 , 13.28 , 68.71 , 74.77 , 12.75 , 138.94 , 36.13 , 52.22 , 47.23 , 369.47 , 99.21 , 166.17 , 770.73 , 100.03 , 229.56 , 374.94 , 457.19 , 96.96 , 440.86 , 231.41 , 212.04 , 217.71 , 61.01 
2/3/23, 210.29 , 32.27 , 252.12 , 74.67 , 67.27 , 100.58 , 92.11 , 92.93 , 40.90 , 67.98 , 29.20 , 40.57 , 18.28 , 13.28 , 68.56 , 73.41 , 12.62 , 141.09 , 36.43 , 50.95 , 47.58 , 369.95 , 99.43 , 165.39 , 757.16 , 97.13 , 230.13 , 373.91 , 459.08 , 96.48 , 440.64 , 231.54 , 210.95 , 216.97 , 60.29 
2/6/23, 208.96 , 32.05 , 246.46 , 75.51 , 67.90 , 101.81 , 92.50 , 93.55 , 40.96 , 68.80 , 29.33 , 40.49 , 18.17 , 12.98 , 68.20 , 72.53 , 12.60 , 141.92 , 36.37 , 50.86 , 47.68 , 370.80 , 98.90 , 163.00 , 742.38 , 95.72 , 229.44 , 372.97 , 469.10 , 97.64 , 448.96 , 232.35 , 212.33 , 222.01 , 60.11 
2/7/23, 209.04 , 32.29 , 247.67 , 76.08 , 67.74 , 100.82 , 92.28 , 93.25 , 40.82 , 68.88 , 29.61 , 40.75 , 18.28 , 12.85 , 69.09 , 74.60 , 12.72 , 143.65 , 36.77 , 51.13 , 48.13 , 374.40 , 99.22 , 162.94 , 740.82 , 96.71 , 231.32 , 375.06 , 468.33 , 97.87 , 452.15 , 231.96 , 212.43 , 225.31 , 60.55 
2/8/23, 207.14 , 31.95 , 246.62 , 75.03 , 66.45 , 99.18 , 90.38 , 91.77 , 40.24 , 67.85 , 29.04 , 39.54 , 18.22 , 12.78 , 68.75 , 75.17 , 12.52 , 142.64 , 36.50 , 51.15 , 48.25 , 375.10 , 98.96 , 161.56 , 729.86 , 94.62 , 230.20 , 370.35 , 469.65 , 97.65 , 456.06 , 229.12 , 211.94 , 225.70 , 59.51 
2/9/23, 202.81 , 31.13 , 238.98 , 73.27 , 65.78 , 97.55 , 88.48 , 90.19 , 39.99 , 67.32 , 28.65 , 39.31 , 17.99 , 12.76 , 67.97 , 74.38 , 12.73 , 140.42 , 35.72 , 49.98 , 47.57 , 367.99 , 98.05 , 158.88 , 715.97 , 91.87 , 229.35 , 370.42 , 470.09 , 97.85 , 453.85 , 228.66 , 210.36 , 220.45 , 59.00 
2/10/23, 205.50 , 31.57 , 242.61 , 74.74 , 66.88 , 99.11 , 90.55 , 92.36 , 40.71 , 68.48 , 29.31 , 40.59 , 18.36 , 12.84 , 69.45 , 76.75 , 12.84 , 141.04 , 35.58 , 50.11 , 47.51 , 371.28 , 98.44 , 159.34 , 723.51 , 93.13 , 227.20 , 366.83 , 480.83 , 100.61 , 463.86 , 233.22 , 215.66 , 221.33 , 59.73 
2/13/23, 206.05 , 31.63 , 239.71 , 75.62 , 67.13 , 100.04 , 91.09 , 92.80 , 41.19 , 68.71 , 29.47 , 40.90 , 18.39 , 12.95 , 69.90 , 76.64 , 13.11 , 142.57 , 35.65 , 51.00 , 48.13 , 374.02 , 99.43 , 160.98 , 736.91 , 96.44 , 228.88 , 370.83 , 481.97 , 100.56 , 464.28 , 232.88 , 214.48 , 218.94 , 59.89 
2/14/23, 204.03 , 31.44 , 235.28 , 76.03 , 66.65 , 99.47 , 90.48 , 91.10 , 42.03 , 67.98 , 29.28 , 39.77 , 18.31 , 13.09 , 69.77 , 77.22 , 13.17 , 143.20 , 35.62 , 51.61 , 48.50 , 371.78 , 100.56 , 161.13 , 729.15 , 96.77 , 229.39 , 369.96 , 481.58 , 101.37 , 467.51 , 232.07 , 212.87 , 216.19 , 59.90 
2/15/23, 203.11 , 31.67 , 238.29 , 76.94 , 66.77 , 99.26 , 90.92 , 91.20 , 42.67 , 67.90 , 29.13 , 39.51 , 18.19 , 13.14 , 69.67 , 76.50 , 13.20 , 143.80 , 35.56 , 51.82 , 47.97 , 374.34 , 100.83 , 160.00 , 724.19 , 96.63 , 228.92 , 369.64 , 480.51 , 101.46 , 460.94 , 232.47 , 213.27 , 218.41 , 60.48 
2/16/23, 200.52 , 31.11 , 230.02 , 75.69 , 65.86 , 98.29 , 90.70 , 91.66 , 42.49 , 67.26 , 29.05 , 39.16 , 18.09 , 13.05 , 69.19 , 76.08 , 13.02 , 141.82 , 35.28 , 51.46 , 47.22 , 370.20 , 99.57 , 158.30 , 713.00 , 94.44 , 225.83 , 367.55 , 471.25 , 100.97 , 465.35 , 231.30 , 211.45 , 218.92 , 60.38 
2/17/23, 201.59 , 31.21 , 228.15 , 76.07 , 66.63 , 99.49 , 92.41 , 93.25 , 43.05 , 68.01 , 29.21 , 38.90 , 17.73 , 12.87 , 67.26 , 73.94 , 12.99 , 142.24 , 35.35 , 51.42 , 47.49 , 368.50 , 99.51 , 158.59 , 716.16 , 93.52 , 223.56 , 361.13 , 475.63 , 101.51 , 470.63 , 235.26 , 214.02 , 224.54 , 60.53 
2/21/23, 193.75 , 30.59 , 224.55 , 73.66 , 65.55 , 97.68 , 90.85 , 92.73 , 42.23 , 67.20 , 28.91 , 38.08 , 17.35 , 12.74 , 66.13 , 73.29 , 13.07 , 139.63 , 34.52 , 49.84 , 46.24 , 361.12 , 97.62 , 155.48 , 695.75 , 90.73 , 220.62 , 355.96 , 479.19 , 100.65 , 473.95 , 233.52 , 212.43 , 222.02 , 59.65 
2/22/23, 191.38 , 29.99 , 221.99 , 73.68 , 65.24 , 97.47 , 90.82 , 92.41 , 41.84 , 66.69 , 28.85 , 37.80 , 17.32 , 13.00 , 66.38 , 75.56 , 13.14 , 138.56 , 34.29 , 50.04 , 46.01 , 360.89 , 97.27 , 156.30 , 687.41 , 90.90 , 220.02 , 354.97 , 479.53 , 100.51 , 478.73 , 233.65 , 212.06 , 220.75 , 59.42 
2/23/23, 193.32 , 30.65 , 223.86 , 72.87 , 64.74 , 96.84 , 90.71 , 91.58 , 41.84 , 66.33 , 28.79 , 37.85 , 17.48 , 13.01 , 67.98 , 76.47 , 13.08 , 139.67 , 34.26 , 50.38 , 46.25 , 363.54 , 97.94 , 158.10 , 691.84 , 91.02 , 221.13 , 355.53 , 479.08 , 99.64 , 476.26 , 231.37 , 209.55 , 217.31 , 59.34 
2/24/23, 194.02 , 30.75 , 224.77 , 72.92 , 64.56 , 96.92 , 90.43 , 91.26 , 41.32 , 65.81 , 28.57 , 37.82 , 17.44 , 12.86 , 67.56 , 75.76 , 13.22 , 140.93 , 34.21 , 50.18 , 46.62 , 363.85 , 97.70 , 158.49 , 683.43 , 89.06 , 219.55 , 353.12 , 480.40 , 99.62 , 470.91 , 231.95 , 210.15 , 220.75 , 60.91 
2/27/23, 212.17 , 30.77 , 225.31 , 71.86 , 64.37 , 95.81 , 90.07 , 90.85 , 41.43 , 65.40 , 28.47 , 38.02 , 17.36 , 12.76 , 67.94 , 75.26 , 13.25 , 142.16 , 34.21 , 50.47 , 46.78 , 365.53 , 96.70 , 157.70 , 683.06 , 89.93 , 220.35 , 355.48 , 479.49 , 99.16 , 470.07 , 230.62 , 210.70 , 217.38 , 61.70 
2/28/23, 207.28 , 30.49 , 224.82 , 71.03 , 63.06 , 94.26 , 87.97 , 89.35 , 40.39 , 64.57 , 27.82 , 37.52 , 17.06 , 12.66 , 65.45 , 74.10 , 13.15 , 143.35 , 34.30 , 50.69 , 46.77 , 351.65 , 96.50 , 157.92 , 689.43 , 90.80 , 219.94 , 355.29 , 474.26 , 98.09 , 464.11 , 227.91 , 211.19 , 215.20 , 61.11 
3/1/23, 207.99 , 30.86 , 225.41 , 69.87 , 62.32 , 91.91 , 86.36 , 88.15 , 39.75 , 63.27 , 27.36 , 38.01 , 17.26 , 12.79 , 66.16 , 76.29 , 13.39 , 142.55 , 34.14 , 51.50 , 46.68 , 346.23 , 96.19 , 155.21 , 680.56 , 89.78 , 218.36 , 353.50 , 474.33 , 98.04 , 462.55 , 227.69 , 210.08 , 215.73 , 62.33 
3/2/23, 211.36 , 31.28 , 228.61 , 72.21 , 63.67 , 93.77 , 87.99 , 89.61 , 40.38 , 64.34 , 27.99 , 38.66 , 17.46 , 12.95 , 66.67 , 77.25 , 13.41 , 141.07 , 33.49 , 51.40 , 45.80 , 349.10 , 96.08 , 150.24 , 685.91 , 89.06 , 219.06 , 355.57 , 478.31 , 99.00 , 468.27 , 230.25 , 212.18 , 217.52 , 62.45 
3/3/23, 209.36 , 31.15 , 228.39 , 73.83 , 64.81 , 95.39 , 89.09 , 90.69 , 41.38 , 65.10 , 28.41 , 38.86 , 17.65 , 13.05 , 67.85 , 79.24 , 13.34 , 143.66 , 34.16 , 52.35 , 46.85 , 357.09 , 98.33 , 152.89 , 695.24 , 91.22 , 223.77 , 361.50 , 477.89 , 99.02 , 467.38 , 231.04 , 214.16 , 218.50 , 63.14 
3/6/23, 208.83 , 30.54 , 222.42 , 74.40 , 65.23 , 95.98 , 89.37 , 91.63 , 41.49 , 65.05 , 28.52 , 38.82 , 17.62 , 13.20 , 68.65 , 78.47 , 13.17 , 142.82 , 34.09 , 52.18 , 46.63 , 357.05 , 98.38 , 152.68 , 688.39 , 91.52 , 226.75 , 366.93 , 480.17 , 99.51 , 470.22 , 232.60 , 213.91 , 216.83 , 61.81 
3/7/23, 205.40 , 29.69 , 215.18 , 73.75 , 64.33 , 93.52 , 88.63 , 90.66 , 41.00 , 63.61 , 27.81 , 38.33 , 17.35 , 13.13 , 67.52 , 77.03 , 13.15 , 138.62 , 33.00 , 51.08 , 44.45 , 346.08 , 96.06 , 145.72 , 674.66 , 89.47 , 223.17 , 359.94 , 478.66 , 98.18 , 472.20 , 229.99 , 211.84 , 214.00 , 61.75 
3/8/23, 203.57 , 30.27 , 216.31 , 74.25 , 64.73 , 94.67 , 89.30 , 91.69 , 41.25 , 64.40 , 27.98 , 38.39 , 17.32 , 13.16 , 67.09 , 76.45 , 12.94 , 137.80 , 32.56 , 50.68 , 43.84 , 349.29 , 95.90 , 145.13 , 674.36 , 91.51 , 222.19 , 359.03 , 479.50 , 97.40 , 465.25 , 227.06 , 207.93 , 212.35 , 62.74 
3/9/23, 199.57 , 29.76 , 213.21 , 73.76 , 64.55 , 94.22 , 88.76 , 91.29 , 40.59 , 64.25 , 27.88 , 37.99 , 17.14 , 12.90 , 65.64 , 75.20 , 12.80 , 130.34 , 30.54 , 48.60 , 41.13 , 342.09 , 92.20 , 137.87 , 651.28 , 84.99 , 220.01 , 354.44 , 475.85 , 95.93 , 459.04 , 222.87 , 204.39 , 210.01 , 63.23 
3/10/23, 196.06 , 29.49 , 210.45 , 73.01 , 63.94 , 92.83 , 87.53 , 90.62 , 40.18 , 63.22 , 27.56 , 37.84 , 16.77 , 12.60 , 64.40 , 73.55 , 12.31 , 133.65 , 30.27 , 48.34 , 41.36 , 327.67 , 90.05 , 137.16 , 635.03 , 80.22 , 216.14 , 347.11 , 475.50 , 96.00 , 459.78 , 220.93 , 203.37 , 207.96 , 61.24 
3/13/23, 195.10 , 29.06 , 207.63 , 73.29 , 65.15 , 94.17 , 89.38 , 92.79 , 41.39 , 65.30 , 28.21 , 38.23 , 16.85 , 12.26 , 63.64 , 72.21 , 12.34 , 131.25 , 28.51 , 44.74 , 38.41 , 315.51 , 87.99 , 130.06 , 625.77 , 83.48 , 214.47 , 344.71 , 477.33 , 97.46 , 457.74 , 218.79 , 201.35 , 209.16 , 61.40 
3/14/23, 195.15 , 29.26 , 208.08 , 74.55 , 66.18 , 95.09 , 90.25 , 94.01 , 41.34 , 65.44 , 28.69 , 38.25 , 16.94 , 12.34 , 64.38 , 72.37 , 11.77 , 134.62 , 28.76 , 47.40 , 40.17 , 322.15 , 89.97 , 130.53 , 637.83 , 86.21 , 218.66 , 352.82 , 478.87 , 98.32 , 453.66 , 219.83 , 202.59 , 208.35 , 61.46 
3/15/23, 192.04 , 28.98 , 205.18 , 75.52 , 67.65 , 96.83 , 92.59 , 95.64 , 41.84 , 67.31 , 29.09 , 36.59 , 16.58 , 11.94 , 60.88 , 68.15 , 11.88 , 128.26 , 28.49 , 44.82 , 38.85 , 312.19 , 85.39 , 125.05 , 631.74 , 86.67 , 216.37 , 348.08 , 473.31 , 95.83 , 448.90 , 216.75 , 200.78 , 205.43 , 61.73 
3/16/23, 192.91 , 29.33 , 207.44 , 76.23 , 68.12 , 97.20 , 92.01 , 96.30 , 42.15 , 67.24 , 29.33 , 37.02 , 16.55 , 12.25 , 61.02 , 68.67 , 11.86 , 130.75 , 28.97 , 45.62 , 39.30 , 315.09 , 87.01 , 130.12 , 636.98 , 87.26 , 217.45 , 348.00 , 473.24 , 98.08 , 450.15 , 220.05 , 202.27 , 205.26 , 62.92 
3/17/23, 190.01 , 28.91 , 203.90 , 75.67 , 67.90 , 96.39 , 90.70 , 95.63 , 42.14 , 66.88 , 29.05 , 36.56 , 16.28 , 11.99 , 59.49 , 67.47 , 11.69 , 125.81 , 27.82 , 44.25 , 37.76 , 303.54 , 84.18 , 123.72 , 636.71 , 84.89 , 217.39 , 349.66 , 465.87 , 95.75 , 443.60 , 218.15 , 195.25 , 199.37 , 61.04 
3/20/23, 189.69 , 29.18 , 205.33 , 75.97 , 68.55 , 97.31 , 91.76 , 96.91 , 41.82 , 67.39 , 29.15 , 37.15 , 16.53 , 11.84 , 60.76 , 68.62 , 12.18 , 127.14 , 27.75 , 44.09 , 37.48 , 309.53 , 85.64 , 127.35 , 643.56 , 82.54 , 218.15 , 349.32 , 475.70 , 97.53 , 449.26 , 219.91 , 197.04 , 203.33 , 61.87 
3/21/23, 189.54 , 29.32 , 205.39 , 75.36 , 67.13 , 94.77 , 88.90 , 93.19 , 40.68 , 65.50 , 28.24 , 37.08 , 16.82 , 12.11 , 61.87 , 70.95 , 11.93 , 130.55 , 28.59 , 45.07 , 38.48 , 317.28 , 88.76 , 131.62 , 662.15 , 86.88 , 221.95 , 354.57 , 474.76 , 98.01 , 449.98 , 222.37 , 197.80 , 205.53 , 62.63 
3/22/23, 185.72 , 28.29 , 200.58 , 74.13 , 66.71 , 92.95 , 86.85 , 92.10 , 39.68 , 64.15 , 27.65 , 36.61 , 16.62 , 11.76 , 60.22 , 68.20 , 11.55 , 127.18 , 27.64 , 43.71 , 37.20 , 313.67 , 87.55 , 124.40 , 648.32 , 83.98 , 220.04 , 351.03 , 468.90 , 96.70 , 443.60 , 219.23 , 192.19 , 199.41 , 61.01 
3/23/23, 186.20 , 28.08 , 199.42 , 73.81 , 66.34 , 91.55 , 85.41 , 91.73 , 39.20 , 63.31 , 27.32 , 36.45 , 16.39 , 11.68 , 58.64 , 66.85 , 11.54 , 126.84 , 26.97 , 43.45 , 36.61 , 314.85 , 85.84 , 122.13 , 651.78 , 84.45 , 222.59 , 354.37 , 467.90 , 96.00 , 444.44 , 220.11 , 190.78 , 196.73 , 60.90 
3/24/23, 188.51 , 28.25 , 200.26 , 75.69 , 68.59 , 94.37 , 89.09 , 95.07 , 40.24 , 65.55 , 28.34 , 36.73 , 16.79 , 11.70 , 59.48 , 67.52 , 11.98 , 124.91 , 27.14 , 43.11 , 36.23 , 312.57 , 83.95 , 124.15 , 644.88 , 83.94 , 221.04 , 351.63 , 474.54 , 96.44 , 455.25 , 223.50 , 193.13 , 200.03 , 61.26 
3/27/23, 193.23 , 28.75 , 202.93 , 75.44 , 68.24 , 94.69 , 88.55 , 94.57 , 40.52 , 65.29 , 28.50 , 36.82 , 16.89 , 11.84 , 60.66 , 69.84 , 12.13 , 128.49 , 28.49 , 44.78 , 37.47 , 318.53 , 84.64 , 125.02 , 648.32 , 84.19 , 221.81 , 354.62 , 473.39 , 96.91 , 458.25 , 225.03 , 194.54 , 204.88 , 61.45 
3/28/23, 196.58 , 29.11 , 204.59 , 75.24 , 68.39 , 94.75 , 88.93 , 94.39 , 40.82 , 65.40 , 28.67 , 36.73 , 17.06 , 12.05 , 60.98 , 70.26 , 12.33 , 128.88 , 28.12 , 45.22 , 37.18 , 318.44 , 84.88 , 126.86 , 646.24 , 83.66 , 220.33 , 354.33 , 471.44 , 96.80 , 459.00 , 225.50 , 191.95 , 206.82 , 62.29 
3/29/23, 199.09 , 29.59 , 207.25 , 76.11 , 69.34 , 96.27 , 90.10 , 95.11 , 41.15 , 66.54 , 29.30 , 37.83 , 17.25 , 12.20 , 62.01 , 71.16 , 12.39 , 129.14 , 28.67 , 45.95 , 37.97 , 320.72 , 86.24 , 128.92 , 657.22 , 85.18 , 223.30 , 359.53 , 474.19 , 97.70 , 461.57 , 226.80 , 194.64 , 208.78 , 62.80 
3/30/23, 198.36 , 29.50 , 208.84 , 76.59 , 69.06 , 96.16 , 90.43 , 94.72 , 41.45 , 66.91 , 29.34 , 38.08 , 17.30 , 12.44 , 62.53 , 71.61 , 12.47 , 128.75 , 28.30 , 46.07 , 37.38 , 321.14 , 86.11 , 127.03 , 661.04 , 85.75 , 222.36 , 359.26 , 473.18 , 97.37 , 460.98 , 226.49 , 194.72 , 206.97 , 62.53 
3/31/23, 201.26 , 29.94 , 212.00 , 77.08 , 69.58 , 96.47 , 90.99 , 95.67 , 41.89 , 67.44 , 29.46 , 38.15 , 17.51 , 12.47 , 63.54 , 72.95 , 12.99 , 130.31 , 28.60 , 46.89 , 37.38 , 327.11 , 87.80 , 127.10 , 669.12 , 87.84 , 225.46 , 363.41 , 472.73 , 97.93 , 461.72 , 228.21 , 196.24 , 207.02 , 63.04 
4/3/23, 199.54 , 29.85 , 208.78 , 76.67 , 68.97 , 95.09 , 90.90 , 95.09 , 41.81 , 67.52 , 29.35 , 39.01 , 17.66 , 12.82 , 65.06 , 75.41 , 12.86 , 130.16 , 28.59 , 46.71 , 37.72 , 326.52 , 87.16 , 125.00 , 666.41 , 84.96 , 229.00 , 366.47 , 486.62 , 100.58 , 469.19 , 232.36 , 198.95 , 209.00 , 63.59 
4/4/23, 195.88 , 29.51 , 205.02 , 77.16 , 69.63 , 96.23 , 91.17 , 96.02 , 41.86 , 68.45 , 29.44 , 38.89 , 17.48 , 12.75 , 65.04 , 74.68 , 12.89 , 128.42 , 27.98 , 46.09 , 36.81 , 322.65 , 84.82 , 122.83 , 659.11 , 81.20 , 227.66 , 363.90 , 488.54 , 99.51 , 468.10 , 229.32 , 197.10 , 208.33 , 62.71 
4/5/23, 194.21 , 29.29 , 203.04 , 78.33 , 71.50 , 98.84 , 94.54 , 98.51 , 42.93 , 71.12 , 30.39 , 39.25 , 17.71 , 12.76 , 65.99 , 75.28 , 12.84 , 127.61 , 27.64 , 45.77 , 36.89 , 321.53 , 83.82 , 121.43 , 656.04 , 81.41 , 228.17 , 363.79 , 489.99 , 98.76 , 470.91 , 228.98 , 197.40 , 207.66 , 62.45 
4/6/23, 198.64 , 30.02 , 205.41 , 78.97 , 72.31 , 99.74 , 94.89 , 98.97 , 43.06 , 71.27 , 30.77 , 38.98 , 17.71 , 12.51 , 65.69 , 74.93 , 13.01 , 127.47 , 27.84 , 45.86 , 37.90 , 322.40 , 84.19 , 121.88 , 656.40 , 82.19 , 225.99 , 361.47 , 490.17 , 98.21 , 470.39 , 227.71 , 197.01 , 206.13 , 62.25 
4/10/23, 198.37 , 29.99 , 202.31 , 78.43 , 72.04 , 99.13 , 94.44 , 99.21 , 43.26 , 70.76 , 30.68 , 39.07 , 17.75 , 12.51 , 66.07 , 75.40 , 13.00 , 127.89 , 27.94 , 46.52 , 38.63 , 324.96 , 84.00 , 122.20 , 659.82 , 81.59 , 226.43 , 360.14 , 496.75 , 99.62 , 476.54 , 229.05 , 199.22 , 209.68 , 62.90 
4/11/23, 198.90 , 30.31 , 205.82 , 78.34 , 71.83 , 99.35 , 94.34 , 99.11 , 43.26 , 71.04 , 30.63 , 39.61 , 17.89 , 12.56 , 66.43 , 76.32 , 13.03 , 128.52 , 28.71 , 47.20 , 39.37 , 327.37 , 85.09 , 122.31 , 669.68 , 83.40 , 228.45 , 364.13 , 487.84 , 99.72 , 468.27 , 228.27 , 198.91 , 209.17 , 63.21 
4/12/23, 198.73 , 30.16 , 206.32 , 78.59 , 72.12 , 99.41 , 94.26 , 98.69 , 43.08 , 71.04 , 30.67 , 39.70 , 17.82 , 12.62 , 66.25 , 76.12 , 13.11 , 128.50 , 28.48 , 46.92 , 39.19 , 330.24 , 85.47 , 119.70 , 665.97 , 82.61 , 227.81 , 361.78 , 488.10 , 101.52 , 472.77 , 229.24 , 199.62 , 210.53 , 63.94 
4/13/23, 197.92 , 30.42 , 206.98 , 78.85 , 72.46 , 99.14 , 93.97 , 98.08 , 42.89 , 71.04 , 30.71 , 40.04 , 17.77 , 12.76 , 66.77 , 76.62 , 13.14 , 128.99 , 28.56 , 47.30 , 39.66 , 332.13 , 85.69 , 121.41 , 670.73 , 84.31 , 232.69 , 369.65 , 492.14 , 101.68 , 474.16 , 228.77 , 201.49 , 211.45 , 64.76 
4/14/23, 198.53 , 30.46 , 207.59 , 78.02 , 71.94 , 97.64 , 92.50 , 96.68 , 42.13 , 70.14 , 30.40 , 40.04 , 17.81 , 12.84 , 67.03 , 77.91 , 13.10 , 138.73 , 29.52 , 49.56 , 39.64 , 336.92 , 86.71 , 121.85 , 691.33 , 85.32 , 234.02 , 372.43 , 487.99 , 101.68 , 472.57 , 227.69 , 200.51 , 209.95 , 64.06 
4/17/23, 200.04 , 30.45 , 209.71 , 78.54 , 72.34 , 98.41 , 93.29 , 97.87 , 42.67 , 70.32 , 30.64 , 40.05 , 17.78 , 12.88 , 66.41 , 76.50 , 13.10 , 139.83 , 30.37 , 49.69 , 41.30 , 339.68 , 89.29 , 125.09 , 698.36 , 87.23 , 233.48 , 372.76 , 489.64 , 103.11 , 474.79 , 229.46 , 202.50 , 211.38 , 64.05 
4/18/23, 199.47 , 30.41 , 209.69 , 78.30 , 72.58 , 97.41 , 92.47 , 97.52 , 42.85 , 69.76 , 30.23 , 39.95 , 17.70 , 12.91 , 66.74 , 76.86 , 13.09 , 141.40 , 30.56 , 50.08 , 41.87 , 333.91 , 89.85 , 124.76 , 694.03 , 91.50 , 233.60 , 372.32 , 501.41 , 104.66 , 479.47 , 229.96 , 204.43 , 212.03 , 64.38 
4/19/23, 202.00 , 30.56 , 209.84 , 78.94 , 72.81 , 98.40 , 93.54 , 98.14 , 43.04 , 70.59 , 30.51 , 39.76 , 17.60 , 12.68 , 66.35 , 76.23 , 13.02 , 141.22 , 30.06 , 50.40 , 42.24 , 336.89 , 90.45 , 128.37 , 695.24 , 92.55 , 232.57 , 372.80 , 495.16 , 104.09 , 477.07 , 228.80 , 203.54 , 211.03 , 64.05 
4/20/23, 202.60 , 30.81 , 211.82 , 78.75 , 73.02 , 98.22 , 93.51 , 98.66 , 43.00 , 70.69 , 30.49 , 39.37 , 17.35 , 12.67 , 66.05 , 75.56 , 13.18 , 140.81 , 29.90 , 49.40 , 41.67 , 338.71 , 90.43 , 125.60 , 696.38 , 91.94 , 234.60 , 375.00 , 490.60 , 102.84 , 474.18 , 227.52 , 202.87 , 211.70 , 63.81 
4/21/23, 198.85 , 31.82 , 211.61 , 78.99 , 73.61 , 98.36 , 93.92 , 99.04 , 43.22 , 70.44 , 30.53 , 39.31 , 17.37 , 12.77 , 66.30 , 75.61 , 13.28 , 140.54 , 29.87 , 49.03 , 41.24 , 341.66 , 91.12 , 123.38 , 680.94 , 89.45 , 234.05 , 375.24 , 482.55 , 102.25 , 471.99 , 225.02 , 202.03 , 208.71 , 63.93 
4/24/23, 200.28 , 31.38 , 211.91 , 79.04 , 74.10 , 98.90 , 94.24 , 99.84 , 43.45 , 71.03 , 30.81 , 39.42 , 17.62 , 12.69 , 66.99 , 76.99 , 13.10 , 140.73 , 29.76 , 49.03 , 41.45 , 343.96 , 90.20 , 124.27 , 674.19 , 88.62 , 232.76 , 374.73 , 480.92 , 102.46 , 470.92 , 224.50 , 202.14 , 209.31 , 64.19 
4/25/23, 194.75 , 30.90 , 207.12 , 77.82 , 73.98 , 99.74 , 94.38 , 100.40 , 43.61 , 71.18 , 30.83 , 39.24 , 17.41 , 12.53 , 65.55 , 75.51 , 13.04 , 137.67 , 28.84 , 47.90 , 40.55 , 339.48 , 88.06 , 123.70 , 659.71 , 86.43 , 229.59 , 368.53 , 475.58 , 101.09 , 465.47 , 222.74 , 199.32 , 206.38 , 63.33 
4/26/23, 191.50 , 30.14 , 201.02 , 74.07 , 72.59 , 98.35 , 92.25 , 99.14 , 42.79 , 69.68 , 30.35 , 39.12 , 17.21 , 12.48 , 64.72 , 74.38 , 13.16 , 135.23 , 28.44 , 46.86 , 39.46 , 336.56 , 88.44 , 127.85 , 650.67 , 85.31 , 228.15 , 366.76 , 461.62 , 97.68 , 449.09 , 214.83 , 194.54 , 199.86 , 63.37 
4/27/23, 193.54 , 30.39 , 200.86 , 75.85 , 73.51 , 99.47 , 92.81 , 99.18 , 42.78 , 70.26 , 30.82 , 39.31 , 17.32 , 12.79 , 65.30 , 74.28 , 12.90 , 137.05 , 28.89 , 47.03 , 39.66 , 341.60 , 90.26 , 128.02 , 662.68 , 87.14 , 229.01 , 373.67 , 465.00 , 99.39 , 457.68 , 215.69 , 198.00 , 201.38 , 64.18 
4/28/23, 195.70 , 30.64 , 203.03 , 76.63 , 73.55 , 98.88 , 92.42 , 98.47 , 42.44 , 69.91 , 30.47 , 39.76 , 17.15 , 12.88 , 65.41 , 75.53 , 12.89 , 138.24 , 29.28 , 47.07 , 39.75 , 343.44 , 89.97 , 130.25 , 671.20 , 89.33 , 232.73 , 380.03 , 464.45 , 99.90 , 461.27 , 218.34 , 195.15 , 201.66 , 64.58 
5/1/23, 198.63 , 31.30 , 208.61 , 76.80 , 74.09 , 99.09 , 92.65 , 99.11 , 43.18 , 70.17 , 30.68 , 39.56 , 17.10 , 12.91 , 65.39 , 75.40 , 12.42 , 141.20 , 29.04 , 47.25 , 40.39 , 340.57 , 87.93 , 122.00 , 662.97 , 88.75 , 232.51 , 379.86 , 469.43 , 100.33 , 462.72 , 218.13 , 194.71 , 202.16 , 64.68 
5/2/23, 196.07 , 31.07 , 203.89 , 75.94 , 73.15 , 97.60 , 91.28 , 98.57 , 42.57 , 69.10 , 30.05 , 38.56 , 16.68 , 12.69 , 62.74 , 72.26 , 12.36 , 138.92 , 28.16 , 46.00 , 38.84 , 333.37 , 86.29 , 119.14 , 651.46 , 84.66 , 226.98 , 376.03 , 458.89 , 98.87 , 448.81 , 213.01 , 189.57 , 196.73 , 64.26 
5/3/23, 195.33 , 30.93 , 202.98 , 75.39 , 73.33 , 97.33 , 90.87 , 98.04 , 42.33 , 68.50 , 29.95 , 38.86 , 16.56 , 12.66 , 62.82 , 71.39 , 12.27 , 135.98 , 27.86 , 45.67 , 38.65 , 328.65 , 84.75 , 116.65 , 642.41 , 83.03 , 225.98 , 374.90 , 453.07 , 97.16 , 443.71 , 210.01 , 186.70 , 196.84 , 64.80 
5/4/23, 197.06 , 31.31 , 203.93 , 75.51 , 74.25 , 98.11 , 91.44 , 98.52 , 42.56 , 69.11 , 30.20 , 39.27 , 16.64 , 12.61 , 62.63 , 69.35 , 12.92 , 134.12 , 26.99 , 44.90 , 36.72 , 321.26 , 82.61 , 113.64 , 631.66 , 80.71 , 225.60 , 376.12 , 451.93 , 95.92 , 442.23 , 208.85 , 185.73 , 192.73 , 64.11 
5/5/23, 201.23 , 31.86 , 208.72 , 75.51 , 74.94 , 99.36 , 92.11 , 99.49 , 42.85 , 69.57 , 30.52 , 39.91 , 17.04 , 12.36 , 64.51 , 71.88 , 12.68 , 136.74 , 27.71 , 46.32 , 37.94 , 327.02 , 84.88 , 116.18 , 644.48 , 82.16 , 231.78 , 384.66 , 455.54 , 96.58 , 446.81 , 211.92 , 187.73 , 197.51 , 65.23 
5/8/23, 199.94 , 31.88 , 207.08 , 76.06 , 74.57 , 98.90 , 92.14 , 99.01 , 42.77 , 69.32 , 30.25 , 39.66 , 16.90 , 12.33 , 63.52 , 71.25 , 12.66 , 137.07 , 27.69 , 46.36 , 38.38 , 326.51 , 84.43 , 116.99 , 643.14 , 81.17 , 232.23 , 385.51 , 450.96 , 95.54 , 442.24 , 210.71 , 187.26 , 194.23 , 65.08 
5/9/23, 200.59 , 32.02 , 208.30 , 75.58 , 74.69 , 98.05 , 91.10 , 98.77 , 42.62 , 69.11 , 30.21 , 39.84 , 16.85 , 12.50 , 63.86 , 71.18 , 12.70 , 136.41 , 27.66 , 46.52 , 38.54 , 324.77 , 84.37 , 115.70 , 635.57 , 81.63 , 233.26 , 382.94 , 452.04 , 96.27 , 442.31 , 211.20 , 188.87 , 194.48 , 66.66 
5/10/23, 199.06 , 31.81 , 208.50 , 76.89 , 75.66 , 99.14 , 91.72 , 99.41 , 42.92 , 69.30 , 30.28 , 39.71 , 16.79 , 12.45 , 63.21 , 70.80 , 12.56 , 136.48 , 27.32 , 46.37 , 38.28 , 322.55 , 83.72 , 113.97 , 629.18 , 82.58 , 231.27 , 382.54 , 453.15 , 96.30 , 443.03 , 211.53 , 189.02 , 198.34 , 66.99 
5/11/23, 198.08 , 31.79 , 210.31 , 76.10 , 74.65 , 97.33 , 90.68 , 98.96 , 42.48 , 68.62 , 29.91 , 39.48 , 16.70 , 12.34 , 62.83 , 69.69 , 12.64 , 136.05 , 27.39 , 46.03 , 38.33 , 320.72 , 82.63 , 112.70 , 642.02 , 83.28 , 231.01 , 383.39 , 450.69 , 95.54 , 435.85 , 208.05 , 186.87 , 196.76 , 66.48 
5/12/23, 198.99 , 31.82 , 211.91 , 77.96 , 73.35 , 97.45 , 91.66 , 99.52 , 41.75 , 68.89 , 30.05 , 38.44 , 16.80 , 12.32 , 63.72 , 69.89 , 13.30 , 134.10 , 27.09 , 45.45 , 37.49 , 319.50 , 82.39 , 111.58 , 645.10 , 82.86 , 231.38 , 381.92 , 450.79 , 95.99 , 438.76 , 209.96 , 186.75 , 195.27 , 66.57 
5/15/23, 199.64 , 32.01 , 212.92 , 77.54 , 72.42 , 96.33 , 90.09 , 98.48 , 40.76 , 67.91 , 29.51 , 38.64 , 16.70 , 12.51 , 57.95 , 70.78 , 12.97 , 135.23 , 27.65 , 46.05 , 38.77 , 322.07 , 82.95 , 113.67 , 644.75 , 83.13 , 232.81 , 383.41 , 451.92 , 96.70 , 439.37 , 210.21 , 186.87 , 197.42 , 67.06 
5/16/23, 196.87 , 31.68 , 212.46 , 75.84 , 70.90 , 94.01 , 88.09 , 96.50 , 39.37 , 66.59 , 28.94 , 37.13 , 16.30 , 12.46 , 56.58 , 68.51 , 13.30 , 134.32 , 27.36 , 45.28 , 38.39 , 320.81 , 81.86 , 111.59 , 633.83 , 80.40 , 230.47 , 380.24 , 447.73 , 95.46 , 435.63 , 207.59 , 183.97 , 196.47 , 66.89 
5/17/23, 198.84 , 31.95 , 214.98 , 75.34 , 70.94 , 93.02 , 87.07 , 95.90 , 39.26 , 66.04 , 28.72 , 37.19 , 16.45 , 12.53 , 57.20 , 69.45 , 13.49 , 138.45 , 28.57 , 47.08 , 40.46 , 330.18 , 83.91 , 119.25 , 650.64 , 83.72 , 232.65 , 387.00 , 457.30 , 96.57 , 447.34 , 211.32 , 185.83 , 200.68 , 66.93 
5/18/23, 198.81 , 32.39 , 216.17 , 75.10 , 71.05 , 92.81 , 86.64 , 95.36 , 39.39 , 65.87 , 28.44 , 37.05 , 16.52 , 12.72 , 58.38 , 69.65 , 13.49 , 139.50 , 28.47 , 46.39 , 40.21 , 329.58 , 84.49 , 120.15 , 669.33 , 83.21 , 233.60 , 392.02 , 455.75 , 96.13 , 443.60 , 210.93 , 185.84 , 201.13 , 66.54 
5/19/23, 198.97 , 32.31 , 217.74 , 74.48 , 71.41 , 92.51 , 86.56 , 95.19 , 39.87 , 65.93 , 28.59 , 37.09 , 16.52 , 12.76 , 58.52 , 70.22 , 13.59 , 139.18 , 28.11 , 45.71 , 40.03 , 326.15 , 82.24 , 118.48 , 666.70 , 83.08 , 233.31 , 385.57 , 454.49 , 96.13 , 443.31 , 210.65 , 184.40 , 200.64 , 66.15 
5/22/23, 198.29 , 31.90 , 218.24 , 74.58 , 70.95 , 91.97 , 86.41 , 94.65 , 40.12 , 65.88 , 28.55 , 36.87 , 16.53 , 12.73 , 58.09 , 71.24 , 13.65 , 138.03 , 28.34 , 45.79 , 40.98 , 324.92 , 82.27 , 120.42 , 671.39 , 85.01 , 231.28 , 384.53 , 454.72 , 95.66 , 443.07 , 212.52 , 186.20 , 203.29 , 66.13 
5/23/23, 196.38 , 31.61 , 214.00 , 74.16 , 71.15 , 90.75 , 86.00 , 93.88 , 40.44 , 65.59 , 28.86 , 36.71 , 16.54 , 12.76 , 58.54 , 70.96 , 13.61 , 136.59 , 28.58 , 45.91 , 41.21 , 323.57 , 82.64 , 121.49 , 661.53 , 83.73 , 224.58 , 373.75 , 452.63 , 94.08 , 443.03 , 206.95 , 184.69 , 202.37 , 65.17 
5/24/23, 191.91 , 30.89 , 210.98 , 74.24 , 70.85 , 90.16 , 85.17 , 93.50 , 40.15 , 65.13 , 28.62 , 36.60 , 16.50 , 12.80 , 58.54 , 70.84 , 13.60 , 135.34 , 28.10 , 44.49 , 40.87 , 319.81 , 81.22 , 120.25 , 655.00 , 83.16 , 222.25 , 368.50 , 452.72 , 93.66 , 441.44 , 206.53 , 182.70 , 202.05 , 64.46 
5/25/23, 193.21 , 30.92 , 211.22 , 73.39 , 69.82 , 88.89 , 82.50 , 93.22 , 39.51 , 64.29 , 28.26 , 35.91 , 16.22 , 12.73 , 57.57 , 69.41 , 13.71 , 135.67 , 28.17 , 44.23 , 40.90 , 323.88 , 83.00 , 118.99 , 660.52 , 83.53 , 223.38 , 370.04 , 442.83 , 93.12 , 433.51 , 204.35 , 176.39 , 198.07 , 62.48 
5/26/23, 193.10 , 30.81 , 210.57 , 73.92 , 69.47 , 88.70 , 82.25 , 92.69 , 39.39 , 64.32 , 28.34 , 35.88 , 16.21 , 12.65 , 57.30 , 69.19 , 13.41 , 136.94 , 28.31 , 44.60 , 41.23 , 332.01 , 83.90 , 118.78 , 672.30 , 85.70 , 225.01 , 374.37 , 448.45 , 93.26 , 438.32 , 205.25 , 178.76 , 201.29 , 61.63 
5/30/23, 194.20 , 30.97 , 211.19 , 72.69 , 69.83 , 88.01 , 81.79 , 92.56 , 39.34 , 64.15 , 28.18 , 35.61 , 16.15 , 12.49 , 57.37 , 68.49 , 12.92 , 137.46 , 28.26 , 44.70 , 40.98 , 330.83 , 83.42 , 118.85 , 673.58 , 86.40 , 221.64 , 367.50 , 447.97 , 92.82 , 438.16 , 205.24 , 176.34 , 202.05 , 61.06 
5/31/23, 192.52 , 30.67 , 208.18 , 73.46 , 69.75 , 89.29 , 83.12 , 93.30 , 39.65 , 65.29 , 28.21 , 35.20 , 16.11 , 12.40 , 56.66 , 68.05 , 13.16 , 135.71 , 27.79 , 44.32 , 39.81 , 323.90 , 81.76 , 115.83 , 657.55 , 85.64 , 221.03 , 365.02 , 444.01 , 92.14 , 435.49 , 204.18 , 175.92 , 201.38 , 60.32 
6/1/23, 195.68 , 31.38 , 212.21 , 72.96 , 69.18 , 88.12 , 82.02 , 91.82 , 39.48 , 63.55 , 28.38 , 36.22 , 16.26 , 12.60 , 56.91 , 68.80 , 13.46 , 137.58 , 27.78 , 44.84 , 40.06 , 316.40 , 82.07 , 119.74 , 668.84 , 87.14 , 226.50 , 370.88 , 449.67 , 94.09 , 438.51 , 205.33 , 176.91 , 201.21 , 61.46 
6/2/23, 198.66 , 31.92 , 215.87 , 73.85 , 69.45 , 89.68 , 83.45 , 91.76 , 39.69 , 63.14 , 28.60 , 37.43 , 16.75 , 12.88 , 58.74 , 71.49 , 13.48 , 140.47 , 28.71 , 46.32 , 41.24 , 323.65 , 84.35 , 123.58 , 681.86 , 89.00 , 228.79 , 373.73 , 454.49 , 96.08 , 443.83 , 209.09 , 182.22 , 207.48 , 62.99 
6/5/23, 198.73 , 32.13 , 214.35 , 73.59 , 69.69 , 90.16 , 84.00 , 92.95 , 39.98 , 63.95 , 28.75 , 37.31 , 16.76 , 12.89 , 58.72 , 70.90 , 13.62 , 139.09 , 28.54 , 46.24 , 40.45 , 321.81 , 83.74 , 123.28 , 676.49 , 85.52 , 226.77 , 370.52 , 454.69 , 95.75 , 445.55 , 209.25 , 182.52 , 207.72 , 64.55 
6/6/23, 196.36 , 31.94 , 212.20 , 73.38 , 69.37 , 89.75 , 83.44 , 92.41 , 39.75 , 63.56 , 28.56 , 37.68 , 16.85 , 12.91 , 59.31 , 71.06 , 13.88 , 139.34 , 29.23 , 47.22 , 41.26 , 326.80 , 85.86 , 126.38 , 684.92 , 87.40 , 228.22 , 379.96 , 458.63 , 97.44 , 448.10 , 210.81 , 184.52 , 209.88 , 64.08 
6/7/23, 201.46 , 32.58 , 218.16 , 74.17 , 70.13 , 91.57 , 84.58 , 93.54 , 40.34 , 64.31 , 28.97 , 37.90 , 17.23 , 12.90 , 60.43 , 72.78 , 13.82 , 140.69 , 29.48 , 48.01 , 42.07 , 335.75 , 86.50 , 127.56 , 678.23 , 87.30 , 225.27 , 371.39 , 461.75 , 98.59 , 453.35 , 214.18 , 187.14 , 214.53 , 64.24 
6/8/23, 200.99 , 32.56 , 217.61 , 74.90 , 71.08 , 92.00 , 84.68 , 94.00 , 40.13 , 64.14 , 29.14 , 38.22 , 17.32 , 12.89 , 60.71 , 72.27 , 13.37 , 140.73 , 29.23 , 48.10 , 42.37 , 335.47 , 86.31 , 128.86 , 680.58 , 88.66 , 223.05 , 367.59 , 464.17 , 99.08 , 455.47 , 213.54 , 189.25 , 216.51 , 64.65 
6/9/23, 199.67 , 32.31 , 216.18 , 74.07 , 71.26 , 91.52 , 83.68 , 93.49 , 40.08 , 63.45 , 28.95 , 37.94 , 17.03 , 12.74 , 59.84 , 70.81 , 13.18 , 141.01 , 29.27 , 48.30 , 42.13 , 336.02 , 86.21 , 128.93 , 684.40 , 88.19 , 223.56 , 369.22 , 462.69 , 99.34 , 454.26 , 212.27 , 188.59 , 215.31 , 64.90 
6/12/23, 198.96 , 32.40 , 215.94 , 73.98 , 70.84 , 91.39 , 83.69 , 92.63 , 39.91 , 63.57 , 29.12 , 37.50 , 16.89 , 12.61 , 59.80 , 70.14 , 13.20 , 141.00 , 29.13 , 48.45 , 41.83 , 339.49 , 87.44 , 127.41 , 682.38 , 89.89 , 226.17 , 375.31 , 459.87 , 99.42 , 453.51 , 213.07 , 189.12 , 214.24 , 66.69 
6/13/23, 198.93 , 32.66 , 218.26 , 74.35 , 70.45 , 90.76 , 83.13 , 92.03 , 39.80 , 63.13 , 29.19 , 37.51 , 17.03 , 12.67 , 60.28 , 70.92 , 13.17 , 142.02 , 29.40 , 48.69 , 42.65 , 342.50 , 88.28 , 128.86 , 689.09 , 90.67 , 223.40 , 371.38 , 452.37 , 99.69 , 451.15 , 213.81 , 189.11 , 216.56 , 67.55 
6/14/23, 202.74 , 33.09 , 221.40 , 73.40 , 70.48 , 90.85 , 83.61 , 92.39 , 40.12 , 62.49 , 29.03 , 36.86 , 16.90 , 12.65 , 60.43 , 70.97 , 13.35 , 141.49 , 29.12 , 48.24 , 42.08 , 338.42 , 87.98 , 126.52 , 692.45 , 90.29 , 223.44 , 374.76 , 452.55 , 96.86 , 447.90 , 212.14 , 190.93 , 215.32 , 67.42 
6/15/23, 205.92 , 33.56 , 223.30 , 74.36 , 70.76 , 91.69 , 84.88 , 93.02 , 40.82 , 64.32 , 29.27 , 37.25 , 17.01 , 12.84 , 61.11 , 71.91 , 13.36 , 143.09 , 29.37 , 48.56 , 42.36 , 339.74 , 89.05 , 128.79 , 711.19 , 92.65 , 226.17 , 379.04 , 455.95 , 98.00 , 452.87 , 214.96 , 193.38 , 218.59 , 67.73 
6/16/23, 204.67 , 33.21 , 224.14 , 75.59 , 71.76 , 92.18 , 84.93 , 92.97 , 41.21 , 63.92 , 29.18 , 37.48 , 17.04 , 12.82 , 60.95 , 71.79 , 13.37 , 143.26 , 29.19 , 48.19 , 42.18 , 338.31 , 88.09 , 128.47 , 702.78 , 91.13 , 228.91 , 376.53 , 459.17 , 97.74 , 458.35 , 217.34 , 195.57 , 221.18 , 69.73 
6/20/23, 201.38 , 32.91 , 220.40 , 74.76 , 70.34 , 90.95 , 84.54 , 92.02 , 40.74 , 63.07 , 29.08 , 36.89 , 16.66 , 12.75 , 59.32 , 70.94 , 13.52 , 142.53 , 28.87 , 47.61 , 41.89 , 330.72 , 86.73 , 126.46 , 690.95 , 90.62 , 226.47 , 374.62 , 458.38 , 97.70 , 454.34 , 215.49 , 195.30 , 218.47 , 68.80 
6/21/23, 203.65 , 33.13 , 220.79 , 75.78 , 71.64 , 91.65 , 85.45 , 92.92 , 40.91 , 62.81 , 29.43 , 36.93 , 16.64 , 12.78 , 59.08 , 71.95 , 13.42 , 142.32 , 28.57 , 47.41 , 41.65 , 325.07 , 86.34 , 126.66 , 689.04 , 89.13 , 227.25 , 376.14 , 466.04 , 99.07 , 462.47 , 217.53 , 196.38 , 219.68 , 68.74 
6/22/23, 203.37 , 33.11 , 220.11 , 75.13 , 71.30 , 90.90 , 85.10 , 92.12 , 40.54 , 62.76 , 29.11 , 36.69 , 16.49 , 12.67 , 58.19 , 71.18 , 13.30 , 139.58 , 27.96 , 46.63 , 41.06 , 319.58 , 84.50 , 123.44 , 679.38 , 89.14 , 228.39 , 377.80 , 463.43 , 96.92 , 458.06 , 214.45 , 194.10 , 217.95 , 68.62 
6/23/23, 199.89 , 32.74 , 218.00 , 74.17 , 70.45 , 89.72 , 83.49 , 90.74 , 39.87 , 62.10 , 28.47 , 36.19 , 16.32 , 12.50 , 57.69 , 69.92 , 13.55 , 138.85 , 27.75 , 46.02 , 40.61 , 314.71 , 83.58 , 123.03 , 680.45 , 87.84 , 229.55 , 379.81 , 459.36 , 96.91 , 454.05 , 212.39 , 191.90 , 216.96 , 67.60 
6/26/23, 201.33 , 33.11 , 221.85 , 74.29 , 71.73 , 90.84 , 83.78 , 91.68 , 40.57 , 62.86 , 28.92 , 36.85 , 16.54 , 12.60 , 58.60 , 71.53 , 13.66 , 139.19 , 28.09 , 46.24 , 40.59 , 312.36 , 83.59 , 123.73 , 680.17 , 88.78 , 226.30 , 377.42 , 452.80 , 96.55 , 448.02 , 212.09 , 191.72 , 218.58 , 68.86 
6/27/23, 202.98 , 33.47 , 222.59 , 73.91 , 71.12 , 90.52 , 83.44 , 91.98 , 40.82 , 62.44 , 29.21 , 36.74 , 16.80 , 12.64 , 59.50 , 72.69 , 13.79 , 139.20 , 28.24 , 46.40 , 40.91 , 313.45 , 84.43 , 124.01 , 684.64 , 91.33 , 227.34 , 381.79 , 453.15 , 96.53 , 448.44 , 212.06 , 193.65 , 221.18 , 69.84 
6/28/23, 203.09 , 33.59 , 223.16 , 73.44 , 69.87 , 89.10 , 81.62 , 90.11 , 40.09 , 61.24 , 28.73 , 36.72 , 17.01 , 12.74 , 60.52 , 74.11 , 13.93 , 138.59 , 28.07 , 46.23 , 40.62 , 313.66 , 83.99 , 123.56 , 685.22 , 91.29 , 227.96 , 380.23 , 449.66 , 95.87 , 442.66 , 211.00 , 191.74 , 220.42 , 70.22 
6/29/23, 204.65 , 33.87 , 225.98 , 72.81 , 69.14 , 88.88 , 83.26 , 89.57 , 40.11 , 61.29 , 28.72 , 37.00 , 17.20 , 12.77 , 61.49 , 75.21 , 14.10 , 143.43 , 28.66 , 46.29 , 42.45 , 323.09 , 85.24 , 125.68 , 688.21 , 92.81 , 234.32 , 387.67 , 457.44 , 97.80 , 451.22 , 214.31 , 195.49 , 226.96 , 71.38 
6/30/23, 204.62 , 34.10 , 226.76 , 74.20 , 70.25 , 89.74 , 84.20 , 90.40 , 40.74 , 62.17 , 29.15 , 37.15 , 17.22 , 12.70 , 61.72 , 76.10 , 14.20 , 145.44 , 28.69 , 46.04 , 42.68 , 322.54 , 85.40 , 125.95 , 691.14 , 92.97 , 237.48 , 393.30 , 460.38 , 97.96 , 455.80 , 215.15 , 195.77 , 227.60 , 71.57 
7/3/23, 206.13 , 34.34 , 228.88 , 74.38 , 70.57 , 90.72 , 85.32 , 91.05 , 41.05 , 62.98 , 29.45 , 37.32 , 17.25 , 12.85 , 62.40 , 77.01 , 14.18 , 146.61 , 29.20 , 46.74 , 43.40 , 326.61 , 86.41 , 127.53 , 693.58 , 94.76 , 237.97 , 393.96 , 462.58 , 98.39 , 458.16 , 215.78 , 197.74 , 228.75 , 71.38 
7/5/23, 203.91 , 33.87 , 227.19 , 74.95 , 71.68 , 91.61 , 85.80 , 92.85 , 41.48 , 63.79 , 29.63 , 36.79 , 17.08 , 12.84 , 61.59 , 76.45 , 13.97 , 144.64 , 29.08 , 46.80 , 43.48 , 320.05 , 85.92 , 126.34 , 692.83 , 92.91 , 239.45 , 394.73 , 462.76 , 98.24 , 459.05 , 215.19 , 197.18 , 227.68 , 70.86 
7/6/23, 202.51 , 33.46 , 227.21 , 73.02 , 70.79 , 90.56 , 85.33 , 92.17 , 41.06 , 63.76 , 29.46 , 36.28 , 16.86 , 12.80 , 60.94 , 76.01 , 14.37 , 143.21 , 28.28 , 45.38 , 42.89 , 313.00 , 83.33 , 123.88 , 680.63 , 92.02 , 238.88 , 393.14 , 461.64 , 98.05 , 455.98 , 214.28 , 194.75 , 225.90 , 70.90 
7/7/23, 202.82 , 33.30 , 226.72 , 72.05 , 70.68 , 89.77 , 84.29 , 92.03 , 40.96 , 62.93 , 29.48 , 36.42 , 16.92 , 12.75 , 62.17 , 77.30 , 14.51 , 144.34 , 28.53 , 45.74 , 42.77 , 315.17 , 83.36 , 125.61 , 684.10 , 91.91 , 236.45 , 388.68 , 458.71 , 97.42 , 452.45 , 214.15 , 194.66 , 224.25 , 70.94 
7/10/23, 204.86 , 33.61 , 228.93 , 71.71 , 70.14 , 89.22 , 84.34 , 91.39 , 40.98 , 62.65 , 29.46 , 36.17 , 16.95 , 12.84 , 62.40 , 77.02 , 14.51 , 145.15 , 28.66 , 45.67 , 42.32 , 316.47 , 83.40 , 125.36 , 696.17 , 93.37 , 238.16 , 392.16 , 460.38 , 97.48 , 452.59 , 214.68 , 194.65 , 227.87 , 71.24 
7/11/23, 206.79 , 33.77 , 232.02 , 72.19 , 70.73 , 90.88 , 86.02 , 92.54 , 41.71 , 63.12 , 29.88 , 36.39 , 17.25 , 12.95 , 63.34 , 78.50 , 14.70 , 147.42 , 29.02 , 46.53 , 42.74 , 320.88 , 84.96 , 126.49 , 710.20 , 98.47 , 240.55 , 397.80 , 466.29 , 98.03 , 460.75 , 217.18 , 197.38 , 230.97 , 71.26 
7/12/23, 208.92 , 33.53 , 230.97 , 73.47 , 71.59 , 92.36 , 87.24 , 93.09 , 42.05 , 63.79 , 30.36 , 36.85 , 17.54 , 12.99 , 64.37 , 79.02 , 14.73 , 148.15 , 29.36 , 47.38 , 43.26 , 326.40 , 85.77 , 127.23 , 726.00 , 98.18 , 242.21 , 400.69 , 461.96 , 96.82 , 453.35 , 217.61 , 195.94 , 229.59 , 70.87 
7/13/23, 210.61 , 33.72 , 233.52 , 73.71 , 71.48 , 93.31 , 87.28 , 93.77 , 42.18 , 64.33 , 30.43 , 37.33 , 17.60 , 13.03 , 65.32 , 79.58 , 14.34 , 148.87 , 29.67 , 47.68 , 43.71 , 328.68 , 86.21 , 129.79 , 739.80 , 102.74 , 243.31 , 400.56 , 466.38 , 97.17 , 457.03 , 216.96 , 198.46 , 228.28 , 70.65 
7/14/23, 210.99 , 33.63 , 234.78 , 73.20 , 71.38 , 93.01 , 87.22 , 93.08 , 42.02 , 64.27 , 30.12 , 36.78 , 17.21 , 12.90 , 63.73 , 78.03 , 14.41 , 149.77 , 29.11 , 45.75 , 43.56 , 326.19 , 85.78 , 125.79 , 728.03 , 104.03 , 243.16 , 402.51 , 464.31 , 96.17 , 450.64 , 215.32 , 195.69 , 228.35 , 69.11 
7/17/23, 209.86 , 33.22 , 233.18 , 72.66 , 70.18 , 91.78 , 85.48 , 92.42 , 41.78 , 63.21 , 29.68 , 36.48 , 17.13 , 12.97 , 63.41 , 77.70 , 14.58 , 153.38 , 29.40 , 46.26 , 44.74 , 327.20 , 86.37 , 127.16 , 727.87 , 104.39 , 243.99 , 402.20 , 469.97 , 96.32 , 454.24 , 216.37 , 197.97 , 233.08 , 70.48 
7/18/23, 212.62 , 33.75 , 235.14 , 72.05 , 69.09 , 90.91 , 84.67 , 92.14 , 41.28 , 63.00 , 29.44 , 36.63 , 17.28 , 13.11 , 64.32 , 78.47 , 14.64 , 153.66 , 30.70 , 47.02 , 45.60 , 337.27 , 91.94 , 130.35 , 738.93 , 106.88 , 240.77 , 398.16 , 455.70 , 95.76 , 442.68 , 213.52 , 196.31 , 229.60 , 69.97 
7/19/23, 214.25 , 33.80 , 237.41 , 72.10 , 70.14 , 91.65 , 85.37 , 93.49 , 41.51 , 63.39 , 29.82 , 36.84 , 17.29 , 13.18 , 64.77 , 78.74 , 14.72 , 154.25 , 31.53 , 47.52 , 46.26 , 340.55 , 93.16 , 132.37 , 747.30 , 108.17 , 241.42 , 398.27 , 451.51 , 95.57 , 442.28 , 213.55 , 198.83 , 229.48 , 69.50 
7/20/23, 216.78 , 33.71 , 237.49 , 74.10 , 71.07 , 93.20 , 86.82 , 95.89 , 42.01 , 64.56 , 30.37 , 37.27 , 17.64 , 13.20 , 65.93 , 79.59 , 14.77 , 156.15 , 31.69 , 47.41 , 47.13 , 350.86 , 93.80 , 133.99 , 750.88 , 107.51 , 239.62 , 398.06 , 456.01 , 97.16 , 454.36 , 216.08 , 199.92 , 232.87 , 70.35 
7/21/23, 216.78 , 32.46 , 233.01 , 75.90 , 73.06 , 94.78 , 87.93 , 97.13 , 42.55 , 65.21 , 30.91 , 37.40 , 17.80 , 13.15 , 66.49 , 80.66 , 15.02 , 154.95 , 31.98 , 47.05 , 45.96 , 351.96 , 94.01 , 134.26 , 751.21 , 104.89 , 239.25 , 397.49 , 454.76 , 96.39 , 453.42 , 215.47 , 199.97 , 231.57 , 70.49 
7/24/23, 216.94 , 32.52 , 235.37 , 75.50 , 72.95 , 94.77 , 87.60 , 97.13 , 42.83 , 65.08 , 30.87 , 37.72 , 18.11 , 13.28 , 67.25 , 81.38 , 14.92 , 158.00 , 32.65 , 47.66 , 46.42 , 358.93 , 94.67 , 135.60 , 756.58 , 105.13 , 240.74 , 404.79 , 456.80 , 97.01 , 452.21 , 217.64 , 200.67 , 231.22 , 69.85 
7/25/23, 215.55 , 33.17 , 237.18 , 75.44 , 72.61 , 95.29 , 87.54 , 97.71 , 43.02 , 64.96 , 31.10 , 37.47 , 18.06 , 13.21 , 67.54 , 81.67 , 14.95 , 156.82 , 32.15 , 47.09 , 45.48 , 354.70 , 94.42 , 133.54 , 746.02 , 104.40 , 238.69 , 401.28 , 454.15 , 87.10 , 457.19 , 218.00 , 201.55 , 231.59 , 69.98 
7/26/23, 238.00 , 32.95 , 236.93 , 74.37 , 73.09 , 95.56 , 87.61 , 97.50 , 43.20 , 65.05 , 31.20 , 37.36 , 17.95 , 13.16 , 67.60 , 81.38 , 14.89 , 157.76 , 32.41 , 47.49 , 46.44 , 357.56 , 93.54 , 136.01 , 743.16 , 104.71 , 237.10 , 402.41 , 452.81 , 86.30 , 457.16 , 222.78 , 202.56 , 234.46 , 69.93 
7/27/23, 232.10 , 33.03 , 235.34 , 73.27 , 72.86 , 94.44 , 85.26 , 95.75 , 41.96 , 62.87 , 30.36 , 36.77 , 17.80 , 13.14 , 66.94 , 80.56 , 14.74 , 156.02 , 31.95 , 47.88 , 45.77 , 354.51 , 92.75 , 133.12 , 729.07 , 103.28 , 234.44 , 394.50 , 448.64 , 85.17 , 445.31 , 219.82 , 189.76 , 230.59 , 68.37 
7/28/23, 232.77 , 33.80 , 236.66 , 72.85 , 72.35 , 93.34 , 85.42 , 95.64 , 41.70 , 62.89 , 30.10 , 36.42 , 17.57 , 13.25 , 67.22 , 80.63 , 14.88 , 156.91 , 31.90 , 47.41 , 46.14 , 353.23 , 91.57 , 135.50 , 738.34 , 105.05 , 235.75 , 392.96 , 449.00 , 87.34 , 449.68 , 222.64 , 192.26 , 230.45 , 68.70 
7/31/23, 232.02 , 33.32 , 233.59 , 73.30 , 72.34 , 93.62 , 84.74 , 94.86 , 41.86 , 62.73 , 30.09 , 36.80 , 17.71 , 13.29 , 67.04 , 81.99 , 14.71 , 157.96 , 32.00 , 47.66 , 46.16 , 355.87 , 91.56 , 136.89 , 738.85 , 104.79 , 237.73 , 394.28 , 446.37 , 87.93 , 445.00 , 223.58 , 189.49 , 229.67 , 69.00 
8/1/23, 231.50 , 33.31 , 233.97 , 72.17 , 71.28 , 92.15 , 84.03 , 93.34 , 41.47 , 62.85 , 29.49 , 36.36 , 17.56 , 13.28 , 66.60 , 81.61 , 14.47 , 157.18 , 31.62 , 47.07 , 45.71 , 357.72 , 90.94 , 135.43 , 732.26 , 106.08 , 239.78 , 397.07 , 451.28 , 87.97 , 448.15 , 225.34 , 187.72 , 229.97 , 69.36 
8/2/23, 230.20 , 32.96 , 230.22 , 71.91 , 70.97 , 92.53 , 84.50 , 93.33 , 41.50 , 62.88 , 29.74 , 36.20 , 17.36 , 13.14 , 65.52 , 81.17 , 14.72 , 155.40 , 31.19 , 46.31 , 45.10 , 351.10 , 89.32 , 134.12 , 717.44 , 102.89 , 237.56 , 390.02 , 448.56 , 85.46 , 447.47 , 226.25 , 185.92 , 227.82 , 68.88 
8/3/23, 229.89 , 32.91 , 227.28 , 70.10 , 68.62 , 90.37 , 81.99 , 90.33 , 40.50 , 61.32 , 29.35 , 35.99 , 17.46 , 12.84 , 65.96 , 81.81 , 14.92 , 156.35 , 31.41 , 46.21 , 45.15 , 353.16 , 89.14 , 133.02 , 710.17 , 102.61 , 238.76 , 393.01 , 447.92 , 84.67 , 442.61 , 225.63 , 185.18 , 226.26 , 68.62 
8/4/23, 228.53 , 31.52 , 224.64 , 69.17 , 67.84 , 89.46 , 81.24 , 89.31 , 39.92 , 60.39 , 29.03 , 35.94 , 17.36 , 12.75 , 65.25 , 82.47 , 15.07 , 156.02 , 31.30 , 45.71 , 44.85 , 353.22 , 88.79 , 131.46 , 710.28 , 102.73 , 238.99 , 391.35 , 445.72 , 84.55 , 438.54 , 224.01 , 186.45 , 226.84 , 73.85 
8/7/23, 229.70 , 31.78 , 224.28 , 68.64 , 68.02 , 89.66 , 80.88 , 90.62 , 39.97 , 59.76 , 29.00 , 35.99 , 17.38 , 12.94 , 65.20 , 82.09 , 15.11 , 156.76 , 31.88 , 45.83 , 45.06 , 355.56 , 89.08 , 132.40 , 712.55 , 103.93 , 241.51 , 396.87 , 449.78 , 85.47 , 436.66 , 227.19 , 187.92 , 230.54 , 75.70 
8/8/23, 228.63 , 31.31 , 219.58 , 68.71 , 68.81 , 92.13 , 80.82 , 91.19 , 40.08 , 59.64 , 28.92 , 36.02 , 17.48 , 12.88 , 64.15 , 82.83 , 15.04 , 155.88 , 31.27 , 45.16 , 44.48 , 348.26 , 88.47 , 130.05 , 696.98 , 103.77 , 239.29 , 393.19 , 449.47 , 86.21 , 432.90 , 224.47 , 185.58 , 226.02 , 73.29 
8/9/23, 229.25 , 31.11 , 218.00 , 68.92 , 69.19 , 92.82 , 80.71 , 90.96 , 40.25 , 59.69 , 28.99 , 36.49 , 17.55 , 12.98 , 64.35 , 84.28 , 15.03 , 153.79 , 30.86 , 44.44 , 43.72 , 342.69 , 87.56 , 127.35 , 692.09 , 100.09 , 239.76 , 393.67 , 452.81 , 87.77 , 435.55 , 226.14 , 187.16 , 227.66 , 73.00 
8/10/23, 230.30 , 30.92 , 217.49 , 68.29 , 69.41 , 92.91 , 81.08 , 90.41 , 40.19 , 59.50 , 28.75 , 36.45 , 17.54 , 13.07 , 65.15 , 84.21 , 15.25 , 153.56 , 30.94 , 44.34 , 43.67 , 340.40 , 87.64 , 128.09 , 697.01 , 100.20 , 240.16 , 397.14 , 450.05 , 86.22 , 430.27 , 225.66 , 186.41 , 224.69 , 73.10 
8/11/23, 229.49 , 30.75 , 215.91 , 68.92 , 69.50 , 93.82 , 81.11 , 90.83 , 40.51 , 59.70 , 28.95 , 36.72 , 17.78 , 12.76 , 66.24 , 84.94 , 15.29 , 154.45 , 31.29 , 44.57 , 43.73 , 340.73 , 87.70 , 129.94 , 695.61 , 98.37 , 240.04 , 394.98 , 454.05 , 86.84 , 431.05 , 226.99 , 187.95 , 226.88 , 73.45 
8/14/23, 229.80 , 30.82 , 215.43 , 68.56 , 68.83 , 92.79 , 80.00 , 89.56 , 40.08 , 59.24 , 28.77 , 35.59 , 17.67 , 12.72 , 65.95 , 84.59 , 15.23 , 154.77 , 30.93 , 44.10 , 43.74 , 337.74 , 87.33 , 127.28 , 692.93 , 98.04 , 242.90 , 398.58 , 450.08 , 86.44 , 429.45 , 226.37 , 186.46 , 227.69 , 74.00 
8/15/23, 225.54 , 30.28 , 208.85 , 67.35 , 67.78 , 91.44 , 79.10 , 87.68 , 39.59 , 58.12 , 28.25 , 34.72 , 17.36 , 12.56 , 65.43 , 84.07 , 15.14 , 150.83 , 29.94 , 43.21 , 42.73 , 332.21 , 86.16 , 123.60 , 672.82 , 97.47 , 239.83 , 394.45 , 443.58 , 85.66 , 423.17 , 223.13 , 182.37 , 222.78 , 73.37 
8/16/23, 224.62 , 30.19 , 207.64 , 67.56 , 68.11 , 91.70 , 79.19 , 88.83 , 39.81 , 58.43 , 28.11 , 34.61 , 17.21 , 12.77 , 65.24 , 83.20 , 15.05 , 150.19 , 29.29 , 42.64 , 42.22 , 329.11 , 85.99 , 122.73 , 672.24 , 96.90 , 239.29 , 394.37 , 445.13 , 85.14 , 427.29 , 223.59 , 182.56 , 223.73 , 72.28 
8/17/23, 224.38 , 30.27 , 208.49 , 67.51 , 68.25 , 90.70 , 78.78 , 88.25 , 39.96 , 58.17 , 28.00 , 34.86 , 17.34 , 12.90 , 65.34 , 83.79 , 15.31 , 148.63 , 29.28 , 42.46 , 42.47 , 327.52 , 85.79 , 123.50 , 674.00 , 96.80 , 237.37 , 392.62 , 446.68 , 85.15 , 429.17 , 222.31 , 181.75 , 220.31 , 70.99 
8/18/23, 225.26 , 30.87 , 212.11 , 67.83 , 67.81 , 91.20 , 79.02 , 89.32 , 40.01 , 58.19 , 28.19 , 34.87 , 17.43 , 13.00 , 65.60 , 84.75 , 15.42 , 148.97 , 29.11 , 42.25 , 42.50 , 324.93 , 84.89 , 123.20 , 670.25 , 98.72 , 238.17 , 392.17 , 450.06 , 85.80 , 430.17 , 224.42 , 181.48 , 219.44 , 71.46 
8/21/23, 223.97 , 30.71 , 210.09 , 67.08 , 67.61 , 89.63 , 78.56 , 88.71 , 39.74 , 57.96 , 28.28 , 34.73 , 17.36 , 13.00 , 65.26 , 84.53 , 15.33 , 149.48 , 29.15 , 42.07 , 42.49 , 322.06 , 84.25 , 122.93 , 671.59 , 98.79 , 239.46 , 393.20 , 451.49 , 85.52 , 433.69 , 224.28 , 180.92 , 219.91 , 71.37 
8/22/23, 222.41 , 30.51 , 208.72 , 67.52 , 67.73 , 89.59 , 78.62 , 89.38 , 40.00 , 57.95 , 28.26 , 34.30 , 17.25 , 12.97 , 64.86 , 83.70 , 15.35 , 146.38 , 28.44 , 41.02 , 41.50 , 318.79 , 82.98 , 119.02 , 665.84 , 98.26 , 240.57 , 397.84 , 452.94 , 85.33 , 437.73 , 224.28 , 180.21 , 220.62 , 72.62 
8/23/23, 223.13 , 31.00 , 210.60 , 67.89 , 67.55 , 90.34 , 79.43 , 90.04 , 40.25 , 57.52 , 28.16 , 34.44 , 17.26 , 12.96 , 64.70 , 83.63 , 15.24 , 147.37 , 28.45 , 41.08 , 41.61 , 322.33 , 83.39 , 119.41 , 678.77 , 99.70 , 242.30 , 401.06 , 454.57 , 86.04 , 434.52 , 224.86 , 178.27 , 220.22 , 73.06 
8/24/23, 222.52 , 30.56 , 208.56 , 67.22 , 67.43 , 89.99 , 78.83 , 89.46 , 40.08 , 57.01 , 27.85 , 34.18 , 17.23 , 12.94 , 64.38 , 84.09 , 15.18 , 147.23 , 28.62 , 41.08 , 41.43 , 319.96 , 83.44 , 117.67 , 673.16 , 99.02 , 239.47 , 397.67 , 452.55 , 85.15 , 432.18 , 223.88 , 177.85 , 218.11 , 72.78 
8/25/23, 224.18 , 30.91 , 210.65 , 67.96 , 68.09 , 90.58 , 79.33 , 89.88 , 40.30 , 57.58 , 28.22 , 34.40 , 17.34 , 13.16 , 64.95 , 84.48 , 15.12 , 147.05 , 28.50 , 41.24 , 41.23 , 320.15 , 83.22 , 117.74 , 675.96 , 99.66 , 242.57 , 402.89 , 451.09 , 84.69 , 429.56 , 223.59 , 178.46 , 218.55 , 72.65 
8/28/23, 224.54 , 30.86 , 211.20 , 68.02 , 68.13 , 90.02 , 79.20 , 89.71 , 40.25 , 57.85 , 28.22 , 34.69 , 17.36 , 13.41 , 65.38 , 85.29 , 15.21 , 147.56 , 28.76 , 41.32 , 41.88 , 325.97 , 84.38 , 118.41 , 679.00 , 100.88 , 243.83 , 407.44 , 452.32 , 85.74 , 431.15 , 225.35 , 178.09 , 218.96 , 73.71 
8/29/23, 223.44 , 30.75 , 207.73 , 67.51 , 68.57 , 90.29 , 79.63 , 90.08 , 40.50 , 57.95 , 28.13 , 35.06 , 17.45 , 13.52 , 65.25 , 85.70 , 15.25 , 148.76 , 29.17 , 41.72 , 42.00 , 332.55 , 85.55 , 120.59 , 691.03 , 104.30 , 245.34 , 411.65 , 448.40 , 85.35 , 430.06 , 226.15 , 177.25 , 219.02 , 73.53 
8/30/23, 222.89 , 30.73 , 209.43 , 67.09 , 68.62 , 89.95 , 79.44 , 89.83 , 40.42 , 57.68 , 27.92 , 35.26 , 17.44 , 13.55 , 65.43 , 86.20 , 15.25 , 148.16 , 29.04 , 41.37 , 41.54 , 328.58 , 85.26 , 120.48 , 695.81 , 104.89 , 246.23 , 413.91 , 452.41 , 86.43 , 434.80 , 227.24 , 177.80 , 220.81 , 73.91 
8/31/23, 220.57 , 30.20 , 205.01 , 66.80 , 67.73 , 88.80 , 78.40 , 88.96 , 40.12 , 57.13 , 27.89 , 35.08 , 17.22 , 13.47 , 65.20 , 86.25 , 15.45 , 146.33 , 28.67 , 41.29 , 41.29 , 327.71 , 85.15 , 120.73 , 700.54 , 106.37 , 245.68 , 412.64 , 448.35 , 86.04 , 433.09 , 226.64 , 178.09 , 220.32 , 73.76 
9/1/23, 221.03 , 30.63 , 206.38 , 66.87 , 67.22 , 87.93 , 77.52 , 88.35 , 39.99 , 56.51 , 27.65 , 35.51 , 17.14 , 13.62 , 65.55 , 87.53 , 15.32 , 146.82 , 28.98 , 41.59 , 41.65 , 327.40 , 85.75 , 122.22 , 706.19 , 104.49 , 248.11 , 415.57 , 448.18 , 86.28 , 435.62 , 226.37 , 177.26 , 220.86 , 73.97 
9/5/23, 215.71 , 29.92 , 201.09 , 66.20 , 66.30 , 86.65 , 76.00 , 86.51 , 39.51 , 55.59 , 27.33 , 35.29 , 17.07 , 13.78 , 65.66 , 86.85 , 14.78 , 145.20 , 28.65 , 41.36 , 41.54 , 323.75 , 84.84 , 120.49 , 695.93 , 108.24 , 245.34 , 411.50 , 445.19 , 85.05 , 431.08 , 223.33 , 172.45 , 217.12 , 72.43 
9/6/23, 212.83 , 29.73 , 198.42 , 65.69 , 66.25 , 87.49 , 76.38 , 86.80 , 39.86 , 56.34 , 27.36 , 33.21 , 16.63 , 13.50 , 63.65 , 85.03 , 14.76 , 144.96 , 28.39 , 41.37 , 41.02 , 321.13 , 84.16 , 118.36 , 694.18 , 107.90 , 246.16 , 413.18 , 423.94 , 83.51 , 423.64 , 218.05 , 170.19 , 209.20 , 72.23 
9/7/23, 210.57 , 29.49 , 196.19 , 66.25 , 67.11 , 89.40 , 77.34 , 88.51 , 40.57 , 56.60 , 27.95 , 33.22 , 16.59 , 13.70 , 64.31 , 85.51 , 14.72 , 143.72 , 28.13 , 40.73 , 40.43 , 321.96 , 83.84 , 115.77 , 691.06 , 109.39 , 247.14 , 414.62 , 425.94 , 84.33 , 430.99 , 218.69 , 168.59 , 209.38 , 73.04 
9/8/23, 211.80 , 29.95 , 195.64 , 66.83 , 67.93 , 91.02 , 77.74 , 89.25 , 40.58 , 57.07 , 28.29 , 33.54 , 16.80 , 13.76 , 64.77 , 85.33 , 14.70 , 143.83 , 28.36 , 40.59 , 41.00 , 325.52 , 84.92 , 116.93 , 690.62 , 112.67 , 247.29 , 414.84 , 423.09 , 83.48 , 422.72 , 217.87 , 167.94 , 210.84 , 72.10 
9/11/23, 211.61 , 30.18 , 195.97 , 67.53 , 68.13 , 91.78 , 77.80 , 89.73 , 40.58 , 57.43 , 28.31 , 33.71 , 16.67 , 13.60 , 64.53 , 83.83 , 14.91 , 144.46 , 28.48 , 40.59 , 41.33 , 324.65 , 83.51 , 118.02 , 695.93 , 113.50 , 247.22 , 416.69 , 420.66 , 76.90 , 425.00 , 216.27 , 168.88 , 211.10 , 73.04 
9/12/23, 213.87 , 30.59 , 198.55 , 67.73 , 68.60 , 92.12 , 77.82 , 90.20 , 40.56 , 57.21 , 28.30 , 34.14 , 17.13 , 13.66 , 66.32 , 85.19 , 14.99 , 146.34 , 28.97 , 41.68 , 42.54 , 330.90 , 85.55 , 124.85 , 697.34 , 112.54 , 247.30 , 416.27 , 417.83 , 75.56 , 424.08 , 217.38 , 169.10 , 211.35 , 73.38 
9/13/23, 212.13 , 30.50 , 200.73 , 68.43 , 69.50 , 93.88 , 79.33 , 91.46 , 41.13 , 58.13 , 28.64 , 34.32 , 17.16 , 13.54 , 67.00 , 84.77 , 15.22 , 146.41 , 28.88 , 42.37 , 42.25 , 334.98 , 87.25 , 123.61 , 697.23 , 112.75 , 247.83 , 416.30 , 420.99 , 75.56 , 426.31 , 219.69 , 169.15 , 209.52 , 73.33 
9/14/23, 215.70 , 31.04 , 206.60 , 69.28 , 70.90 , 95.45 , 80.60 , 92.38 , 41.84 , 58.68 , 28.98 , 35.32 , 17.31 , 13.57 , 68.53 , 85.74 , 15.15 , 149.25 , 29.20 , 43.14 , 43.05 , 344.57 , 89.07 , 126.97 , 706.81 , 112.71 , 241.50 , 413.34 , 425.89 , 75.50 , 432.32 , 221.46 , 171.56 , 212.93 , 74.34 
9/15/23, 213.32 , 30.85 , 204.03 , 68.64 , 71.09 , 95.18 , 80.04 , 91.49 , 41.65 , 57.97 , 29.08 , 35.09 , 17.07 , 13.59 , 67.54 , 84.66 , 15.25 , 148.81 , 28.84 , 42.71 , 42.95 , 342.54 , 88.41 , 126.35 , 697.41 , 113.79 , 241.07 , 414.31 , 424.05 , 75.80 , 433.49 , 224.05 , 172.72 , 211.65 , 74.82 
9/18/23, 213.15 , 31.10 , 204.13 , 68.24 , 70.95 , 94.96 , 80.23 , 91.57 , 41.49 , 57.99 , 29.15 , 35.02 , 17.02 , 13.77 , 68.19 , 85.66 , 15.44 , 149.12 , 28.76 , 42.64 , 43.43 , 343.32 , 88.71 , 124.68 , 694.89 , 114.37 , 244.66 , 417.13 , 429.86 , 75.18 , 440.52 , 224.33 , 175.13 , 212.28 , 76.48 
9/19/23, 211.77 , 30.91 , 201.91 , 67.59 , 70.91 , 93.84 , 80.06 , 91.17 , 41.07 , 58.52 , 28.98 , 34.95 , 16.93 , 13.82 , 67.78 , 85.15 , 15.61 , 148.93 , 28.65 , 42.68 , 43.22 , 341.89 , 88.51 , 124.19 , 688.96 , 115.12 , 243.56 , 413.53 , 425.31 , 75.08 , 435.97 , 222.85 , 176.14 , 208.92 , 75.19 
9/20/23, 212.98 , 31.31 , 205.29 , 67.35 , 71.20 , 94.37 , 80.45 , 91.50 , 40.83 , 59.96 , 28.82 , 34.95 , 16.86 , 13.90 , 67.01 , 85.43 , 15.67 , 148.30 , 28.55 , 42.30 , 42.87 , 336.70 , 87.14 , 123.95 , 683.48 , 114.22 , 241.86 , 410.52 , 426.95 , 74.43 , 440.18 , 225.55 , 174.65 , 205.58 , 74.94 
9/21/23, 211.40 , 31.02 , 201.28 , 66.91 , 69.90 , 93.41 , 79.88 , 90.86 , 40.46 , 59.38 , 28.39 , 34.30 , 16.56 , 13.71 , 65.99 , 83.07 , 15.79 , 147.14 , 28.05 , 41.71 , 42.32 , 330.24 , 84.88 , 122.17 , 668.83 , 111.13 , 236.61 , 403.36 , 417.54 , 72.64 , 437.11 , 221.88 , 173.94 , 202.50 , 74.16 
9/22/23, 209.24 , 31.20 , 202.50 , 67.70 , 69.37 , 93.33 , 79.17 , 90.83 , 40.21 , 59.73 , 28.30 , 34.52 , 16.60 , 13.82 , 66.19 , 84.44 , 15.67 , 145.73 , 27.64 , 40.92 , 41.23 , 327.89 , 83.29 , 120.85 , 660.10 , 111.18 , 235.08 , 402.22 , 413.65 , 71.58 , 424.90 , 218.34 , 173.57 , 201.08 , 74.07 
9/25/23, 208.48 , 31.15 , 202.88 , 67.47 , 69.29 , 93.31 , 78.68 , 90.23 , 40.30 , 59.49 , 28.29 , 34.46 , 16.75 , 14.01 , 66.54 , 85.32 , 15.19 , 146.45 , 27.60 , 41.02 , 41.56 , 328.84 , 83.03 , 122.62 , 657.55 , 110.30 , 233.36 , 402.49 , 412.90 , 72.05 , 425.57 , 219.33 , 174.16 , 201.33 , 74.81 
9/26/23, 204.84 , 30.62 , 198.27 , 65.34 , 67.11 , 91.12 , 76.34 , 87.83 , 39.15 , 57.72 , 27.29 , 33.69 , 16.47 , 13.86 , 64.48 , 84.35 , 15.27 , 144.93 , 27.17 , 40.22 , 40.65 , 323.82 , 82.17 , 121.59 , 646.72 , 105.94 , 229.65 , 395.38 , 408.75 , 72.26 , 426.58 , 218.18 , 173.48 , 200.41 , 74.20 
9/27/23, 202.40 , 30.28 , 196.22 , 59.96 , 66.14 , 90.09 , 75.86 , 86.63 , 38.80 , 57.21 , 27.15 , 33.63 , 16.66 , 13.95 , 64.51 , 86.59 , 15.41 , 145.78 , 27.27 , 40.46 , 40.86 , 321.95 , 81.65 , 121.81 , 643.39 , 106.55 , 229.50 , 395.48 , 408.72 , 72.88 , 437.24 , 221.00 , 175.20 , 203.19 , 74.38 
9/28/23, 204.11 , 30.57 , 197.38 , 57.08 , 65.07 , 88.68 , 74.67 , 85.49 , 37.88 , 56.87 , 26.70 , 33.54 , 16.67 , 14.02 , 64.89 , 87.44 , 15.32 , 147.59 , 27.56 , 41.20 , 40.91 , 325.20 , 82.19 , 122.83 , 645.24 , 108.23 , 231.66 , 399.44 , 410.96 , 72.00 , 439.50 , 222.39 , 172.34 , 205.06 , 75.06 
9/29/23, 203.63 , 30.75 , 196.93 , 57.29 , 64.72 , 88.26 , 75.22 , 85.53 , 37.79 , 57.22 , 26.85 , 33.19 , 16.58 , 14.03 , 63.43 , 85.72 , 15.18 , 145.02 , 27.38 , 41.13 , 40.86 , 323.57 , 81.67 , 122.77 , 646.49 , 107.14 , 230.01 , 395.91 , 408.96 , 71.97 , 440.19 , 220.97 , 174.12 , 204.58 , 74.98 
10/2/23, 202.64 , 30.54 , 191.50 , 52.15 , 62.71 , 85.44 , 71.84 , 81.62 , 36.61 , 55.03 , 25.75 , 31.99 , 16.16 , 13.78 , 61.85 , 83.43 , 14.66 , 143.77 , 26.70 , 40.50 , 39.61 , 318.50 , 80.41 , 120.02 , 643.04 , 107.16 , 231.27 , 395.85 , 407.82 , 71.34 , 442.22 , 222.93 , 171.56 , 202.01 , 72.72 
10/3/23, 203.78 , 30.77 , 192.42 , 52.78 , 64.03 , 85.76 , 72.81 , 83.18 , 37.05 , 55.84 , 26.35 , 31.57 , 16.10 , 13.55 , 61.98 , 82.07 , 14.41 , 142.71 , 25.91 , 39.86 , 38.67 , 306.12 , 78.02 , 119.78 , 625.47 , 103.22 , 228.81 , 391.06 , 403.83 , 70.58 , 434.31 , 220.74 , 169.28 , 202.22 , 72.84 
10/4/23, 202.27 , 30.85 , 192.96 , 50.62 , 64.62 , 86.12 , 73.29 , 84.20 , 37.41 , 56.63 , 26.54 , 31.38 , 16.03 , 13.34 , 61.35 , 79.23 , 14.48 , 143.35 , 25.94 , 39.81 , 38.97 , 308.60 , 79.09 , 120.10 , 636.53 , 104.24 , 231.22 , 393.76 , 401.33 , 70.12 , 422.29 , 219.33 , 163.78 , 201.65 , 73.02 
10/5/23, 200.64 , 30.41 , 190.69 , 49.45 , 64.59 , 85.48 , 71.33 , 84.76 , 37.41 , 56.48 , 26.62 , 31.75 , 16.16 , 13.36 , 62.44 , 80.15 , 14.44 , 142.90 , 26.06 , 39.88 , 39.30 , 310.50 , 79.15 , 120.38 , 640.30 , 104.19 , 233.48 , 394.20 , 397.35 , 69.38 , 420.07 , 216.75 , 161.28 , 200.29 , 72.76 
10/6/23, 202.46 , 30.91 , 191.51 , 50.24 , 64.97 , 86.92 , 72.19 , 86.35 , 38.08 , 57.35 , 26.87 , 31.82 , 16.26 , 13.46 , 63.50 , 81.29 , 14.80 , 145.10 , 26.07 , 40.57 , 39.69 , 312.48 , 80.33 , 120.32 , 648.26 , 105.13 , 235.04 , 397.97 , 400.73 , 69.77 , 423.24 , 219.94 , 163.89 , 202.52 , 74.08 
10/9/23, 204.30 , 31.08 , 195.75 , 49.32 , 65.91 , 88.23 , 73.66 , 87.55 , 38.70 , 57.65 , 27.29 , 32.37 , 16.76 , 13.69 , 65.95 , 83.14 , 14.82 , 144.77 , 26.31 , 40.74 , 39.70 , 312.61 , 79.91 , 120.86 , 643.62 , 104.81 , 234.44 , 394.74 , 436.53 , 72.99 , 471.61 , 238.48 , 180.21 , 221.44 , 77.47 
10/10/23, 206.35 , 31.54 , 200.81 , 51.58 , 66.44 , 88.94 , 74.23 , 88.12 , 39.28 , 58.06 , 27.47 , 32.42 , 16.82 , 13.81 , 66.86 , 83.20 , 15.13 , 145.65 , 27.01 , 41.44 , 39.82 , 314.77 , 80.13 , 122.23 , 641.95 , 105.29 , 236.60 , 400.37 , 435.10 , 73.35 , 465.12 , 236.67 , 177.57 , 219.34 , 77.01 
10/11/23, 209.48 , 31.61 , 202.00 , 53.54 , 67.10 , 89.87 , 75.28 , 88.45 , 40.04 , 58.81 , 27.75 , 32.81 , 16.85 , 13.76 , 67.46 , 85.50 , 15.25 , 146.15 , 27.02 , 41.53 , 39.69 , 313.02 , 78.90 , 122.74 , 642.67 , 107.27 , 235.68 , 399.81 , 436.65 , 73.31 , 473.37 , 237.78 , 176.82 , 220.30 , 77.38 
10/12/23, 207.99 , 31.16 , 200.98 , 53.00 , 65.70 , 88.03 , 73.48 , 87.37 , 39.83 , 58.15 , 27.53 , 32.55 , 16.91 , 13.77 , 68.10 , 85.52 , 15.46 , 145.81 , 26.90 , 41.53 , 39.74 , 309.85 , 77.81 , 121.32 , 636.17 , 104.86 , 236.78 , 399.90 , 434.14 , 73.30 , 477.31 , 237.40 , 173.80 , 218.81 , 76.71 
10/13/23, 207.75 , 31.14 , 200.94 , 54.49 , 66.55 , 88.68 , 74.47 , 88.02 , 39.95 , 58.86 , 27.57 , 32.73 , 17.11 , 13.83 , 69.12 , 87.22 , 15.48 , 148.00 , 26.76 , 41.43 , 40.96 , 309.30 , 77.79 , 118.14 , 627.66 , 103.80 , 237.67 , 398.03 , 441.06 , 73.25 , 490.15 , 243.04 , 177.24 , 224.83 , 77.36 
10/16/23, 210.83 , 31.41 , 207.55 , 54.38 , 67.50 , 89.46 , 76.06 , 88.66 , 40.17 , 59.56 , 27.78 , 33.15 , 17.28 , 13.90 , 70.07 , 87.93 , 15.58 , 147.85 , 26.99 , 40.95 , 41.65 , 314.39 , 78.73 , 118.13 , 635.45 , 104.54 , 240.07 , 401.16 , 440.41 , 73.98 , 489.07 , 242.87 , 179.00 , 225.16 , 77.97 
10/17/23, 211.34 , 31.37 , 207.83 , 54.17 , 67.11 , 88.96 , 75.67 , 88.90 , 40.06 , 59.51 , 27.94 , 32.59 , 17.33 , 13.84 , 69.51 , 87.85 , 15.70 , 147.53 , 27.62 , 41.20 , 41.98 , 309.36 , 80.33 , 119.13 , 636.10 , 105.33 , 241.20 , 401.77 , 441.13 , 73.89 , 489.00 , 241.27 , 178.30 , 222.96 , 78.29 
10/18/23, 205.92 , 30.67 , 203.44 , 53.24 , 66.60 , 88.19 , 75.17 , 88.28 , 39.91 , 59.33 , 27.68 , 32.18 , 17.14 , 13.93 , 68.64 , 87.51 , 15.78 , 145.91 , 27.31 , 40.47 , 41.53 , 301.96 , 74.88 , 115.69 , 616.69 , 102.30 , 237.47 , 393.21 , 446.07 , 74.24 , 490.76 , 239.81 , 179.55 , 223.01 , 77.43 
10/19/23, 210.33 , 30.54 , 200.09 , 52.39 , 66.44 , 87.78 , 74.42 , 87.67 , 39.77 , 59.05 , 27.47 , 32.09 , 17.01 , 14.03 , 69.21 , 87.71 , 15.70 , 145.29 , 26.96 , 40.06 , 41.18 , 299.19 , 72.92 , 115.66 , 622.51 , 94.22 , 233.81 , 387.87 , 449.18 , 73.89 , 489.94 , 237.95 , 177.90 , 221.33 , 77.18 
10/20/23, 211.34 , 30.76 , 201.70 , 51.96 , 65.73 , 87.03 , 73.35 , 87.06 , 39.30 , 58.10 , 27.14 , 31.82 , 16.99 , 14.00 , 67.58 , 86.69 , 15.59 , 142.95 , 26.31 , 39.68 , 40.27 , 300.05 , 73.13 , 111.82 , 614.83 , 94.42 , 233.38 , 384.41 , 444.17 , 72.55 , 485.70 , 234.94 , 176.10 , 219.09 , 76.51 
10/23/23, 207.76 , 30.16 , 196.90 , 51.52 , 65.43 , 86.33 , 73.35 , 86.59 , 38.40 , 58.05 , 26.80 , 32.12 , 16.98 , 13.78 , 66.74 , 86.40 , 15.58 , 141.00 , 25.57 , 38.89 , 39.48 , 299.22 , 71.70 , 109.71 , 614.73 , 92.74 , 231.53 , 383.67 , 446.16 , 73.13 , 480.60 , 233.21 , 176.87 , 216.34 , 75.00 
10/24/23, 205.44 , 29.68 , 196.24 , 55.12 , 66.45 , 87.76 , 74.74 , 87.97 , 38.86 , 59.08 , 27.32 , 32.13 , 16.85 , 13.75 , 66.60 , 85.49 , 15.50 , 141.17 , 25.47 , 38.93 , 39.28 , 299.18 , 71.56 , 111.28 , 612.39 , 95.17 , 234.65 , 386.91 , 440.90 , 78.38 , 478.44 , 233.00 , 173.02 , 214.33 , 75.29 
10/25/23, 205.22 , 29.60 , 185.79 , 56.46 , 66.61 , 88.15 , 75.36 , 88.31 , 39.00 , 59.47 , 27.46 , 32.26 , 16.79 , 13.69 , 66.27 , 85.35 , 15.33 , 140.40 , 25.55 , 38.61 , 39.03 , 296.76 , 71.40 , 111.29 , 608.68 , 91.91 , 236.85 , 386.31 , 447.69 , 78.41 , 483.26 , 242.40 , 175.74 , 215.06 , 75.53 
10/26/23, 202.24 , 29.59 , 185.30 , 57.57 , 67.16 , 89.20 , 75.77 , 89.30 , 39.15 , 59.77 , 27.60 , 32.00 , 16.70 , 13.57 , 66.32 , 85.71 , 15.15 , 140.76 , 26.12 , 39.34 , 39.65 , 296.99 , 72.07 , 114.36 , 607.07 , 92.30 , 231.28 , 364.59 , 445.97 , 79.15 , 477.78 , 240.55 , 175.21 , 218.03 , 75.68 
10/27/23, 201.72 , 29.24 , 184.53 , 56.24 , 66.53 , 87.53 , 74.93 , 87.47 , 38.43 , 58.31 , 26.69 , 31.39 , 16.37 , 13.11 , 65.44 , 84.39 , 14.91 , 135.69 , 25.17 , 38.24 , 38.76 , 289.91 , 70.40 , 111.24 , 598.08 , 89.61 , 229.27 , 364.08 , 443.39 , 79.16 , 473.07 , 238.25 , 170.93 , 213.12 , 74.01 
10/30/23, 205.80 , 29.40 , 187.57 , 57.20 , 66.79 , 87.90 , 75.41 , 87.48 , 38.45 , 58.74 , 26.89 , 31.86 , 16.13 , 13.15 , 65.61 , 83.60 , 15.15 , 137.42 , 25.69 , 38.93 , 39.43 , 300.83 , 70.59 , 112.89 , 607.12 , 92.38 , 233.08 , 372.42 , 445.84 , 78.57 , 468.68 , 238.98 , 174.36 , 217.35 , 73.15 
10/31/23, 207.61 , 29.85 , 190.79 , 58.30 , 67.30 , 88.89 , 75.54 , 87.79 , 38.94 , 59.27 , 26.88 , 32.04 , 16.20 , 13.15 , 65.20 , 83.61 , 15.38 , 139.06 , 26.34 , 39.49 , 39.77 , 303.61 , 70.82 , 114.47 , 612.28 , 92.35 , 235.10 , 376.35 , 454.64 , 81.39 , 471.43 , 241.31 , 179.41 , 219.82 , 74.28 
11/1/23, 207.56 , 29.57 , 190.19 , 58.43 , 68.43 , 89.54 , 76.48 , 89.16 , 39.53 , 60.54 , 27.32 , 32.40 , 16.35 , 13.15 , 64.54 , 84.15 , 15.88 , 138.94 , 26.40 , 39.60 , 39.61 , 307.16 , 70.95 , 113.46 , 616.21 , 94.75 , 238.58 , 377.82 , 452.38 , 82.15 , 468.26 , 242.70 , 178.72 , 220.99 , 74.58 
11/2/23, 211.39 , 30.39 , 191.86 , 59.91 , 70.12 , 89.89 , 79.24 , 90.16 , 40.70 , 61.07 , 27.49 , 33.51 , 16.90 , 13.64 , 66.65 , 90.25 , 15.82 , 141.42 , 27.62 , 41.35 , 40.51 , 313.76 , 73.46 , 119.85 , 644.49 , 98.20 , 243.25 , 382.69 , 458.04 , 82.78 , 475.77 , 244.01 , 183.06 , 233.85 , 76.90 
11/3/23, 212.13 , 30.40 , 194.56 , 59.38 , 70.39 , 90.28 , 79.72 , 90.07 , 40.56 , 61.03 , 27.39 , 33.83 , 16.87 , 13.66 , 66.84 , 88.12 , 15.84 , 143.00 , 28.42 , 42.26 , 41.62 , 327.62 , 76.26 , 123.21 , 657.97 , 100.90 , 243.60 , 386.05 , 453.34 , 82.72 , 470.58 , 243.21 , 185.67 , 233.96 , 76.13 
11/6/23, 213.10 , 30.38 , 195.28 , 59.04 , 69.23 , 89.72 , 79.25 , 90.54 , 40.02 , 60.56 , 27.24 , 33.85 , 16.67 , 13.51 , 66.28 , 87.54 , 15.55 , 144.08 , 28.33 , 42.04 , 41.34 , 323.91 , 75.92 , 121.55 , 653.22 , 98.33 , 243.49 , 386.16 , 451.16 , 82.40 , 471.00 , 243.93 , 181.76 , 234.55 , 76.20 
11/7/23, 211.41 , 30.35 , 194.40 , 58.46 , 68.72 , 89.28 , 78.85 , 89.48 , 39.74 , 59.83 , 27.19 , 33.64 , 16.55 , 13.31 , 64.70 , 85.52 , 15.25 , 144.01 , 28.16 , 41.96 , 41.04 , 323.95 , 75.51 , 120.78 , 648.59 , 98.93 , 244.77 , 388.87 , 450.15 , 82.67 , 467.70 , 242.73 , 182.89 , 232.24 , 76.06 
11/8/23, 212.00 , 30.37 , 194.81 , 57.50 , 68.60 , 88.36 , 78.15 , 88.68 , 39.58 , 59.08 , 26.86 , 33.56 , 16.34 , 13.07 , 63.63 , 83.38 , 15.14 , 144.72 , 27.89 , 41.82 , 40.98 , 324.56 , 75.97 , 120.26 , 654.95 , 99.16 , 243.91 , 389.70 , 444.66 , 83.20 , 460.48 , 242.02 , 181.49 , 228.52 , 76.02 
11/9/23, 210.23 , 30.17 , 193.81 , 54.72 , 68.04 , 87.96 , 77.26 , 89.25 , 39.25 , 58.70 , 26.76 , 33.37 , 16.21 , 13.02 , 63.83 , 83.69 , 15.25 , 144.29 , 27.53 , 41.50 , 40.40 , 320.78 , 74.19 , 119.36 , 651.82 , 96.85 , 241.64 , 387.96 , 442.46 , 82.43 , 461.09 , 240.10 , 180.76 , 228.14 , 75.27 
11/10/23, 211.49 , 30.70 , 196.88 , 55.14 , 68.10 , 88.27 , 77.70 , 89.35 , 39.43 , 59.20 , 27.12 , 33.40 , 16.44 , 13.14 , 64.36 , 84.56 , 15.34 , 146.43 , 27.68 , 42.08 , 40.89 , 325.51 , 75.33 , 120.43 , 665.00 , 98.64 , 245.25 , 394.38 , 444.87 , 82.22 , 463.27 , 243.55 , 182.17 , 229.93 , 76.60 
11/13/23, 209.40 , 30.45 , 199.07 , 54.50 , 67.34 , 87.02 , 75.02 , 88.37 , 38.80 , 58.27 , 26.73 , 33.81 , 16.52 , 13.19 , 64.66 , 84.91 , 15.48 , 145.78 , 27.70 , 42.70 , 40.77 , 326.91 , 75.04 , 119.60 , 661.45 , 97.73 , 244.67 , 394.35 , 445.03 , 82.03 , 464.38 , 246.65 , 183.85 , 233.36 , 76.85 
11/14/23, 215.69 , 31.11 , 204.12 , 57.55 , 69.21 , 89.85 , 77.41 , 90.50 , 39.59 , 60.30 , 27.67 , 33.27 , 16.80 , 13.31 , 65.73 , 86.43 , 15.44 , 148.44 , 29.22 , 44.36 , 42.08 , 338.72 , 78.31 , 126.66 , 697.35 , 102.59 , 246.94 , 397.65 , 444.22 , 80.69 , 466.83 , 247.86 , 187.61 , 235.92 , 78.46 
11/15/23, 218.08 , 30.99 , 207.01 , 57.00 , 68.77 , 89.61 , 76.53 , 90.55 , 39.67 , 60.09 , 27.43 , 33.40 , 16.92 , 13.36 , 66.12 , 86.27 , 15.28 , 149.74 , 29.62 , 44.88 , 42.84 , 337.60 , 79.68 , 128.96 , 708.84 , 104.28 , 248.11 , 396.83 , 445.14 , 80.63 , 464.99 , 245.76 , 187.44 , 234.90 , 76.39 
11/16/23, 219.36 , 31.33 , 208.34 , 56.60 , 70.27 , 90.18 , 77.38 , 91.13 , 39.48 , 60.70 , 27.66 , 32.90 , 16.82 , 13.18 , 65.52 , 83.85 , 15.54 , 151.45 , 29.54 , 44.67 , 42.53 , 336.67 , 79.66 , 129.34 , 714.90 , 103.70 , 248.57 , 397.10 , 445.59 , 80.23 , 463.88 , 245.26 , 186.26 , 234.57 , 77.01 
11/17/23, 219.21 , 31.62 , 211.04 , 57.37 , 69.77 , 90.01 , 77.39 , 91.36 , 38.95 , 60.56 , 27.80 , 33.68 , 16.96 , 13.52 , 66.63 , 86.02 , 15.53 , 152.82 , 29.98 , 45.36 , 42.96 , 339.19 , 80.28 , 130.26 , 716.86 , 104.96 , 249.56 , 400.30 , 444.68 , 79.68 , 464.17 , 244.69 , 185.69 , 236.75 , 77.34 
11/20/23, 221.10 , 32.06 , 212.12 , 57.34 , 69.44 , 89.30 , 77.19 , 90.94 , 39.08 , 60.06 , 27.59 , 33.68 , 16.94 , 13.56 , 66.89 , 86.88 , 15.56 , 153.29 , 30.01 , 45.26 , 42.79 , 339.45 , 79.70 , 130.34 , 720.92 , 106.45 , 249.97 , 404.40 , 443.81 , 79.17 , 465.82 , 245.78 , 186.48 , 239.56 , 78.24 
11/21/23, 222.00 , 32.25 , 213.10 , 57.98 , 69.65 , 89.88 , 78.04 , 90.49 , 38.88 , 60.02 , 27.50 , 33.86 , 17.12 , 13.70 , 66.91 , 87.56 , 15.57 , 152.97 , 29.66 , 45.09 , 42.60 , 334.97 , 78.47 , 127.97 , 724.64 , 105.78 , 252.23 , 408.95 , 448.15 , 78.15 , 471.07 , 246.41 , 188.56 , 239.28 , 77.86 
11/22/23, 223.49 , 32.55 , 213.91 , 57.47 , 69.59 , 90.36 , 78.25 , 90.52 , 38.86 , 60.43 , 27.79 , 33.93 , 17.29 , 13.74 , 66.66 , 87.22 , 15.60 , 153.33 , 29.63 , 45.02 , 42.78 , 338.64 , 78.49 , 127.95 , 727.14 , 106.78 , 253.72 , 410.33 , 450.40 , 79.82 , 471.45 , 247.33 , 187.83 , 238.08 , 78.36 
11/24/23, 224.28 , 32.64 , 215.86 , 57.55 , 69.61 , 90.74 , 78.50 , 90.96 , 39.19 , 60.52 , 27.93 , 34.23 , 17.35 , 13.72 , 67.32 , 87.84 , 15.44 , 153.54 , 29.73 , 45.23 , 42.92 , 339.15 , 78.65 , 128.70 , 730.10 , 107.00 , 254.30 , 412.50 , 452.01 , 79.98 , 471.52 , 247.83 , 191.01 , 238.34 , 78.82 
11/27/23, 219.85 , 31.94 , 211.88 , 57.58 , 70.26 , 90.93 , 78.54 , 90.67 , 39.14 , 60.45 , 27.95 , 33.94 , 17.31 , 13.67 , 67.21 , 87.97 , 15.42 , 153.19 , 29.56 , 45.08 , 43.02 , 337.71 , 77.95 , 128.85 , 730.68 , 106.75 , 254.14 , 408.97 , 445.49 , 79.47 , 468.39 , 246.36 , 187.92 , 236.45 , 78.10 
11/28/23, 221.23 , 32.05 , 212.40 , 58.16 , 70.49 , 91.13 , 79.73 , 90.80 , 39.16 , 60.97 , 28.15 , 34.15 , 17.29 , 13.67 , 66.99 , 87.50 , 15.59 , 153.54 , 29.53 , 44.86 , 43.37 , 337.65 , 76.88 , 129.59 , 736.76 , 107.64 , 252.94 , 409.01 , 448.27 , 80.19 , 470.08 , 245.22 , 189.10 , 236.68 , 77.19 
11/29/23, 221.47 , 31.73 , 215.08 , 58.36 , 70.23 , 90.71 , 79.22 , 89.94 , 38.39 , 60.00 , 27.89 , 34.51 , 17.32 , 13.68 , 67.39 , 88.01 , 15.88 , 154.32 , 30.31 , 45.75 , 43.78 , 340.26 , 78.55 , 132.38 , 747.30 , 111.37 , 254.23 , 409.82 , 445.01 , 80.95 , 467.41 , 244.83 , 188.66 , 233.75 , 76.71 
11/30/23, 225.27 , 32.30 , 218.16 , 58.51 , 70.98 , 92.28 , 79.55 , 90.11 , 38.51 , 60.84 , 28.27 , 34.87 , 17.57 , 13.89 , 68.85 , 90.45 , 15.92 , 156.08 , 30.49 , 46.10 , 44.59 , 341.54 , 79.34 , 133.96 , 751.23 , 112.37 , 256.68 , 413.83 , 447.77 , 81.48 , 475.16 , 246.97 , 190.81 , 237.02 , 78.03 
12/1/23, 231.37 , 33.40 , 226.47 , 59.17 , 71.52 , 92.64 , 80.51 , 91.68 , 38.99 , 61.43 , 28.79 , 35.18 , 17.75 , 13.89 , 69.87 , 90.16 , 15.80 , 156.84 , 30.96 , 47.23 , 45.02 , 348.43 , 80.89 , 139.00 , 756.35 , 114.28 , 256.45 , 414.36 , 449.41 , 82.32 , 479.84 , 249.69 , 194.69 , 238.74 , 78.83 
12/4/23, 233.90 , 33.66 , 228.03 , 58.67 , 71.28 , 92.73 , 80.13 , 91.99 , 38.73 , 61.47 , 28.85 , 35.15 , 17.85 , 13.89 , 70.21 , 89.31 , 15.51 , 157.99 , 30.82 , 47.37 , 45.12 , 349.39 , 81.21 , 140.79 , 756.43 , 115.54 , 254.44 , 408.23 , 450.69 , 83.13 , 480.33 , 252.21 , 199.28 , 242.60 , 81.45 
12/5/23, 232.17 , 33.29 , 223.91 , 58.23 , 70.93 , 92.47 , 79.31 , 91.19 , 38.50 , 61.03 , 28.56 , 35.09 , 17.50 , 13.76 , 69.28 , 87.75 , 15.21 , 157.97 , 30.58 , 46.70 , 44.49 , 341.75 , 80.17 , 138.66 , 754.30 , 115.28 , 254.61 , 408.69 , 446.24 , 82.69 , 476.61 , 250.89 , 198.01 , 240.48 , 79.95 
12/6/23, 232.97 , 33.52 , 228.08 , 60.20 , 72.26 , 93.94 , 80.36 , 91.65 , 39.41 , 61.97 , 28.78 , 34.87 , 17.53 , 13.48 , 68.47 , 85.63 , 14.95 , 156.31 , 30.53 , 47.86 , 44.50 , 341.97 , 79.41 , 139.36 , 743.07 , 112.11 , 254.29 , 410.38 , 449.41 , 82.71 , 480.29 , 251.95 , 198.95 , 243.59 , 80.60 
12/7/23, 231.49 , 33.50 , 227.39 , 59.85 , 71.65 , 94.46 , 80.20 , 92.44 , 39.34 , 61.55 , 28.76 , 34.80 , 17.50 , 13.33 , 67.27 , 84.72 , 14.87 , 156.79 , 30.66 , 48.50 , 45.40 , 344.62 , 80.35 , 139.77 , 745.44 , 113.86 , 255.82 , 413.15 , 447.11 , 81.50 , 477.48 , 251.49 , 196.68 , 245.19 , 79.69 
12/8/23, 229.77 , 32.96 , 221.00 , 59.70 , 71.50 , 94.39 , 79.64 , 91.55 , 39.21 , 60.91 , 28.77 , 34.92 , 17.70 , 13.30 , 68.24 , 86.56 , 14.83 , 158.52 , 30.96 , 48.89 , 46.10 , 350.83 , 82.28 , 140.67 , 744.73 , 112.57 , 255.74 , 412.16 , 448.02 , 81.32 , 476.25 , 252.29 , 195.81 , 246.89 , 79.24 
12/11/23, 232.03 , 33.20 , 221.75 , 59.71 , 71.36 , 95.36 , 80.49 , 91.87 , 39.52 , 61.55 , 29.05 , 34.99 , 17.57 , 13.27 , 67.23 , 85.66 , 14.58 , 159.10 , 30.85 , 48.15 , 46.00 , 351.76 , 82.82 , 141.00 , 752.41 , 112.99 , 256.52 , 415.71 , 451.26 , 81.89 , 478.76 , 252.42 , 201.07 , 250.38 , 79.64 
12/12/23, 232.91 , 33.22 , 222.27 , 59.52 , 70.47 , 95.33 , 80.00 , 91.73 , 39.44 , 61.16 , 29.01 , 34.68 , 17.22 , 13.25 , 66.06 , 84.44 , 14.89 , 160.52 , 30.74 , 48.06 , 46.47 , 352.61 , 83.60 , 140.85 , 759.29 , 113.21 , 259.56 , 420.75 , 451.63 , 81.04 , 479.25 , 253.20 , 200.31 , 254.48 , 80.01 
12/13/23, 236.69 , 33.24 , 227.61 , 62.51 , 73.08 , 98.08 , 83.57 , 94.01 , 41.00 , 63.33 , 30.20 , 35.48 , 17.48 , 13.53 , 67.31 , 84.85 , 15.05 , 161.06 , 32.04 , 49.34 , 47.76 , 362.73 , 85.63 , 146.32 , 773.43 , 119.75 , 262.38 , 424.68 , 451.44 , 83.22 , 485.01 , 255.85 , 208.08 , 257.59 , 79.89 
12/14/23, 242.86 , 33.84 , 233.77 , 62.78 , 71.50 , 98.31 , 83.33 , 91.91 , 37.90 , 62.57 , 29.70 , 35.56 , 17.69 , 13.76 , 68.61 , 86.28 , 14.86 , 163.99 , 33.94 , 50.24 , 50.51 , 383.47 , 91.04 , 153.31 , 807.13 , 128.47 , 258.73 , 418.56 , 445.27 , 81.86 , 463.66 , 251.15 , 206.60 , 255.83 , 77.32 
12/15/23, 241.98 , 34.00 , 232.27 , 61.50 , 70.86 , 96.63 , 82.23 , 89.85 , 35.49 , 61.58 , 28.86 , 35.38 , 17.49 , 13.71 , 67.93 , 85.41 , 14.99 , 165.23 , 33.60 , 49.83 , 50.31 , 380.51 , 91.58 , 152.33 , 819.00 , 129.37 , 258.03 , 418.57 , 441.81 , 80.28 , 461.05 , 252.55 , 208.37 , 253.55 , 76.58 
12/18/23, 241.10 , 34.33 , 232.19 , 61.00 , 71.42 , 97.17 , 81.73 , 90.00 , 34.45 , 62.35 , 28.81 , 35.51 , 17.57 , 13.85 , 68.25 , 85.98 , 15.08 , 166.23 , 33.43 , 49.66 , 49.66 , 376.40 , 90.76 , 151.41 , 796.44 , 125.96 , 258.37 , 424.43 , 446.91 , 80.69 , 465.42 , 252.87 , 209.80 , 255.02 , 77.56 
12/19/23, 242.65 , 34.58 , 233.62 , 61.57 , 71.26 , 96.81 , 82.13 , 90.31 , 35.41 , 62.12 , 28.97 , 35.92 , 17.64 , 13.87 , 69.14 , 86.27 , 15.06 , 168.45 , 33.51 , 50.93 , 50.09 , 382.45 , 91.92 , 154.60 , 801.38 , 128.29 , 259.99 , 425.47 , 447.79 , 82.62 , 464.16 , 253.89 , 210.12 , 257.01 , 77.29 
12/20/23, 237.84 , 34.36 , 229.78 , 59.84 , 69.69 , 95.68 , 80.32 , 89.35 , 34.81 , 61.31 , 28.30 , 35.35 , 17.50 , 13.72 , 68.45 , 85.78 , 15.09 , 166.55 , 32.98 , 50.07 , 49.34 , 377.52 , 91.14 , 149.67 , 789.23 , 126.10 , 257.11 , 419.45 , 442.60 , 81.64 , 457.16 , 249.56 , 206.58 , 252.43 , 76.16 
12/21/23, 242.11 , 34.46 , 234.42 , 59.60 , 69.37 , 96.36 , 80.04 , 89.21 , 35.07 , 61.53 , 28.30 , 35.81 , 17.64 , 13.79 , 69.53 , 87.11 , 15.09 , 167.50 , 33.20 , 50.60 , 49.45 , 380.57 , 92.63 , 151.77 , 799.10 , 129.14 , 259.54 , 423.44 , 448.02 , 82.01 , 459.22 , 252.43 , 207.54 , 254.02 , 76.70 
12/22/23, 243.58 , 34.63 , 234.12 , 59.75 , 69.44 , 96.86 , 80.38 , 89.68 , 35.26 , 62.06 , 28.38 , 36.06 , 17.72 , 13.76 , 70.16 , 86.71 , 15.14 , 167.40 , 33.43 , 50.86 , 49.18 , 380.65 , 92.41 , 152.47 , 802.42 , 130.69 , 258.43 , 424.10 , 448.22 , 83.23 , 463.13 , 254.10 , 208.49 , 256.09 , 77.05 
12/26/23, 245.29 , 34.95 , 236.34 , 60.21 , 69.45 , 96.73 , 80.73 , 90.27 , 35.53 , 62.25 , 28.50 , 36.32 , 17.85 , 13.78 , 71.14 , 87.55 , 15.15 , 168.39 , 33.86 , 51.34 , 49.64 , 381.61 , 92.84 , 154.10 , 806.61 , 131.37 , 259.16 , 423.67 , 450.18 , 84.05 , 464.50 , 256.21 , 209.72 , 257.83 , 77.01 
12/27/23, 245.81 , 34.65 , 235.53 , 60.58 , 69.41 , 96.30 , 80.81 , 89.80 , 35.41 , 61.54 , 28.38 , 36.31 , 17.77 , 13.79 , 70.98 , 87.06 , 15.11 , 169.40 , 33.84 , 51.46 , 49.33 , 384.48 , 93.66 , 155.00 , 813.25 , 132.61 , 258.93 , 424.36 , 448.97 , 84.17 , 464.22 , 257.43 , 209.89 , 258.31 , 76.64 
12/28/23, 246.02 , 34.74 , 236.53 , 61.02 , 70.16 , 96.92 , 81.33 , 90.65 , 35.85 , 61.89 , 28.56 , 36.08 , 17.69 , 13.77 , 70.52 , 86.35 , 15.15 , 170.30 , 33.88 , 51.52 , 49.48 , 386.41 , 93.64 , 155.63 , 814.41 , 133.13 , 260.40 , 426.32 , 451.23 , 84.17 , 465.68 , 258.14 , 210.92 , 258.47 , 76.59 
12/29/23, 245.62 , 34.67 , 236.38 , 60.74 , 70.12 , 97.04 , 81.22 , 90.97 , 35.90 , 61.91 , 28.57 , 36.02 , 17.64 , 13.80 , 70.22 , 86.87 , 15.30 , 170.10 , 33.67 , 51.44 , 49.22 , 385.77 , 93.25 , 154.85 , 811.80 , 130.92 , 260.35 , 426.51 , 453.24 , 84.14 , 468.14 , 259.67 , 210.62 , 259.64 , 76.73 
1/2/24, 243.43 , 34.62 , 235.66 , 61.57 , 70.85 , 97.81 , 83.18 , 92.41 , 36.47 , 63.47 , 29.01 , 36.30 , 17.83 , 13.88 , 71.02 , 86.42 , 15.41 , 172.08 , 33.90 , 53.04 , 49.33 , 388.30 , 93.90 , 156.50 , 800.30 , 128.27 , 258.87 , 421.89 , 456.12 , 85.22 , 470.09 , 258.60 , 209.78 , 260.11 , 76.34 
1/3/24, 241.70 , 34.66 , 232.97 , 61.99 , 72.24 , 98.78 , 83.38 , 93.00 , 36.18 , 63.58 , 29.13 , 36.47 , 18.05 , 14.02 , 71.74 , 87.75 , 15.31 , 171.33 , 33.53 , 53.64 , 48.68 , 381.79 , 91.91 , 151.66 , 784.15 , 122.35 , 257.98 , 418.77 , 459.12 , 85.61 , 474.88 , 256.54 , 209.82 , 256.30 , 75.83 
1/4/24, 241.06 , 34.72 , 231.02 , 61.80 , 71.71 , 98.49 , 83.39 , 93.25 , 36.02 , 63.73 , 29.08 , 36.50 , 17.95 , 13.87 , 70.87 , 86.25 , 15.39 , 171.41 , 33.80 , 53.77 , 49.28 , 382.95 , 92.15 , 152.53 , 785.95 , 122.90 , 259.61 , 419.77 , 457.87 , 85.41 , 471.73 , 256.18 , 207.53 , 256.32 , 75.90 
1/5/24, 239.91 , 34.62 , 229.02 , 62.08 , 71.61 , 98.54 , 84.07 , 93.52 , 36.31 , 63.73 , 29.24 , 36.70 , 18.02 , 13.95 , 71.59 , 85.79 , 15.35 , 172.27 , 34.43 , 54.33 , 49.92 , 386.44 , 93.24 , 156.23 , 782.83 , 122.21 , 259.69 , 419.42 , 456.50 , 85.38 , 469.89 , 253.90 , 205.21 , 252.50 , 75.06 
1/8/24, 240.62 , 34.69 , 229.71 , 62.92 , 72.16 , 99.39 , 84.51 , 93.81 , 36.69 , 63.58 , 29.41 , 37.21 , 18.11 , 13.98 , 71.27 , 84.35 , 15.50 , 172.02 , 34.16 , 54.01 , 49.92 , 388.86 , 93.51 , 157.52 , 797.19 , 122.34 , 262.54 , 421.98 , 458.60 , 85.84 , 475.26 , 253.82 , 206.40 , 255.36 , 76.80 
1/9/24, 237.41 , 34.61 , 227.65 , 62.01 , 71.87 , 99.09 , 84.13 , 93.70 , 36.44 , 63.27 , 29.23 , 36.70 , 18.05 , 14.00 , 70.39 , 83.60 , 15.50 , 170.66 , 33.63 , 53.48 , 49.29 , 383.74 , 92.06 , 154.51 , 794.52 , 121.00 , 263.33 , 422.60 , 456.29 , 85.80 , 472.23 , 251.24 , 203.50 , 253.24 , 76.45 
1/10/24, 239.00 , 34.70 , 228.85 , 62.28 , 71.83 , 99.28 , 82.54 , 94.32 , 36.64 , 62.72 , 29.25 , 36.90 , 17.95 , 13.92 , 70.86 , 83.81 , 15.50 , 171.02 , 33.60 , 53.02 , 49.08 , 381.96 , 91.48 , 155.18 , 792.36 , 121.53 , 264.56 , 428.27 , 455.40 , 86.08 , 471.95 , 251.25 , 203.47 , 252.82 , 78.11 
1/11/24, 236.38 , 34.57 , 226.60 , 60.72 , 70.58 , 97.15 , 80.40 , 91.25 , 36.21 , 61.00 , 28.35 , 36.62 , 17.84 , 13.92 , 70.12 , 83.23 , 15.78 , 170.30 , 33.15 , 52.08 , 49.04 , 379.75 , 90.51 , 152.54 , 792.61 , 119.92 , 264.03 , 426.72 , 453.13 , 85.32 , 467.34 , 249.94 , 202.92 , 250.63 , 78.03 
1/12/24, 237.71 , 34.86 , 229.53 , 61.04 , 71.42 , 98.46 , 81.49 , 91.62 , 36.07 , 61.31 , 28.57 , 36.84 , 17.97 , 14.01 , 70.65 , 83.82 , 15.65 , 169.05 , 32.80 , 52.62 , 47.40 , 377.75 , 89.70 , 148.92 , 799.60 , 119.34 , 264.17 , 429.10 , 463.18 , 86.33 , 481.08 , 254.81 , 207.80 , 254.68 , 79.96 
1/16/24, 236.21 , 34.74 , 229.09 , 60.35 , 70.32 , 98.03 , 80.98 , 91.56 , 35.70 , 60.91 , 28.53 , 36.64 , 17.82 , 13.90 , 69.60 , 82.53 , 15.50 , 167.99 , 32.12 , 51.87 , 46.82 , 380.45 , 85.97 , 149.02 , 791.38 , 118.25 , 265.24 , 428.35 , 457.84 , 85.50 , 477.90 , 250.65 , 205.09 , 255.18 , 79.50 
1/17/24, 235.81 , 34.39 , 226.14 , 58.27 , 69.63 , 96.83 , 79.73 , 90.55 , 35.59 , 60.09 , 28.05 , 36.09 , 17.56 , 13.77 , 69.06 , 81.49 , 15.57 , 167.09 , 31.80 , 51.36 , 46.67 , 377.18 , 84.41 , 148.82 , 787.43 , 116.98 , 266.63 , 427.42 , 456.47 , 85.05 , 473.88 , 249.97 , 204.54 , 254.81 , 79.23 
1/18/24, 237.99 , 34.45 , 234.26 , 57.65 , 68.77 , 95.86 , 78.20 , 89.40 , 35.30 , 59.65 , 27.77 , 35.79 , 17.31 , 13.72 , 71.25 , 82.59 , 15.62 , 167.42 , 31.73 , 51.11 , 46.44 , 376.91 , 83.90 , 146.29 , 795.26 , 117.09 , 268.14 , 430.72 , 459.57 , 85.47 , 474.63 , 250.95 , 205.73 , 260.19 , 79.38 
1/19/24, 239.27 , 34.55 , 234.05 , 57.26 , 68.95 , 95.56 , 77.70 , 89.86 , 35.04 , 59.48 , 27.77 , 35.98 , 17.20 , 13.79 , 70.04 , 82.49 , 15.91 , 170.31 , 32.22 , 51.52 , 48.12 , 382.20 , 85.34 , 150.79 , 805.44 , 119.08 , 270.90 , 436.78 , 457.76 , 85.53 , 470.48 , 249.34 , 204.82 , 256.23 , 79.52 
1/22/24, 243.11 , 34.75 , 240.14 , 56.85 , 68.82 , 95.06 , 77.26 , 89.20 , 34.86 , 58.93 , 27.47 , 35.80 , 17.16 , 13.88 , 69.38 , 83.81 , 15.67 , 170.11 , 32.55 , 52.84 , 48.53 , 385.96 , 85.73 , 149.43 , 794.02 , 120.97 , 271.20 , 439.75 , 458.76 , 85.02 , 466.62 , 249.76 , 206.82 , 256.77 , 80.29 
1/23/24, 243.33 , 34.89 , 241.56 , 57.38 , 68.83 , 95.61 , 78.11 , 89.12 , 34.75 , 59.19 , 27.50 , 35.83 , 17.08 , 13.94 , 68.98 , 83.23 , 15.74 , 168.99 , 32.77 , 53.30 , 49.12 , 380.77 , 86.74 , 149.91 , 792.56 , 118.98 , 271.26 , 438.76 , 439.67 , 89.55 , 467.92 , 249.37 , 206.09 , 255.81 , 81.09 
1/24/24, 242.33 , 34.39 , 237.07 , 57.01 , 68.20 , 94.54 , 76.99 , 88.32 , 34.08 , 58.22 , 27.14 , 35.50 , 16.89 , 14.07 , 68.86 , 83.98 , 16.04 , 170.50 , 32.98 , 53.26 , 49.49 , 379.40 , 87.57 , 150.23 , 785.75 , 120.63 , 271.65 , 438.70 , 431.65 , 89.49 , 463.92 , 261.18 , 204.25 , 253.64 , 80.78 
1/25/24, 241.57 , 35.00 , 237.85 , 57.98 , 69.24 , 95.73 , 78.09 , 89.67 , 34.90 , 58.89 , 27.52 , 35.69 , 17.33 , 14.28 , 70.29 , 85.99 , 16.30 , 172.94 , 33.39 , 53.73 , 49.88 , 382.70 , 88.02 , 151.25 , 790.46 , 123.49 , 272.61 , 436.80 , 431.04 , 90.94 , 434.55 , 265.86 , 204.64 , 254.40 , 81.43 
1/26/24, 240.39 , 35.39 , 234.26 , 58.48 , 69.11 , 95.87 , 77.84 , 90.02 , 35.01 , 59.39 , 27.57 , 35.91 , 17.44 , 14.46 , 70.44 , 86.81 , 16.20 , 172.28 , 33.43 , 53.67 , 50.32 , 377.79 , 87.73 , 151.60 , 787.30 , 124.57 , 267.94 , 438.53 , 429.91 , 90.41 , 437.96 , 265.07 , 209.21 , 255.65 , 81.92 
1/29/24, 245.17 , 35.59 , 238.41 , 59.57 , 69.19 , 95.77 , 78.38 , 90.59 , 35.29 , 59.66 , 27.91 , 35.95 , 17.37 , 14.53 , 69.65 , 86.48 , 15.80 , 172.73 , 33.61 , 54.11 , 50.35 , 380.56 , 87.62 , 153.48 , 788.70 , 127.83 , 273.66 , 440.58 , 428.01 , 90.08 , 438.31 , 264.78 , 210.25 , 258.59 , 82.48 
1/30/24, 246.70 , 35.85 , 236.85 , 59.28 , 69.25 , 95.53 , 78.44 , 90.68 , 35.05 , 59.76 , 27.97 , 35.98 , 17.21 , 14.56 , 69.83 , 87.04 , 15.44 , 176.27 , 34.79 , 57.09 , 51.19 , 386.87 , 87.62 , 154.25 , 781.73 , 127.20 , 277.15 , 445.19 , 431.68 , 90.60 , 443.50 , 268.67 , 210.72 , 260.32 , 82.88 
1/31/24, 243.93 , 35.70 , 235.24 , 58.63 , 69.52 , 95.83 , 78.14 , 90.90 , 34.81 , 59.87 , 27.94 , 35.50 , 16.92 , 14.30 , 68.25 , 84.96 , 15.49 , 174.36 , 34.01 , 56.17 , 50.18 , 384.01 , 87.24 , 151.21 , 774.31 , 124.45 , 273.26 , 449.23 , 429.41 , 91.12 , 446.76 , 264.99 , 208.42 , 258.92 , 81.48 
2/1/24, 249.27 , 36.28 , 255.23 , 59.75 , 70.50 , 97.79 , 79.69 , 92.78 , 35.02 , 61.14 , 28.38 , 35.86 , 17.03 , 14.37 , 68.48 , 86.04 , 15.27 , 173.73 , 33.55 , 56.06 , 48.73 , 383.85 , 86.82 , 145.44 , 784.93 , 124.30 , 277.05 , 460.92 , 429.77 , 92.17 , 446.22 , 266.87 , 209.48 , 267.81 , 83.51 
2/2/24, 248.33 , 36.53 , 251.08 , 58.15 , 68.65 , 96.22 , 78.63 , 91.10 , 34.35 , 59.82 , 27.95 , 35.30 , 16.96 , 14.33 , 68.29 , 85.98 , 15.30 , 174.73 , 33.47 , 55.54 , 49.16 , 387.86 , 87.27 , 148.13 , 788.00 , 124.36 , 277.18 , 460.58 , 425.97 , 91.98 , 446.58 , 265.27 , 207.00 , 268.50 , 83.21 
2/5/24, 246.64 , 36.73 , 248.48 , 55.97 , 67.18 , 95.25 , 76.80 , 89.67 , 33.62 , 58.52 , 27.53 , 34.58 , 16.67 , 14.31 , 68.09 , 85.57 , 15.17 , 174.50 , 32.99 , 54.50 , 48.70 , 383.02 , 85.89 , 145.83 , 783.17 , 121.25 , 275.58 , 456.76 , 421.70 , 92.24 , 442.28 , 265.52 , 207.14 , 265.93 , 82.82 
2/6/24, 249.87 , 37.02 , 251.86 , 56.23 , 67.40 , 95.06 , 77.23 , 89.77 , 33.91 , 58.44 , 27.61 , 34.66 , 16.69 , 13.97 , 67.94 , 86.22 , 15.35 , 175.10 , 33.04 , 54.35 , 48.29 , 384.99 , 86.10 , 149.29 , 787.98 , 123.56 , 276.76 , 460.50 , 426.95 , 92.28 , 448.17 , 267.69 , 207.71 , 266.22 , 83.01 
2/7/24, 249.16 , 36.99 , 250.55 , 56.38 , 66.95 , 95.50 , 77.33 , 89.47 , 34.10 , 58.37 , 27.57 , 34.42 , 16.65 , 13.90 , 68.54 , 87.05 , 15.35 , 175.43 , 33.18 , 54.54 , 48.48 , 386.66 , 86.00 , 148.17 , 794.70 , 126.09 , 279.39 , 461.91 , 430.10 , 91.93 , 453.90 , 269.09 , 209.56 , 274.74 , 83.95 
2/8/24, 248.82 , 37.07 , 254.05 , 56.29 , 66.94 , 92.65 , 75.94 , 88.67 , 33.75 , 58.00 , 27.43 , 34.35 , 16.63 , 13.91 , 68.97 , 87.90 , 15.40 , 174.80 , 33.12 , 54.29 , 48.35 , 385.04 , 85.65 , 147.93 , 793.20 , 127.84 , 275.78 , 458.26 , 427.00 , 91.04 , 451.22 , 269.00 , 209.30 , 272.13 , 83.84 
2/9/24, 249.45 , 36.89 , 254.83 , 56.58 , 66.91 , 91.69 , 76.66 , 89.06 , 33.84 , 58.17 , 27.53 , 34.23 , 16.61 , 13.94 , 69.04 , 87.09 , 15.77 , 175.01 , 33.07 , 53.99 , 48.06 , 384.26 , 85.89 , 147.77 , 797.21 , 127.68 , 276.43 , 457.88 , 426.50 , 90.51 , 454.92 , 270.14 , 209.84 , 273.90 , 85.19 
2/12/24, 247.40 , 36.87 , 253.92 , 57.55 , 68.31 , 92.65 , 77.59 , 89.45 , 34.38 , 58.97 , 27.75 , 34.89 , 16.78 , 14.09 , 70.23 , 88.51 , 15.63 , 175.79 , 33.62 , 53.92 , 48.92 , 392.64 , 86.87 , 149.14 , 801.76 , 130.08 , 275.07 , 458.71 , 428.07 , 91.14 , 451.47 , 269.44 , 211.26 , 275.74 , 84.96 
2/13/24, 245.61 , 36.61 , 250.27 , 55.25 , 67.51 , 91.61 , 78.78 , 86.67 , 34.19 , 58.28 , 27.44 , 34.19 , 16.57 , 13.96 , 69.48 , 88.44 , 15.64 , 174.26 , 32.75 , 52.76 , 48.24 , 378.75 , 83.97 , 145.26 , 778.07 , 124.95 , 275.81 , 460.46 , 426.52 , 90.59 , 446.17 , 267.22 , 207.98 , 275.11 , 84.24 
2/14/24, 250.11 , 37.00 , 252.26 , 56.01 , 67.81 , 91.34 , 78.80 , 86.84 , 34.12 , 58.68 , 27.35 , 33.33 , 16.57 , 14.11 , 69.11 , 88.34 , 15.86 , 176.03 , 33.13 , 53.98 , 48.53 , 378.04 , 84.00 , 147.87 , 785.40 , 127.95 , 277.56 , 465.19 , 418.19 , 91.39 , 446.37 , 269.10 , 210.18 , 280.31 , 86.78 
2/15/24, 250.55 , 37.00 , 254.34 , 57.27 , 66.83 , 92.36 , 81.36 , 88.22 , 34.86 , 59.01 , 27.87 , 34.01 , 16.97 , 14.42 , 71.06 , 93.27 , 16.13 , 179.87 , 34.07 , 55.21 , 52.04 , 385.42 , 85.67 , 149.63 , 798.05 , 130.25 , 280.98 , 471.28 , 423.12 , 91.79 , 450.00 , 270.00 , 211.28 , 284.99 , 87.19 
2/16/24, 246.59 , 36.72 , 252.04 , 57.03 , 66.48 , 91.88 , 81.35 , 87.32 , 34.91 , 59.07 , 27.88 , 34.42 , 17.11 , 14.55 , 71.99 , 96.94 , 16.23 , 179.03 , 34.09 , 54.85 , 51.91 , 384.44 , 86.50 , 148.85 , 794.00 , 127.89 , 278.56 , 468.13 , 424.07 , 91.01 , 450.96 , 269.44 , 211.98 , 285.09 , 87.71 
2/20/24, 247.14 , 36.86 , 253.79 , 56.61 , 67.04 , 91.94 , 80.88 , 87.58 , 34.73 , 59.19 , 27.79 , 34.44 , 17.06 , 14.64 , 71.69 , 96.36 , 16.52 , 179.73 , 33.96 , 55.42 , 51.77 , 384.52 , 85.35 , 146.70 , 798.11 , 126.33 , 275.15 , 451.75 , 424.27 , 90.98 , 453.91 , 268.93 , 211.83 , 284.80 , 87.70 
2/21/24, 251.32 , 37.10 , 257.62 , 57.10 , 67.73 , 92.99 , 82.56 , 88.61 , 36.21 , 59.81 , 28.28 , 34.80 , 17.42 , 14.85 , 73.33 , 97.47 , 16.50 , 180.90 , 33.70 , 55.33 , 52.66 , 388.27 , 85.46 , 146.57 , 805.45 , 126.19 , 276.76 , 459.05 , 427.55 , 90.21 , 460.00 , 271.90 , 213.80 , 288.13 , 88.47 
2/22/24, 254.51 , 37.89 , 256.19 , 56.67 , 67.28 , 92.13 , 82.00 , 87.91 , 36.03 , 59.33 , 27.87 , 34.90 , 17.26 , 14.79 , 73.72 , 98.36 , 16.36 , 183.07 , 33.61 , 55.90 , 53.37 , 390.47 , 85.85 , 145.39 , 813.44 , 127.29 , 283.75 , 471.56 , 428.89 , 89.53 , 457.05 , 272.33 , 213.42 , 287.29 , 90.09 
2/23/24, 256.91 , 38.33 , 258.01 , 56.78 , 67.69 , 92.73 , 82.45 , 87.93 , 36.13 , 59.33 , 27.91 , 34.80 , 17.25 , 14.89 , 72.97 , 97.03 , 16.19 , 183.99 , 33.92 , 55.93 , 53.86 , 391.05 , 86.55 , 146.12 , 813.59 , 125.11 , 283.60 , 473.42 , 431.12 , 90.01 , 461.10 , 273.75 , 214.45 , 288.14 , 89.83 
2/26/24, 252.64 , 38.18 , 254.55 , 55.15 , 66.25 , 90.65 , 80.77 , 86.21 , 35.63 , 58.05 , 27.30 , 34.39 , 17.13 , 14.69 , 72.91 , 97.56 , 16.36 , 183.36 , 33.61 , 55.36 , 54.13 , 390.22 , 85.67 , 144.85 , 806.03 , 125.28 , 284.15 , 474.51 , 429.18 , 90.02 , 459.34 , 273.02 , 211.74 , 288.33 , 89.89 
2/27/24, 253.29 , 37.96 , 252.48 , 55.56 , 66.46 , 90.85 , 84.07 , 86.88 , 36.21 , 58.28 , 27.65 , 34.49 , 17.17 , 14.69 , 74.37 , 97.08 , 16.35 , 183.45 , 34.28 , 55.71 , 54.81 , 390.81 , 85.49 , 145.95 , 800.54 , 126.75 , 283.17 , 474.75 , 430.43 , 90.42 , 458.36 , 273.70 , 211.74 , 289.49 , 89.28 
2/28/24, 253.99 , 37.68 , 253.55 , 55.04 , 66.81 , 90.74 , 83.32 , 86.65 , 35.80 , 57.67 , 27.48 , 34.38 , 17.15 , 14.53 , 74.37 , 97.40 , 16.42 , 184.38 , 34.31 , 55.05 , 54.72 , 393.18 , 86.05 , 145.69 , 809.66 , 126.32 , 285.63 , 478.85 , 432.48 , 89.92 , 458.95 , 274.31 , 213.19 , 291.85 , 100.77 
2/29/24, 253.69 , 37.94 , 253.38 , 55.19 , 67.25 , 91.83 , 85.19 , 87.21 , 35.84 , 52.69 , 27.50 , 34.42 , 17.39 , 14.64 , 75.12 , 98.24 , 16.59 , 186.06 , 34.52 , 55.49 , 55.59 , 389.05 , 86.04 , 147.20 , 811.34 , 127.82 , 282.64 , 474.76 , 428.24 , 89.67 , 461.02 , 273.25 , 211.66 , 291.62 , 100.83 
3/1/24, 252.98 , 38.23 , 257.49 , 55.21 , 66.86 , 90.86 , 84.99 , 87.01 , 35.49 , 49.57 , 27.44 , 34.80 , 17.46 , 14.98 , 75.13 , 99.34 , 16.61 , 185.29 , 34.35 , 55.60 , 55.06 , 388.10 , 86.48 , 147.81 , 814.83 , 128.09 , 283.16 , 476.63 , 426.46 , 89.80 , 454.90 , 271.95 , 209.81 , 292.46 , 102.38 
3/4/24, 253.47 , 38.38 , 259.17 , 54.97 , 68.20 , 92.42 , 84.95 , 89.13 , 36.20 , 51.06 , 27.94 , 34.72 , 17.57 , 14.90 , 76.56 , 100.99 , 16.65 , 186.68 , 35.15 , 56.14 , 55.81 , 392.25 , 90.04 , 153.74 , 834.47 , 126.60 , 280.53 , 468.49 , 431.94 , 89.91 , 460.08 , 274.71 , 215.96 , 296.43 , 104.38 
3/5/24, 253.70 , 38.25 , 257.35 , 55.40 , 67.98 , 92.69 , 84.05 , 88.99 , 36.27 , 48.65 , 27.89 , 34.78 , 17.72 , 15.02 , 77.52 , 102.52 , 16.79 , 188.55 , 35.39 , 56.26 , 56.60 , 390.91 , 89.13 , 155.12 , 826.94 , 124.82 , 279.38 , 467.52 , 431.98 , 90.06 , 458.26 , 273.60 , 213.83 , 291.33 , 104.84 
3/6/24, 251.00 , 38.09 , 254.39 , 55.53 , 68.58 , 94.07 , 83.92 , 89.85 , 36.67 , 48.44 , 28.30 , 35.05 , 17.82 , 15.15 , 77.59 , 104.29 , 16.83 , 189.53 , 35.42 , 57.29 , 57.11 , 389.57 , 85.66 , 150.38 , 830.40 , 123.30 , 280.43 , 471.60 , 433.48 , 90.26 , 461.07 , 273.70 , 215.60 , 293.99 , 105.60 
3/7/24, 249.04 , 37.92 , 255.36 , 56.25 , 69.25 , 94.48 , 84.10 , 89.94 , 36.83 , 50.04 , 28.31 , 35.70 , 17.87 , 15.19 , 77.44 , 104.73 , 16.72 , 187.87 , 35.63 , 57.72 , 57.00 , 388.43 , 86.14 , 150.44 , 831.70 , 124.80 , 278.26 , 467.54 , 429.99 , 90.55 , 456.40 , 273.03 , 213.02 , 291.85 , 105.55 
3/8/24, 250.96 , 38.19 , 259.54 , 57.81 , 69.01 , 94.94 , 83.84 , 90.12 , 36.96 , 51.02 , 28.33 , 35.84 , 17.83 , 15.03 , 77.16 , 103.83 , 16.63 , 188.22 , 35.60 , 57.51 , 57.07 , 386.99 , 87.04 , 150.33 , 836.12 , 125.99 , 280.04 , 469.26 , 432.90 , 90.88 , 459.50 , 272.31 , 214.60 , 293.32 , 103.19 
3/11/24, 249.87 , 38.04 , 258.26 , 57.87 , 69.78 , 95.84 , 83.73 , 90.80 , 37.19 , 52.91 , 28.52 , 36.02 , 17.97 , 15.01 , 77.29 , 104.60 , 16.75 , 188.29 , 35.89 , 57.41 , 57.09 , 386.16 , 86.94 , 152.84 , 825.16 , 124.57 , 280.56 , 469.16 , 434.75 , 91.40 , 459.25 , 273.27 , 214.61 , 288.53 , 101.86 
3/12/24, 251.18 , 37.82 , 260.80 , 57.15 , 69.35 , 95.01 , 83.39 , 89.93 , 37.01 , 51.90 , 28.13 , 36.09 , 17.94 , 15.01 , 77.65 , 105.55 , 16.86 , 189.84 , 35.96 , 57.45 , 57.61 , 388.18 , 87.05 , 150.98 , 829.59 , 123.68 , 283.92 , 472.87 , 434.91 , 89.95 , 458.84 , 274.65 , 213.60 , 290.16 , 101.29 
3/13/24, 249.25 , 37.78 , 263.13 , 59.54 , 69.94 , 95.50 , 83.00 , 89.57 , 36.99 , 51.50 , 28.00 , 36.14 , 17.89 , 15.10 , 77.12 , 106.42 , 16.58 , 191.38 , 36.08 , 57.76 , 57.82 , 392.31 , 89.35 , 152.72 , 825.99 , 126.10 , 285.14 , 475.61 , 434.60 , 90.56 , 458.23 , 275.36 , 215.72 , 289.90 , 101.24 
3/14/24, 246.06 , 37.03 , 258.48 , 59.54 , 69.38 , 95.05 , 81.86 , 88.67 , 36.57 , 51.88 , 27.89 , 35.67 , 17.56 , 15.04 , 77.11 , 105.64 , 16.89 , 187.97 , 35.69 , 57.09 , 57.37 , 388.61 , 89.10 , 148.49 , 808.80 , 124.80 , 286.41 , 479.48 , 435.77 , 91.76 , 460.86 , 275.40 , 213.36 , 286.87 , 99.35 
3/15/24, 244.13 , 36.97 , 255.83 , 60.08 , 69.09 , 94.71 , 82.11 , 88.94 , 36.48 , 51.99 , 27.87 , 35.52 , 17.60 , 15.34 , 77.00 , 105.97 , 17.07 , 190.30 , 35.41 , 57.61 , 57.51 , 387.21 , 88.38 , 148.78 , 802.52 , 124.97 , 283.04 , 475.83 , 435.82 , 92.93 , 461.75 , 275.21 , 212.86 , 289.02 , 99.45 
3/18/24, 244.36 , 37.31 , 256.22 , 60.17 , 69.42 , 94.94 , 82.16 , 88.99 , 36.60 , 52.04 , 27.94 , 35.52 , 17.64 , 15.56 , 77.79 , 107.36 , 17.17 , 192.66 , 36.01 , 58.63 , 57.77 , 384.37 , 87.96 , 149.60 , 800.25 , 123.43 , 285.05 , 478.89 , 433.20 , 93.46 , 462.39 , 277.60 , 210.93 , 290.59 , 99.81 
3/19/24, 242.71 , 36.98 , 256.60 , 61.27 , 70.21 , 95.14 , 83.32 , 89.71 , 36.81 , 52.43 , 28.18 , 35.75 , 17.93 , 15.68 , 78.39 , 109.11 , 17.28 , 193.79 , 36.03 , 58.86 , 57.01 , 388.66 , 88.42 , 150.11 , 802.30 , 123.98 , 287.35 , 484.00 , 437.19 , 94.86 , 467.48 , 279.70 , 211.42 , 290.69 , 101.09 
3/20/24, 246.31 , 37.61 , 261.23 , 62.20 , 70.23 , 95.41 , 82.85 , 89.04 , 36.56 , 52.58 , 28.10 , 36.09 , 18.03 , 15.66 , 78.93 , 109.08 , 17.37 , 196.33 , 36.75 , 60.13 , 57.30 , 396.47 , 91.35 , 153.81 , 817.89 , 127.76 , 289.28 , 488.04 , 440.41 , 94.85 , 470.75 , 282.55 , 212.25 , 292.20 , 100.59 
3/21/24, 248.11 , 37.87 , 257.79 , 61.36 , 69.90 , 94.96 , 83.10 , 88.65 , 37.03 , 52.30 , 27.99 , 35.79 , 18.11 , 15.59 , 79.47 , 111.01 , 17.11 , 199.06 , 37.51 , 61.33 , 57.85 , 413.71 , 93.40 , 157.81 , 842.06 , 131.66 , 290.37 , 488.64 , 443.16 , 94.26 , 467.49 , 281.34 , 213.15 , 293.93 , 101.75 
3/22/24, 244.97 , 37.35 , 254.12 , 61.78 , 69.80 , 94.61 , 82.95 , 88.60 , 36.70 , 52.27 , 27.83 , 35.45 , 18.06 , 15.56 , 79.03 , 110.90 , 17.16 , 196.62 , 37.05 , 60.82 , 57.13 , 406.82 , 91.95 , 155.51 , 824.83 , 127.86 , 283.26 , 481.67 , 445.88 , 95.54 , 468.75 , 281.16 , 211.94 , 292.55 , 102.54 
3/25/24, 243.85 , 36.84 , 248.03 , 62.61 , 69.76 , 94.84 , 82.87 , 88.50 , 36.85 , 52.48 , 27.60 , 35.94 , 17.97 , 15.56 , 79.32 , 111.61 , 17.07 , 194.82 , 36.86 , 60.95 , 56.73 , 404.94 , 91.14 , 155.04 , 816.21 , 128.84 , 281.21 , 476.04 , 446.31 , 95.63 , 469.32 , 278.98 , 211.69 , 290.80 , 101.47 
3/26/24, 240.69 , 36.13 , 247.22 , 61.43 , 69.27 , 93.67 , 82.48 , 87.45 , 36.56 , 51.80 , 27.23 , 35.65 , 17.91 , 15.49 , 78.67 , 110.65 , 17.31 , 195.73 , 37.09 , 61.66 , 56.68 , 406.18 , 91.28 , 155.03 , 820.20 , 127.88 , 280.60 , 476.80 , 445.99 , 96.06 , 469.91 , 278.35 , 211.13 , 289.87 , 100.26 
3/27/24, 244.63 , 36.84 , 251.72 , 63.79 , 71.05 , 96.09 , 84.80 , 90.05 , 37.31 , 53.38 , 28.29 , 35.99 , 18.15 , 15.54 , 79.60 , 111.05 , 17.56 , 199.52 , 37.81 , 62.75 , 57.61 , 415.25 , 93.50 , 159.97 , 835.12 , 130.89 , 279.02 , 477.95 , 456.78 , 97.45 , 477.36 , 281.90 , 212.50 , 289.75 , 101.93 
3/28/24, 245.93 , 37.07 , 254.87 , 63.91 , 71.74 , 96.71 , 86.10 , 90.81 , 37.57 , 53.75 , 28.49 , 36.18 , 18.34 , 15.73 , 80.17 , 111.99 , 17.70 , 200.30 , 37.92 , 63.24 , 57.96 , 417.69 , 94.16 , 161.60 , 833.70 , 131.37 , 279.08 , 481.57 , 454.87 , 97.53 , 478.66 , 282.49 , 213.10 , 291.47 , 102.62 
4/1/24, 243.30 , 36.78 , 252.00 , 63.38 , 71.10 , 96.07 , 84.56 , 90.33 , 37.23 , 53.28 , 28.42 , 35.83 , 18.41 , 15.69 , 79.71 , 112.23 , 17.81 , 198.94 , 37.52 , 63.46 , 57.61 , 413.51 , 93.53 , 159.94 , 826.77 , 131.03 , 278.28 , 478.40 , 452.79 , 97.76 , 471.35 , 291.55 , 208.56 , 287.60 , 101.90 
4/2/24, 242.53 , 36.51 , 250.76 , 62.88 , 71.34 , 96.54 , 85.21 , 90.60 , 37.58 , 54.08 , 28.44 , 35.85 , 18.42 , 15.78 , 80.00 , 113.29 , 18.16 , 198.86 , 37.30 , 62.84 , 57.35 , 410.15 , 92.71 , 157.54 , 816.59 , 126.31 , 278.44 , 479.43 , 453.24 , 98.55 , 466.36 , 290.54 , 205.20 , 287.47 , 101.56 
4/3/24, 241.55 , 36.42 , 251.83 , 62.55 , 70.98 , 95.97 , 84.33 , 89.89 , 37.21 , 54.09 , 28.15 , 35.79 , 18.55 , 16.00 , 80.15 , 116.00 , 18.29 , 198.30 , 37.44 , 61.69 , 57.13 , 414.00 , 93.00 , 157.14 , 814.80 , 126.57 , 276.96 , 477.42 , 447.90 , 97.55 , 457.01 , 291.69 , 204.27 , 286.39 , 100.68 
4/4/24, 240.69 , 36.12 , 248.51 , 63.73 , 70.05 , 96.12 , 83.96 , 90.19 , 37.22 , 53.77 , 28.10 , 35.64 , 18.43 , 15.81 , 79.22 , 114.36 , 18.56 , 195.65 , 36.92 , 60.91 , 56.68 , 406.25 , 92.28 , 156.88 , 792.09 , 126.01 , 274.00 , 469.77 , 454.04 , 99.31 , 459.48 , 293.22 , 209.59 , 286.21 , 101.14 
4/5/24, 242.01 , 36.30 , 250.03 , 64.18 , 69.91 , 95.91 , 83.95 , 89.65 , 37.34 , 53.53 , 28.05 , 35.35 , 18.46 , 15.84 , 79.65 , 115.97 , 18.88 , 197.45 , 37.11 , 61.60 , 57.40 , 408.07 , 92.47 , 157.37 , 797.56 , 127.58 , 277.14 , 477.15 , 455.38 , 101.69 , 454.50 , 295.18 , 208.96 , 286.08 , 100.47 
4/8/24, 240.29 , 36.05 , 250.26 , 64.86 , 70.06 , 96.31 , 84.27 , 90.60 , 37.78 , 54.08 , 28.22 , 35.24 , 18.36 , 15.82 , 79.98 , 115.97 , 18.53 , 198.48 , 37.50 , 61.73 , 57.79 , 410.54 , 93.21 , 160.96 , 803.32 , 129.32 , 277.76 , 478.85 , 452.38 , 101.88 , 456.36 , 293.13 , 208.50 , 285.68 , 99.71 
4/9/24, 240.79 , 35.95 , 253.39 , 65.38 , 70.59 , 97.32 , 85.08 , 91.13 , 37.87 , 54.37 , 28.28 , 35.32 , 18.48 , 15.72 , 79.87 , 114.41 , 18.13 , 197.15 , 37.73 , 61.66 , 57.58 , 410.71 , 94.08 , 161.40 , 803.90 , 132.00 , 276.72 , 472.16 , 447.57 , 101.60 , 454.66 , 288.84 , 206.15 , 275.50 , 97.03 
4/10/24, 236.85 , 35.41 , 249.65 , 64.01 , 69.77 , 95.41 , 83.29 , 88.89 , 36.91 , 53.75 , 27.37 , 34.54 , 18.27 , 15.78 , 79.06 , 114.68 , 17.98 , 195.47 , 36.65 , 60.18 , 56.94 , 400.76 , 91.65 , 155.03 , 783.65 , 126.08 , 274.48 , 469.17 , 451.71 , 101.36 , 457.91 , 290.04 , 205.49 , 275.15 , 96.50 
4/11/24, 236.16 , 35.43 , 249.73 , 63.94 , 69.58 , 95.29 , 82.91 , 88.55 , 36.80 , 53.49 , 27.58 , 34.55 , 18.35 , 15.68 , 79.34 , 115.33 , 17.75 , 195.43 , 36.35 , 60.71 , 56.69 , 397.48 , 86.84 , 154.08 , 785.96 , 126.87 , 275.68 , 468.31 , 452.32 , 100.78 , 457.83 , 287.50 , 202.39 , 276.31 , 95.97 
4/12/24, 234.40 , 35.34 , 245.74 , 63.08 , 68.73 , 94.90 , 82.10 , 88.63 , 36.48 , 53.17 , 27.46 , 34.18 , 18.13 , 15.42 , 78.70 , 114.69 , 17.51 , 182.79 , 35.79 , 59.68 , 56.47 , 389.49 , 86.19 , 150.63 , 763.40 , 123.47 , 275.96 , 465.38 , 450.40 , 100.10 , 456.11 , 287.87 , 202.62 , 275.72 , 94.56 
4/15/24, 233.94 , 35.14 , 245.57 , 62.75 , 68.39 , 94.13 , 80.91 , 89.32 , 36.27 , 53.17 , 27.40 , 33.75 , 17.97 , 15.23 , 77.85 , 114.34 , 17.26 , 182.89 , 35.95 , 58.56 , 56.97 , 400.88 , 86.99 , 149.56 , 762.99 , 121.17 , 271.28 , 459.79 , 453.08 , 100.02 , 451.29 , 284.75 , 203.22 , 275.00 , 93.85 
4/16/24, 231.26 , 34.84 , 242.91 , 61.70 , 67.77 , 92.87 , 79.51 , 87.42 , 35.75 , 52.53 , 27.22 , 32.97 , 17.69 , 15.10 , 77.08 , 114.07 , 17.36 , 180.80 , 34.68 , 57.02 , 56.41 , 396.86 , 89.14 , 146.54 , 749.67 , 121.88 , 271.35 , 459.82 , 454.31 , 100.84 , 450.35 , 285.30 , 200.34 , 274.00 , 93.63 
4/17/24, 229.23 , 34.16 , 239.34 , 63.79 , 69.80 , 94.50 , 81.24 , 90.33 , 36.42 , 53.19 , 27.70 , 33.33 , 17.76 , 15.23 , 77.68 , 112.23 , 17.69 , 180.08 , 35.23 , 58.17 , 57.18 , 403.91 , 90.08 , 147.25 , 753.79 , 123.19 , 272.69 , 460.16 , 456.05 , 100.75 , 452.05 , 284.46 , 201.40 , 271.22 , 92.91 
4/18/24, 229.81 , 34.39 , 240.27 , 64.01 , 70.57 , 95.93 , 82.56 , 90.90 , 36.68 , 53.76 , 27.95 , 33.90 , 18.21 , 15.53 , 77.88 , 111.78 , 17.94 , 181.25 , 35.77 , 58.32 , 58.74 , 403.11 , 90.26 , 147.89 , 747.30 , 120.32 , 271.37 , 454.70 , 456.09 , 100.71 , 452.50 , 285.27 , 202.08 , 268.84 , 93.48 
4/19/24, 232.08 , 34.34 , 241.28 , 64.30 , 72.15 , 98.24 , 84.20 , 91.77 , 37.55 , 54.72 , 28.53 , 34.86 , 18.84 , 15.77 , 79.63 , 112.92 , 17.90 , 185.80 , 36.97 , 59.14 , 60.35 , 404.00 , 90.66 , 152.30 , 749.98 , 118.40 , 269.78 , 455.39 , 463.87 , 101.56 , 462.58 , 288.62 , 205.45 , 271.66 , 91.60 
4/22/24, 234.47 , 34.62 , 244.61 , 65.31 , 72.98 , 98.12 , 84.90 , 92.73 , 37.67 , 54.96 , 28.78 , 35.35 , 18.82 , 15.83 , 79.91 , 113.81 , 18.05 , 189.41 , 37.73 , 60.95 , 61.10 , 417.35 , 92.09 , 155.93 , 760.11 , 122.09 , 272.33 , 456.75 , 461.33 , 101.56 , 470.98 , 291.31 , 208.14 , 274.49 , 92.31 
4/23/24, 236.29 , 34.72 , 245.03 , 66.20 , 73.25 , 98.20 , 85.56 , 92.84 , 37.56 , 55.27 , 28.73 , 35.42 , 18.76 , 15.90 , 80.35 , 116.01 , 18.25 , 192.14 , 38.37 , 62.67 , 60.94 , 424.00 , 93.76 , 157.61 , 766.62 , 124.31 , 274.11 , 462.82 , 460.08 , 101.38 , 474.68 , 292.72 , 207.68 , 274.47 , 93.70 
4/24/24, 231.98 , 33.67 , 236.22 , 66.56 , 73.91 , 98.96 , 86.37 , 93.43 , 37.77 , 55.33 , 29.07 , 35.66 , 18.81 , 15.87 , 80.95 , 116.90 , 18.07 , 193.08 , 38.32 , 62.47 , 60.60 , 423.04 , 93.85 , 158.06 , 762.80 , 123.78 , 275.02 , 462.50 , 459.14 , 101.02 , 474.57 , 281.11 , 207.71 , 275.84 , 94.15 
4/25/24, 243.55 , 34.03 , 240.83 , 66.90 , 74.37 , 99.03 , 86.86 , 94.11 , 37.66 , 55.01 , 29.34 , 36.26 , 18.80 , 15.94 , 81.38 , 117.68 , 17.87 , 193.37 , 37.91 , 61.79 , 59.93 , 420.05 , 92.56 , 156.30 , 757.65 , 123.36 , 275.16 , 462.11 , 464.78 , 101.71 , 488.06 , 284.90 , 207.36 , 275.98 , 94.69 
4/26/24, 242.79 , 33.99 , 239.94 , 65.99 , 73.21 , 97.71 , 85.26 , 92.93 , 37.32 , 53.96 , 28.85 , 35.82 , 18.68 , 15.96 , 81.06 , 116.86 , 18.03 , 193.49 , 37.83 , 62.66 , 59.91 , 427.57 , 92.83 , 156.11 , 762.88 , 122.49 , 274.52 , 462.42 , 461.29 , 101.41 , 480.45 , 284.41 , 214.54 , 276.97 , 95.99 
4/29/24, 240.95 , 33.95 , 241.44 , 67.42 , 74.39 , 98.73 , 86.67 , 93.97 , 37.72 , 54.48 , 29.22 , 35.96 , 18.60 , 15.98 , 81.42 , 117.20 , 17.23 , 193.28 , 37.55 , 62.26 , 59.80 , 430.81 , 92.11 , 155.78 , 761.28 , 120.62 , 271.84 , 457.10 , 467.55 , 102.44 , 486.22 , 287.79 , 217.06 , 278.55 , 96.99 
4/30/24, 237.16 , 33.22 , 230.32 , 66.97 , 73.50 , 98.26 , 86.03 , 94.40 , 37.58 , 53.73 , 29.14 , 35.54 , 18.28 , 15.73 , 79.12 , 114.06 , 16.93 , 191.74 , 37.01 , 61.33 , 59.32 , 426.71 , 90.84 , 153.26 , 754.64 , 116.61 , 268.61 , 451.20 , 464.93 , 101.52 , 485.03 , 287.09 , 214.05 , 276.93 , 95.77 
5/1/24, 234.96 , 33.20 , 230.58 , 68.61 , 74.52 , 99.78 , 88.15 , 94.80 , 37.84 , 53.78 , 29.32 , 35.59 , 18.23 , 15.48 , 76.92 , 112.41 , 17.23 , 191.86 , 36.95 , 61.35 , 59.52 , 426.95 , 91.54 , 153.98 , 751.58 , 117.49 , 267.32 , 442.07 , 461.73 , 101.22 , 486.37 , 286.53 , 211.75 , 277.06 , 95.73 
5/2/24, 237.69 , 33.57 , 233.80 , 68.85 , 75.33 , 99.31 , 88.25 , 95.25 , 37.89 , 53.79 , 29.40 , 36.42 , 18.46 , 15.78 , 76.95 , 112.99 , 17.49 , 191.66 , 36.88 , 61.54 , 59.83 , 432.57 , 92.65 , 155.68 , 757.00 , 118.99 , 267.61 , 441.10 , 463.20 , 101.89 , 475.00 , 287.36 , 211.34 , 245.19 , 95.54 
5/3/24, 240.36 , 33.85 , 235.55 , 70.14 , 75.85 , 100.26 , 88.60 , 95.56 , 37.41 , 54.25 , 29.45 , 36.34 , 18.57 , 15.89 , 77.23 , 112.31 , 17.61 , 190.51 , 37.25 , 61.52 , 59.94 , 438.18 , 93.64 , 156.22 , 763.91 , 117.99 , 268.49 , 443.58 , 461.91 , 101.40 , 469.09 , 288.14 , 212.24 , 246.23 , 97.34 
5/6/24, 239.21 , 33.68 , 230.47 , 71.25 , 75.47 , 100.42 , 88.81 , 96.13 , 37.55 , 54.36 , 29.32 , 36.67 , 18.61 , 16.06 , 78.07 , 112.80 , 17.49 , 192.00 , 37.69 , 62.81 , 60.19 , 443.67 , 94.79 , 156.43 , 774.64 , 121.21 , 272.67 , 449.37 , 462.78 , 101.91 , 468.86 , 291.38 , 214.75 , 246.59 , 98.88 
5/7/24, 242.38 , 33.96 , 232.32 , 71.95 , 76.95 , 102.26 , 89.87 , 97.50 , 37.91 , 55.02 , 29.60 , 36.83 , 18.77 , 16.13 , 78.37 , 112.83 , 17.66 , 191.75 , 37.84 , 62.00 , 60.26 , 443.80 , 95.79 , 156.15 , 780.92 , 121.50 , 276.46 , 453.06 , 466.68 , 103.23 , 473.75 , 293.37 , 215.91 , 248.57 , 87.04 
5/8/24, 245.90 , 34.22 , 232.14 , 72.85 , 77.63 , 102.38 , 90.58 , 97.57 , 37.82 , 54.93 , 29.46 , 37.23 , 18.81 , 16.25 , 79.14 , 112.45 , 17.78 , 195.65 , 37.71 , 62.75 , 61.23 , 446.95 , 95.64 , 157.21 , 778.33 , 119.80 , 277.19 , 454.77 , 466.16 , 103.94 , 471.61 , 292.74 , 215.81 , 246.92 , 88.07 
5/9/24, 246.61 , 34.50 , 226.33 , 74.58 , 78.25 , 103.02 , 90.95 , 98.12 , 38.33 , 55.24 , 29.79 , 37.36 , 19.01 , 16.23 , 80.03 , 113.59 , 17.64 , 197.50 , 38.28 , 63.32 , 61.28 , 455.56 , 98.11 , 157.12 , 789.13 , 123.03 , 278.54 , 455.49 , 468.39 , 105.74 , 473.43 , 295.97 , 219.49 , 250.97 , 88.94 
5/10/24, 247.40 , 34.38 , 230.29 , 73.79 , 78.14 , 102.67 , 91.61 , 97.70 , 37.67 , 55.46 , 29.70 , 37.80 , 19.08 , 15.94 , 80.07 , 113.20 , 17.35 , 198.77 , 38.45 , 63.53 , 61.89 , 454.73 , 98.28 , 157.58 , 796.67 , 124.04 , 280.74 , 456.98 , 468.88 , 106.32 , 474.80 , 296.44 , 219.60 , 252.03 , 89.90 
5/13/24, 245.68 , 34.52 , 230.98 , 74.58 , 78.70 , 102.89 , 91.52 , 97.64 , 38.13 , 55.83 , 29.66 , 37.83 , 19.15 , 15.82 , 80.60 , 112.91 , 17.45 , 198.73 , 38.21 , 63.40 , 61.26 , 453.56 , 98.56 , 158.05 , 790.33 , 122.13 , 279.39 , 457.76 , 470.56 , 105.80 , 476.65 , 293.53 , 220.58 , 253.93 , 88.69 
5/14/24, 244.94 , 33.93 , 229.94 , 75.42 , 78.71 , 102.31 , 90.79 , 96.64 , 38.40 , 55.56 , 29.68 , 36.99 , 19.41 , 15.87 , 81.68 , 114.43 , 17.31 , 201.51 , 38.49 , 63.59 , 61.89 , 458.47 , 99.38 , 159.40 , 802.96 , 125.97 , 277.74 , 454.20 , 467.18 , 105.70 , 474.07 , 294.06 , 221.13 , 251.51 , 89.21 
5/15/24, 246.54 , 33.84 , 231.36 , 77.05 , 79.29 , 103.35 , 91.97 , 96.91 , 38.73 , 55.79 , 29.76 , 36.99 , 19.54 , 15.89 , 81.61 , 115.58 , 17.01 , 202.11 , 38.91 , 64.24 , 62.34 , 466.09 , 100.52 , 161.34 , 815.70 , 131.31 , 281.50 , 458.00 , 464.08 , 105.35 , 469.65 , 294.59 , 222.09 , 251.63 , 90.53 
5/16/24, 245.90 , 33.93 , 232.55 , 76.41 , 79.38 , 102.84 , 92.54 , 96.91 , 38.62 , 55.85 , 29.94 , 36.76 , 19.60 , 15.83 , 82.24 , 116.13 , 17.37 , 202.47 , 39.22 , 64.14 , 61.06 , 464.52 , 99.58 , 160.89 , 807.71 , 127.88 , 279.84 , 458.87 , 464.83 , 104.24 , 470.69 , 295.75 , 222.09 , 256.16 , 88.64 
5/17/24, 244.97 , 33.52 , 231.47 , 76.09 , 79.54 , 103.89 , 92.67 , 97.10 , 38.58 , 55.52 , 30.08 , 36.75 , 19.70 , 15.96 , 82.63 , 117.67 , 17.48 , 204.79 , 39.29 , 64.07 , 61.08 , 467.72 , 100.22 , 160.35 , 812.22 , 125.67 , 280.10 , 460.27 , 466.20 , 104.18 , 470.22 , 299.02 , 223.57 , 255.60 , 88.41 
5/20/24, 243.63 , 33.41 , 230.33 , 75.87 , 79.19 , 103.66 , 92.59 , 96.51 , 38.46 , 56.07 , 29.99 , 36.78 , 19.84 , 16.13 , 82.71 , 117.55 , 17.59 , 195.58 , 38.82 , 63.16 , 60.70 , 462.94 , 100.33 , 157.14 , 805.19 , 125.67 , 278.54 , 459.66 , 467.08 , 105.02 , 468.94 , 300.23 , 223.62 , 255.59 , 88.49 
5/21/24, 234.96 , 33.07 , 224.71 , 76.95 , 79.78 , 104.38 , 92.62 , 96.34 , 38.52 , 56.74 , 30.41 , 36.78 , 19.74 , 15.93 , 83.01 , 118.20 , 17.22 , 199.52 , 39.65 , 64.74 , 61.46 , 470.41 , 101.53 , 158.55 , 804.93 , 127.71 , 275.95 , 459.10 , 468.31 , 105.43 , 471.90 , 297.06 , 225.25 , 253.76 , 88.46 
5/22/24, 234.71 , 34.01 , 230.62 , 76.32 , 78.69 , 103.44 , 91.48 , 96.13 , 37.90 , 55.52 , 30.06 , 36.61 , 19.39 , 15.73 , 81.66 , 114.92 , 17.09 , 198.31 , 39.76 , 63.82 , 60.93 , 462.38 , 100.74 , 156.50 , 799.61 , 126.68 , 275.58 , 456.52 , 469.71 , 106.31 , 474.69 , 298.01 , 225.32 , 254.49 , 88.68 
5/23/24, 232.71 , 33.50 , 226.30 , 75.32 , 77.17 , 101.79 , 89.28 , 93.87 , 37.03 , 54.05 , 29.35 , 35.97 , 19.08 , 15.41 , 80.19 , 113.85 , 17.05 , 196.92 , 39.17 , 63.02 , 59.68 , 458.15 , 98.92 , 152.77 , 784.55 , 123.11 , 274.23 , 451.21 , 467.08 , 105.41 , 467.21 , 296.52 , 223.11 , 252.88 , 87.68 
5/24/24, 232.05 , 33.78 , 226.86 , 76.61 , 77.75 , 102.17 , 88.97 , 94.43 , 36.69 , 53.72 , 29.51 , 36.24 , 19.07 , 15.44 , 80.85 , 114.28 , 16.92 , 200.71 , 39.70 , 63.58 , 60.21 , 461.18 , 98.97 , 154.26 , 781.90 , 123.64 , 274.49 , 451.18 , 467.35 , 106.27 , 466.43 , 299.62 , 223.25 , 256.20 , 89.01 
5/28/24, 229.01 , 33.48 , 222.81 , 77.53 , 77.54 , 101.18 , 88.62 , 93.21 , 36.78 , 53.74 , 29.54 , 36.11 , 19.07 , 15.49 , 80.96 , 115.51 , 16.75 , 199.50 , 39.32 , 62.45 , 59.48 , 459.81 , 98.67 , 152.34 , 771.41 , 121.21 , 270.98 , 445.08 , 458.48 , 105.52 , 455.50 , 297.34 , 218.87 , 252.75 , 87.93 
5/29/24, 225.88 , 33.24 , 219.01 , 76.68 , 77.20 , 100.42 , 87.47 , 91.91 , 36.18 , 53.30 , 29.38 , 35.68 , 18.91 , 15.43 , 79.59 , 114.68 , 16.91 , 198.11 , 38.72 , 62.01 , 58.75 , 457.17 , 97.27 , 151.16 , 756.58 , 116.13 , 268.86 , 442.47 , 452.72 , 104.57 , 446.39 , 293.48 , 215.24 , 248.30 , 88.00 
5/30/24, 229.24 , 33.30 , 220.68 , 78.19 , 78.08 , 101.30 , 88.16 , 92.45 , 36.73 , 54.32 , 29.74 , 35.76 , 19.00 , 15.54 , 79.94 , 116.58 , 17.01 , 199.33 , 38.63 , 61.93 , 59.21 , 450.23 , 97.23 , 153.92 , 761.86 , 119.33 , 271.30 , 442.10 , 460.94 , 105.72 , 446.52 , 296.08 , 219.17 , 251.22 , 89.26 
5/31/24, 232.82 , 33.75 , 224.80 , 80.02 , 80.14 , 103.57 , 90.25 , 94.55 , 37.55 , 55.45 , 30.51 , 36.58 , 19.49 , 15.67 , 81.00 , 118.23 , 16.75 , 202.63 , 39.99 , 62.31 , 59.92 , 456.52 , 97.84 , 157.39 , 772.03 , 120.50 , 272.46 , 447.07 , 470.34 , 107.81 , 450.77 , 299.77 , 224.83 , 253.10 , 92.13 
6/3/24, 228.32 , 33.18 , 223.79 , 77.71 , 80.39 , 103.41 , 90.08 , 93.68 , 37.20 , 55.28 , 30.75 , 36.43 , 19.50 , 15.38 , 79.54 , 116.53 , 16.85 , 201.82 , 39.88 , 61.92 , 59.34 , 454.98 , 97.41 , 155.01 , 777.37 , 119.21 , 270.38 , 443.19 , 467.60 , 107.37 , 449.33 , 298.26 , 226.65 , 250.38 , 90.08 
6/4/24, 227.62 , 32.77 , 221.71 , 77.15 , 80.71 , 104.60 , 90.38 , 93.72 , 37.36 , 56.03 , 30.84 , 36.03 , 19.66 , 15.37 , 79.04 , 116.73 , 16.86 , 199.16 , 39.68 , 61.03 , 58.70 , 455.30 , 96.58 , 154.16 , 785.29 , 119.08 , 272.42 , 444.77 , 468.89 , 107.90 , 448.39 , 297.32 , 226.69 , 250.46 , 89.21 
6/5/24, 227.41 , 33.05 , 223.30 , 77.05 , 79.42 , 103.20 , 88.95 , 92.60 , 36.79 , 55.16 , 30.43 , 36.28 , 19.79 , 15.38 , 79.16 , 118.19 , 16.89 , 197.26 , 39.96 , 61.77 , 58.68 , 461.68 , 96.66 , 154.60 , 788.88 , 121.71 , 274.50 , 446.66 , 465.23 , 108.44 , 442.37 , 299.45 , 224.15 , 251.56 , 90.69 
6/6/24, 228.31 , 32.99 , 224.70 , 76.70 , 78.65 , 102.86 , 88.70 , 91.89 , 36.52 , 54.82 , 30.25 , 36.19 , 19.81 , 15.45 , 78.95 , 117.98 , 16.90 , 196.91 , 39.70 , 61.94 , 57.73 , 458.10 , 96.85 , 154.97 , 778.53 , 119.17 , 277.04 , 448.68 , 468.62 , 108.18 , 444.78 , 298.27 , 222.04 , 250.63 , 89.69 
6/7/24, 227.97 , 32.75 , 224.07 , 75.39 , 77.94 , 102.62 , 88.30 , 91.61 , 36.17 , 54.74 , 30.17 , 35.76 , 19.62 , 15.48 , 78.65 , 118.01 , 17.19 , 199.95 , 39.78 , 61.78 , 58.36 , 454.91 , 97.14 , 155.88 , 768.69 , 117.62 , 278.67 , 449.79 , 470.13 , 108.11 , 440.04 , 299.14 , 221.90 , 249.21 , 89.45 
6/10/24, 228.95 , 32.93 , 225.11 , 76.97 , 78.97 , 102.52 , 88.55 , 92.32 , 36.21 , 55.24 , 30.43 , 35.67 , 19.80 , 15.70 , 80.02 , 119.91 , 16.90 , 199.61 , 39.67 , 61.43 , 57.93 , 453.55 , 96.39 , 152.69 , 766.17 , 119.70 , 275.04 , 449.25 , 467.46 , 107.09 , 435.77 , 294.68 , 221.42 , 247.94 , 89.07 
6/11/24, 227.41 , 32.67 , 224.93 , 72.74 , 78.50 , 102.36 , 88.41 , 91.75 , 36.21 , 55.04 , 30.82 , 35.47 , 19.79 , 15.57 , 79.64 , 121.10 , 16.74 , 194.36 , 38.86 , 59.14 , 57.13 , 444.27 , 95.43 , 150.25 , 757.63 , 119.01 , 274.67 , 449.04 , 462.80 , 106.92 , 429.82 , 292.65 , 220.22 , 244.55 , 88.49 
6/12/24, 226.47 , 32.76 , 224.13 , 72.26 , 78.44 , 101.32 , 87.96 , 91.14 , 34.75 , 54.77 , 30.99 , 35.65 , 19.88 , 15.48 , 80.19 , 121.48 , 16.69 , 191.53 , 39.41 , 60.01 , 57.30 , 448.70 , 95.65 , 152.64 , 770.11 , 123.43 , 270.32 , 443.00 , 459.11 , 106.77 , 427.15 , 294.34 , 218.97 , 243.29 , 89.51 
6/13/24, 222.12 , 32.53 , 221.84 , 73.18 , 78.69 , 101.26 , 87.90 , 90.61 , 35.41 , 54.34 , 30.90 , 35.37 , 19.76 , 15.30 , 78.76 , 120.24 , 16.55 , 193.66 , 39.26 , 60.23 , 57.27 , 446.35 , 95.21 , 151.75 , 769.71 , 122.21 , 271.19 , 445.00 , 458.56 , 105.03 , 423.42 , 292.52 , 219.20 , 240.26 , 89.02 
6/14/24, 222.10 , 32.18 , 219.90 , 73.06 , 78.65 , 102.36 , 88.00 , 90.87 , 35.54 , 53.77 , 30.85 , 35.12 , 19.59 , 15.16 , 78.10 , 119.00 , 16.74 , 193.78 , 39.24 , 59.33 , 57.40 , 446.46 , 95.50 , 151.09 , 769.33 , 121.25 , 270.66 , 444.63 , 458.34 , 104.23 , 424.09 , 291.78 , 217.47 , 238.46 , 89.42 
6/17/24, 221.38 , 32.61 , 220.90 , 72.31 , 77.68 , 100.80 , 87.75 , 90.65 , 35.17 , 53.24 , 30.69 , 34.85 , 19.67 , 15.32 , 79.05 , 121.60 , 16.78 , 194.98 , 39.51 , 60.06 , 58.24 , 450.18 , 97.04 , 152.78 , 781.08 , 122.16 , 271.17 , 448.11 , 459.01 , 104.47 , 429.78 , 293.83 , 220.69 , 242.03 , 91.21 
6/18/24, 222.58 , 33.03 , 221.94 , 70.44 , 77.94 , 100.03 , 87.55 , 90.39 , 34.89 , 53.12 , 31.00 , 34.80 , 19.74 , 15.48 , 80.06 , 123.44 , 17.10 , 197.00 , 39.99 , 60.78 , 59.05 , 457.43 , 97.57 , 154.48 , 783.65 , 122.90 , 273.62 , 450.11 , 460.00 , 104.77 , 425.83 , 298.00 , 222.45 , 245.93 , 92.55 
6/20/24, 225.17 , 33.31 , 224.50 , 72.46 , 78.87 , 100.10 , 87.88 , 90.53 , 34.94 , 53.53 , 31.28 , 34.75 , 19.80 , 15.70 , 81.05 , 126.32 , 17.12 , 198.67 , 39.99 , 60.62 , 58.96 , 458.05 , 97.44 , 153.18 , 782.83 , 124.68 , 276.82 , 452.51 , 466.34 , 105.07 , 434.48 , 299.63 , 224.10 , 247.36 , 92.49 
6/21/24, 226.11 , 33.41 , 224.87 , 72.81 , 78.46 , 99.84 , 87.05 , 90.34 , 34.78 , 53.37 , 31.00 , 34.70 , 19.71 , 15.72 , 79.88 , 125.10 , 17.57 , 196.30 , 39.49 , 59.99 , 58.10 , 450.18 , 96.16 , 153.20 , 787.60 , 124.12 , 275.22 , 454.85 , 467.60 , 105.61 , 432.09 , 298.25 , 225.51 , 248.91 , 93.01 
6/24/24, 226.36 , 33.21 , 218.68 , 73.85 , 79.34 , 101.51 , 88.14 , 91.27 , 35.33 , 53.98 , 31.31 , 35.12 , 20.11 , 15.91 , 80.89 , 128.60 , 17.54 , 198.88 , 40.02 , 61.34 , 59.01 , 462.09 , 97.10 , 154.90 , 798.95 , 125.26 , 276.30 , 456.96 , 471.51 , 101.96 , 430.67 , 298.53 , 225.49 , 251.20 , 94.02 
6/25/24, 224.06 , 32.71 , 213.37 , 72.98 , 78.02 , 100.20 , 86.89 , 89.39 , 34.82 , 53.74 , 30.39 , 35.00 , 20.10 , 16.00 , 81.02 , 129.83 , 17.78 , 198.07 , 39.38 , 61.58 , 57.20 , 457.38 , 97.80 , 151.90 , 794.39 , 124.42 , 273.53 , 455.65 , 468.07 , 101.57 , 428.48 , 295.28 , 224.51 , 251.52 , 94.25 
6/26/24, 223.61 , 33.01 , 212.49 , 73.37 , 78.21 , 99.95 , 87.16 , 89.67 , 34.80 , 53.79 , 30.50 , 35.34 , 19.74 , 15.92 , 80.53 , 127.50 , 17.79 , 197.43 , 39.00 , 61.25 , 57.01 , 455.86 , 96.89 , 151.81 , 787.45 , 124.16 , 273.60 , 452.38 , 466.99 , 101.26 , 431.49 , 294.53 , 223.48 , 249.56 , 95.49 
6/27/24, 223.47 , 33.03 , 209.90 , 73.72 , 78.04 , 100.59 , 88.30 , 89.68 , 34.70 , 53.85 , 30.81 , 35.26 , 19.76 , 16.03 , 80.75 , 128.58 , 17.86 , 199.17 , 39.25 , 61.55 , 57.42 , 445.96 , 95.77 , 151.93 , 781.13 , 124.12 , 266.59 , 442.75 , 467.13 , 100.62 , 434.91 , 292.50 , 223.18 , 247.92 , 94.98 
6/28/24, 226.26 , 33.45 , 214.69 , 70.81 , 77.57 , 100.23 , 87.74 , 89.42 , 34.61 , 53.41 , 30.98 , 35.59 , 19.87 , 16.22 , 81.55 , 128.78 , 18.03 , 202.26 , 39.77 , 63.46 , 59.39 , 452.32 , 97.19 , 155.48 , 787.32 , 123.80 , 262.47 , 441.16 , 467.10 , 100.39 , 435.95 , 290.14 , 224.58 , 246.33 , 95.00 
7/1/24, 224.86 , 33.59 , 214.06 , 69.90 , 77.00 , 99.35 , 87.28 , 88.81 , 34.55 , 52.43 , 30.55 , 35.27 , 19.79 , 16.36 , 81.72 , 131.27 , 18.55 , 205.45 , 40.01 , 63.43 , 60.59 , 463.66 , 99.16 , 156.14 , 782.27 , 122.23 , 263.24 , 437.61 , 466.44 , 99.55 , 435.00 , 287.87 , 221.96 , 246.79 , 94.03 
7/2/24, 225.50 , 33.76 , 215.55 , 70.47 , 77.55 , 99.81 , 87.62 , 88.97 , 34.53 , 53.20 , 30.46 , 35.81 , 19.72 , 16.40 , 82.33 , 131.00 , 18.90 , 208.83 , 40.93 , 64.68 , 60.97 , 465.61 , 99.65 , 158.84 , 789.13 , 123.21 , 268.23 , 444.65 , 465.70 , 100.41 , 437.37 , 285.81 , 223.60 , 247.48 , 94.27 
7/3/24, 225.57 , 33.55 , 216.30 , 71.83 , 77.72 , 99.84 , 87.56 , 88.71 , 34.73 , 52.75 , 30.33 , 35.89 , 19.96 , 16.33 , 82.80 , 133.60 , 18.50 , 208.69 , 40.90 , 64.46 , 60.66 , 467.92 , 100.20 , 157.79 , 789.12 , 123.40 , 268.99 , 448.18 , 466.03 , 100.74 , 437.09 , 284.88 , 224.58 , 246.12 , 95.47 
7/5/24, 225.17 , 33.30 , 215.86 , 72.09 , 78.04 , 100.56 , 87.86 , 89.27 , 34.31 , 52.69 , 30.49 , 35.61 , 19.89 , 16.18 , 82.25 , 132.49 , 18.53 , 204.79 , 40.41 , 64.03 , 59.62 , 464.75 , 99.59 , 156.51 , 790.60 , 122.72 , 270.36 , 449.49 , 462.16 , 100.37 , 434.73 , 281.68 , 224.07 , 243.07 , 95.11 
7/8/24, 223.39 , 33.39 , 214.25 , 72.11 , 77.80 , 100.64 , 87.11 , 88.42 , 34.24 , 52.11 , 30.32 , 35.38 , 19.91 , 16.09 , 82.00 , 132.55 , 18.65 , 205.17 , 40.62 , 64.74 , 59.01 , 464.82 , 100.59 , 158.77 , 790.19 , 120.77 , 266.40 , 446.24 , 461.76 , 100.10 , 430.25 , 280.47 , 226.00 , 243.00 , 95.53 
7/9/24, 221.78 , 32.48 , 213.75 , 72.12 , 78.12 , 100.94 , 87.69 , 88.85 , 34.43 , 52.47 , 29.63 , 35.38 , 19.99 , 16.12 , 82.42 , 132.41 , 18.55 , 207.63 , 41.42 , 66.55 , 59.88 , 472.83 , 102.61 , 161.51 , 802.28 , 121.28 , 265.44 , 444.70 , 460.30 , 101.11 , 423.73 , 279.51 , 225.96 , 241.93 , 94.30 
7/10/24, 224.41 , 32.92 , 214.83 , 72.90 , 78.44 , 102.83 , 88.25 , 89.87 , 34.69 , 52.59 , 29.59 , 35.77 , 20.10 , 16.28 , 82.32 , 132.89 , 18.52 , 207.80 , 41.74 , 66.98 , 59.72 , 478.89 , 103.46 , 164.30 , 812.00 , 124.26 , 263.00 , 433.64 , 461.01 , 100.68 , 426.24 , 281.91 , 227.27 , 246.68 , 95.66 
7/11/24, 228.72 , 33.74 , 220.94 , 74.70 , 79.86 , 104.46 , 90.84 , 91.46 , 35.32 , 54.08 , 29.68 , 35.80 , 20.16 , 16.31 , 82.90 , 133.61 , 18.44 , 207.45 , 41.81 , 65.71 , 60.16 , 479.23 , 104.64 , 168.30 , 824.87 , 126.61 , 262.55 , 436.42 , 460.38 , 101.72 , 432.02 , 284.15 , 230.34 , 251.70 , 97.25 
7/12/24, 230.22 , 33.79 , 221.35 , 76.00 , 79.99 , 105.39 , 90.96 , 92.19 , 35.24 , 54.28 , 30.30 , 36.10 , 20.19 , 16.25 , 84.66 , 135.05 , 18.68 , 204.94 , 41.59 , 64.52 , 56.54 , 479.88 , 104.09 , 168.56 , 827.97 , 129.32 , 265.74 , 440.11 , 463.73 , 101.28 , 432.24 , 283.89 , 231.04 , 250.94 , 98.43 
7/15/24, 235.99 , 34.60 , 227.76 , 70.97 , 80.05 , 105.32 , 90.94 , 90.26 , 35.35 , 53.23 , 28.28 , 35.79 , 20.17 , 16.39 , 84.68 , 134.34 , 18.77 , 210.05 , 41.89 , 65.14 , 57.73 , 492.23 , 105.26 , 169.02 , 822.96 , 132.37 , 268.45 , 444.00 , 463.88 , 101.62 , 431.92 , 285.42 , 234.54 , 255.52 , 99.08 
7/16/24, 243.06 , 35.33 , 234.79 , 71.90 , 81.12 , 106.53 , 91.85 , 91.55 , 35.52 , 53.93 , 28.57 , 36.01 , 20.24 , 16.36 , 85.06 , 134.82 , 18.83 , 213.62 , 44.13 , 67.27 , 60.24 , 503.02 , 106.22 , 176.98 , 843.94 , 137.01 , 269.25 , 443.53 , 468.58 , 103.68 , 435.16 , 291.59 , 240.42 , 267.46 , 103.98 
7/17/24, 243.89 , 35.45 , 234.45 , 70.90 , 81.63 , 107.52 , 93.52 , 93.76 , 36.43 , 55.32 , 28.64 , 36.24 , 20.53 , 16.11 , 85.37 , 133.97 , 18.92 , 216.87 , 43.98 , 67.61 , 60.91 , 502.18 , 106.96 , 179.71 , 841.09 , 134.85 , 272.70 , 451.16 , 476.07 , 104.99 , 440.17 , 291.99 , 238.25 , 267.14 , 103.17 
7/18/24, 243.01 , 35.02 , 230.38 , 71.67 , 81.31 , 106.91 , 93.49 , 94.11 , 36.24 , 55.78 , 28.82 , 36.27 , 21.05 , 16.35 , 83.44 , 136.17 , 18.83 , 209.98 , 43.01 , 64.89 , 59.24 , 486.21 , 104.81 , 176.07 , 829.00 , 136.41 , 269.15 , 448.72 , 476.00 , 103.84 , 439.61 , 293.27 , 237.76 , 267.21 , 103.13 
7/19/24, 242.32 , 34.69 , 227.95 , 72.00 , 81.40 , 106.92 , 93.14 , 94.04 , 36.13 , 55.94 , 28.97 , 36.54 , 21.49 , 16.44 , 83.47 , 136.37 , 19.03 , 209.78 , 42.90 , 65.14 , 59.23 , 484.93 , 102.09 , 175.51 , 830.70 , 138.59 , 265.46 , 443.69 , 474.92 , 102.81 , 437.94 , 288.22 , 234.77 , 263.42 , 102.00 
7/22/24, 243.27 , 34.51 , 228.03 , 72.90 , 81.85 , 107.54 , 94.35 , 94.64 , 36.25 , 55.74 , 28.96 , 36.74 , 21.85 , 16.38 , 84.43 , 137.76 , 18.98 , 210.28 , 42.30 , 64.50 , 59.14 , 487.04 , 102.44 , 177.15 , 843.24 , 141.18 , 267.71 , 447.94 , 474.59 , 103.77 , 438.10 , 291.21 , 238.14 , 266.13 , 104.22 
7/23/24, 239.50 , 33.64 , 224.28 , 72.11 , 81.35 , 107.12 , 93.64 , 93.25 , 35.87 , 55.14 , 28.70 , 36.46 , 21.62 , 16.40 , 83.23 , 135.93 , 18.36 , 210.33 , 42.41 , 64.66 , 59.67 , 492.15 , 103.50 , 178.62 , 844.69 , 143.62 , 264.79 , 441.72 , 501.29 , 104.97 , 442.30 , 294.46 , 240.02 , 266.69 , 105.74 
7/24/24, 237.38 , 33.20 , 221.34 , 75.41 , 82.67 , 108.60 , 95.02 , 95.88 , 36.47 , 56.36 , 29.02 , 36.57 , 21.05 , 16.18 , 82.16 , 131.62 , 18.02 , 208.59 , 42.19 , 63.66 , 59.44 , 486.70 , 101.97 , 177.40 , 827.65 , 137.63 , 254.17 , 432.45 , 515.20 , 104.83 , 442.12 , 284.67 , 237.15 , 265.30 , 100.02 
7/25/24, 235.35 , 33.60 , 222.90 , 73.44 , 81.66 , 107.56 , 95.84 , 95.92 , 36.48 , 56.87 , 28.88 , 36.33 , 21.07 , 16.13 , 81.40 , 131.98 , 18.38 , 208.67 , 41.68 , 64.37 , 59.70 , 491.71 , 103.56 , 180.00 , 836.54 , 140.02 , 253.74 , 429.60 , 521.40 , 113.47 , 470.57 , 290.98 , 243.27 , 273.95 , 98.73 
7/26/24, 240.36 , 34.32 , 247.22 , 74.26 , 82.17 , 108.03 , 96.45 , 96.44 , 36.75 , 57.36 , 29.36 , 36.66 , 21.37 , 16.27 , 82.02 , 131.57 , 18.35 , 212.24 , 41.67 , 65.18 , 60.39 , 499.03 , 104.19 , 181.21 , 856.20 , 142.00 , 259.46 , 438.18 , 524.80 , 113.95 , 480.30 , 290.40 , 229.41 , 276.03 , 99.14 
7/29/24, 242.15 , 34.40 , 247.63 , 74.34 , 83.05 , 108.68 , 97.07 , 96.87 , 36.89 , 57.69 , 29.19 , 36.68 , 21.29 , 16.02 , 82.20 , 133.01 , 18.61 , 210.85 , 41.09 , 64.30 , 59.59 , 492.72 , 102.48 , 181.00 , 862.15 , 140.98 , 261.60 , 441.30 , 527.64 , 114.44 , 477.29 , 289.49 , 224.78 , 277.36 , 98.28 
7/30/24, 245.43 , 35.02 , 249.71 , 74.28 , 83.38 , 109.90 , 98.14 , 98.16 , 37.22 , 58.63 , 28.51 , 37.21 , 21.72 , 16.21 , 82.79 , 134.14 , 18.19 , 215.19 , 41.28 , 65.87 , 60.01 , 505.67 , 103.76 , 181.98 , 872.59 , 141.34 , 263.10 , 447.45 , 537.66 , 116.88 , 486.73 , 293.01 , 227.74 , 279.76 , 97.79 
7/31/24, 246.73 , 35.10 , 249.56 , 76.39 , 83.52 , 109.27 , 98.12 , 97.52 , 37.20 , 58.28 , 27.75 , 37.42 , 21.13 , 16.27 , 83.33 , 135.28 , 18.00 , 212.80 , 40.31 , 64.88 , 59.34 , 509.03 , 103.21 , 181.10 , 876.50 , 142.15 , 265.67 , 463.71 , 541.92 , 117.49 , 484.32 , 298.71 , 226.89 , 279.98 , 99.49 
8/1/24, 244.47 , 34.77 , 246.46 , 78.39 , 87.57 , 112.60 , 101.24 , 100.21 , 38.26 , 59.11 , 28.15 , 37.60 , 21.07 , 16.19 , 82.06 , 136.10 , 17.42 , 207.96 , 39.50 , 63.28 , 56.88 , 500.12 , 101.76 , 175.99 , 865.35 , 137.03 , 265.93 , 462.41 , 548.86 , 116.74 , 493.36 , 293.45 , 229.22 , 267.00 , 98.58 
8/2/24, 239.97 , 34.08 , 243.41 , 79.20 , 88.58 , 113.92 , 101.79 , 101.83 , 38.77 , 59.75 , 27.07 , 37.96 , 20.68 , 15.95 , 80.17 , 130.58 , 17.00 , 199.14 , 37.58 , 58.76 , 53.26 , 470.64 , 95.85 , 170.00 , 846.02 , 133.05 , 266.58 , 462.02 , 548.77 , 116.44 , 494.55 , 292.39 , 230.19 , 263.35 , 94.39 
8/5/24, 234.87 , 33.00 , 239.68 , 76.68 , 86.57 , 111.01 , 98.06 , 100.70 , 37.52 , 57.99 , 25.93 , 37.30 , 20.08 , 15.43 , 78.62 , 127.86 , 17.37 , 194.90 , 36.65 , 56.21 , 52.12 , 459.02 , 92.07 , 165.82 , 830.76 , 129.51 , 256.44 , 442.00 , 545.38 , 115.17 , 492.63 , 285.90 , 227.10 , 256.03 , 92.38 
8/6/24, 238.55 , 33.86 , 243.85 , 76.97 , 86.45 , 112.92 , 98.29 , 100.89 , 37.59 , 57.86 , 25.77 , 38.28 , 20.66 , 15.99 , 82.32 , 131.62 , 17.27 , 200.34 , 36.92 , 56.56 , 52.36 , 470.22 , 92.97 , 169.09 , 840.96 , 130.31 , 258.26 , 448.30 , 541.56 , 114.40 , 486.53 , 285.38 , 225.96 , 256.55 , 93.24 
8/7/24, 236.84 , 33.62 , 239.98 , 77.56 , 87.29 , 113.51 , 99.57 , 101.19 , 37.84 , 58.36 , 25.63 , 38.45 , 20.80 , 15.62 , 83.06 , 133.24 , 17.59 , 200.40 , 37.30 , 56.11 , 52.29 , 473.01 , 92.11 , 166.75 , 839.84 , 127.59 , 256.52 , 449.84 , 548.51 , 114.15 , 489.75 , 287.17 , 226.83 , 253.44 , 94.30 
8/8/24, 240.54 , 34.25 , 242.03 , 77.54 , 86.46 , 112.43 , 98.04 , 100.50 , 37.54 , 58.15 , 26.28 , 38.73 , 21.07 , 16.25 , 85.33 , 136.71 , 17.28 , 204.06 , 38.21 , 58.00 , 52.76 , 485.77 , 94.63 , 170.28 , 854.83 , 130.65 , 259.83 , 455.58 , 551.62 , 115.10 , 491.32 , 290.80 , 230.62 , 256.56 , 97.57 
8/9/24, 237.52 , 34.00 , 239.62 , 77.46 , 86.80 , 112.67 , 97.53 , 101.02 , 37.48 , 57.96 , 26.47 , 38.85 , 21.02 , 15.66 , 85.00 , 135.69 , 17.02 , 205.80 , 38.28 , 57.84 , 52.76 , 490.26 , 94.72 , 169.92 , 856.21 , 130.93 , 259.76 , 456.78 , 551.58 , 116.15 , 494.34 , 292.99 , 228.33 , 259.43 , 97.84 
8/12/24, 236.75 , 33.50 , 237.18 , 77.58 , 87.20 , 113.37 , 97.14 , 101.94 , 36.90 , 58.02 , 26.20 , 39.05 , 20.92 , 15.55 , 85.18 , 137.59 , 17.05 , 206.19 , 38.17 , 57.84 , 52.06 , 485.50 , 94.84 , 167.02 , 838.27 , 129.28 , 259.89 , 455.69 , 556.91 , 116.60 , 501.66 , 291.20 , 228.83 , 263.73 , 97.24 
8/13/24, 237.27 , 33.22 , 239.37 , 78.12 , 87.20 , 113.72 , 98.13 , 101.60 , 37.13 , 59.66 , 25.88 , 39.37 , 20.92 , 15.58 , 85.74 , 136.60 , 17.30 , 207.94 , 38.46 , 58.15 , 52.87 , 491.94 , 96.71 , 168.21 , 854.59 , 133.35 , 260.13 , 459.36 , 559.42 , 116.86 , 502.38 , 292.20 , 227.88 , 262.77 , 97.34 
8/14/24, 241.22 , 33.36 , 241.97 , 78.01 , 87.19 , 113.46 , 97.24 , 100.86 , 37.03 , 58.96 , 25.77 , 39.54 , 20.96 , 15.97 , 86.34 , 140.16 , 17.36 , 210.24 , 38.81 , 59.28 , 53.66 , 498.70 , 99.44 , 168.37 , 857.52 , 136.16 , 261.14 , 460.16 , 563.22 , 117.65 , 505.00 , 293.73 , 226.06 , 266.63 , 97.07 
8/15/24, 243.71 , 33.63 , 241.15 , 77.41 , 87.01 , 113.11 , 96.56 , 99.23 , 37.50 , 58.90 , 25.87 , 38.57 , 21.11 , 15.99 , 86.97 , 142.83 , 17.54 , 211.55 , 39.03 , 60.52 , 54.57 , 499.02 , 100.64 , 171.82 , 872.06 , 136.27 , 266.80 , 468.71 , 560.29 , 118.36 , 503.70 , 295.95 , 226.49 , 269.63 , 98.20 
8/16/24, 244.53 , 33.42 , 240.44 , 78.57 , 87.36 , 112.30 , 96.94 , 100.10 , 37.61 , 59.98 , 25.79 , 38.70 , 21.08 , 16.30 , 87.46 , 142.46 , 17.76 , 213.97 , 39.34 , 61.40 , 55.33 , 504.26 , 101.44 , 173.00 , 872.49 , 134.28 , 267.38 , 468.88 , 560.13 , 117.95 , 506.66 , 296.59 , 228.50 , 270.57 , 98.22 
8/19/24, 246.07 , 33.64 , 241.17 , 79.35 , 86.94 , 112.72 , 97.54 , 100.41 , 37.61 , 60.15 , 26.04 , 39.13 , 21.36 , 16.30 , 88.40 , 144.49 , 17.46 , 215.45 , 39.67 , 62.03 , 56.45 , 504.68 , 101.75 , 174.50 , 870.21 , 134.65 , 266.47 , 466.98 , 558.39 , 118.35 , 504.87 , 295.60 , 230.48 , 270.90 , 99.45 
8/20/24, 246.50 , 33.58 , 240.77 , 78.98 , 86.80 , 112.38 , 97.64 , 100.17 , 37.54 , 59.99 , 25.81 , 39.05 , 21.03 , 16.06 , 86.59 , 141.60 , 17.58 , 214.52 , 38.69 , 61.31 , 56.15 , 497.34 , 100.78 , 173.59 , 860.97 , 132.98 , 268.04 , 469.12 , 557.01 , 117.95 , 508.04 , 295.80 , 229.64 , 275.23 , 99.19 
8/21/24, 245.73 , 33.79 , 241.53 , 79.64 , 87.57 , 112.73 , 98.01 , 100.42 , 37.87 , 59.96 , 26.14 , 39.00 , 20.97 , 16.02 , 87.03 , 142.31 , 17.67 , 214.60 , 38.75 , 60.53 , 55.46 , 496.46 , 100.69 , 173.37 , 863.09 , 134.75 , 268.20 , 468.00 , 553.76 , 117.26 , 506.86 , 294.07 , 230.05 , 271.44 , 100.62 
8/22/24, 244.32 , 33.23 , 237.10 , 78.92 , 86.41 , 112.12 , 98.29 , 100.67 , 37.88 , 59.92 , 26.94 , 39.04 , 21.00 , 15.95 , 87.50 , 142.85 , 17.85 , 216.63 , 39.24 , 60.42 , 55.96 , 497.75 , 100.56 , 174.92 , 865.24 , 134.79 , 267.94 , 468.82 , 557.03 , 118.02 , 509.63 , 293.45 , 231.21 , 272.11 , 100.69 
8/23/24, 246.85 , 33.69 , 240.65 , 79.66 , 86.12 , 112.36 , 98.25 , 100.60 , 37.79 , 60.12 , 26.77 , 39.66 , 21.28 , 16.15 , 88.07 , 144.13 , 17.91 , 218.31 , 39.77 , 62.14 , 56.70 , 509.42 , 101.89 , 178.10 , 882.84 , 139.28 , 267.44 , 466.44 , 555.01 , 118.52 , 509.34 , 291.45 , 230.68 , 274.51 , 102.08 
8/26/24, 247.84 , 33.67 , 242.37 , 80.64 , 86.49 , 113.01 , 99.02 , 100.90 , 37.97 , 61.46 , 27.18 , 39.89 , 21.42 , 16.11 , 88.60 , 145.47 , 17.66 , 219.17 , 39.92 , 61.79 , 56.72 , 507.87 , 102.33 , 178.11 , 883.14 , 141.96 , 268.21 , 468.64 , 558.10 , 118.70 , 512.00 , 291.00 , 228.95 , 276.84 , 101.39 
8/27/24, 250.35 , 33.58 , 248.89 , 79.61 , 85.74 , 111.90 , 98.54 , 99.59 , 37.68 , 60.89 , 27.22 , 39.67 , 21.39 , 15.91 , 88.44 , 145.13 , 17.29 , 220.18 , 39.67 , 61.68 , 56.26 , 507.26 , 102.08 , 179.15 , 886.13 , 141.25 , 270.72 , 474.99 , 560.41 , 119.49 , 512.44 , 290.20 , 230.06 , 276.91 , 101.39 
8/28/24, 252.67 , 33.72 , 250.29 , 79.41 , 85.75 , 112.70 , 98.54 , 100.39 , 37.89 , 60.68 , 27.20 , 39.37 , 21.33 , 15.88 , 88.21 , 144.29 , 17.76 , 221.29 , 39.95 , 61.58 , 57.07 , 503.33 , 102.20 , 181.78 , 888.66 , 140.08 , 269.19 , 471.80 , 563.98 , 120.84 , 513.56 , 296.64 , 231.95 , 280.05 , 101.65 
8/29/24, 253.20 , 33.94 , 252.02 , 80.03 , 85.80 , 112.99 , 99.75 , 100.81 , 38.03 , 61.39 , 27.08 , 39.56 , 21.42 , 15.96 , 90.15 , 146.29 , 17.94 , 222.21 , 40.17 , 61.88 , 57.35 , 510.10 , 102.60 , 183.04 , 894.87 , 140.58 , 274.32 , 480.80 , 566.85 , 122.29 , 519.35 , 297.83 , 233.68 , 282.86 , 102.50 
8/30/24, 256.09 , 34.27 , 256.16 , 80.51 , 86.40 , 113.95 , 100.28 , 101.56 , 38.09 , 61.23 , 27.30 , 40.18 , 21.57 , 16.10 , 92.36 , 146.90 , 17.62 , 224.80 , 40.75 , 62.64 , 58.47 , 510.25 , 103.61 , 185.09 , 901.81 , 142.36 , 276.37 , 483.34 , 568.10 , 123.34 , 523.21 , 299.36 , 236.67 , 282.77 , 103.00 
9/3/24, 255.21 , 34.58 , 254.56 , 79.93 , 88.91 , 115.79 , 101.57 , 103.28 , 38.49 , 62.52 , 27.49 , 40.20 , 21.56 , 16.03 , 92.24 , 149.88 , 17.54 , 220.30 , 40.70 , 61.46 , 58.37 , 487.46 , 99.27 , 184.50 , 886.43 , 138.14 , 278.54 , 482.12 , 567.22 , 120.99 , 522.69 , 294.92 , 235.28 , 275.45 , 98.92 
9/4/24, 255.70 , 34.86 , 259.69 , 81.08 , 89.13 , 117.06 , 102.43 , 104.40 , 38.89 , 63.16 , 27.65 , 40.41 , 21.41 , 15.92 , 91.32 , 147.15 , 17.62 , 219.33 , 40.50 , 60.96 , 58.12 , 490.64 , 100.15 , 182.36 , 886.49 , 137.85 , 280.49 , 483.14 , 574.78 , 121.11 , 523.68 , 294.35 , 236.50 , 274.27 , 98.70 
9/5/24, 251.53 , 34.02 , 252.76 , 80.33 , 89.51 , 116.85 , 103.10 , 103.79 , 38.42 , 63.46 , 27.76 , 40.45 , 21.48 , 16.02 , 91.81 , 149.78 , 17.37 , 217.63 , 40.14 , 60.63 , 56.86 , 487.88 , 99.56 , 180.95 , 876.64 , 138.27 , 278.62 , 477.36 , 568.59 , 119.64 , 519.39 , 297.29 , 232.52 , 270.93 , 97.56 
9/6/24, 249.63 , 33.37 , 250.01 , 79.98 , 88.41 , 116.60 , 102.05 , 103.28 , 38.20 , 62.91 , 27.28 , 40.39 , 21.13 , 15.89 , 91.06 , 146.75 , 17.25 , 212.46 , 38.76 , 59.09 , 54.00 , 479.61 , 96.59 , 176.70 , 866.92 , 137.12 , 279.37 , 476.12 , 566.63 , 118.44 , 515.00 , 292.78 , 227.23 , 269.21 , 95.74 
9/9/24, 251.11 , 33.76 , 256.81 , 81.19 , 89.32 , 117.16 , 103.66 , 104.75 , 38.73 , 63.49 , 27.41 , 40.79 , 21.12 , 15.81 , 92.04 , 143.93 , 17.12 , 216.81 , 39.47 , 59.54 , 54.59 , 488.57 , 98.18 , 182.61 , 877.94 , 139.77 , 285.61 , 487.09 , 576.57 , 121.16 , 524.21 , 301.56 , 229.27 , 267.74 , 96.37 
9/10/24, 252.58 , 33.51 , 257.37 , 82.30 , 89.64 , 116.93 , 103.23 , 104.97 , 39.05 , 63.84 , 27.55 , 40.26 , 21.12 , 15.83 , 91.72 , 144.18 , 17.26 , 205.56 , 39.28 , 57.95 , 53.95 , 467.13 , 96.62 , 178.78 , 883.83 , 142.21 , 285.34 , 488.02 , 572.19 , 120.30 , 519.97 , 302.40 , 227.89 , 260.87 , 95.76 
9/11/24, 247.50 , 33.30 , 253.77 , 83.43 , 88.77 , 116.20 , 103.05 , 103.82 , 39.30 , 63.85 , 27.95 , 40.24 , 20.83 , 15.87 , 90.24 , 144.72 , 17.41 , 207.23 , 39.00 , 57.30 , 53.73 , 471.17 , 97.03 , 177.12 , 877.12 , 143.27 , 283.96 , 488.18 , 566.96 , 119.26 , 515.93 , 299.59 , 227.01 , 257.62 , 96.55 
9/12/24, 248.89 , 33.45 , 254.59 , 83.46 , 88.49 , 115.97 , 102.99 , 103.39 , 39.86 , 63.89 , 27.59 , 40.49 , 20.94 , 16.00 , 90.50 , 146.72 , 17.71 , 206.60 , 38.78 , 57.33 , 51.57 , 474.06 , 96.64 , 177.60 , 885.12 , 146.50 , 285.37 , 492.11 , 568.27 , 120.10 , 518.54 , 300.67 , 228.17 , 258.28 , 98.46 
9/13/24, 249.12 , 33.52 , 245.80 , 84.65 , 89.44 , 117.31 , 104.17 , 104.56 , 40.23 , 63.84 , 27.93 , 40.73 , 21.14 , 16.17 , 91.37 , 148.19 , 17.79 , 204.32 , 38.65 , 57.67 , 52.78 , 478.99 , 98.25 , 177.24 , 885.73 , 151.19 , 287.35 , 493.36 , 569.91 , 119.12 , 519.78 , 304.80 , 229.77 , 261.55 , 98.42 
9/16/24, 252.43 , 33.81 , 247.07 , 84.64 , 89.89 , 117.70 , 104.95 , 104.85 , 40.43 , 64.56 , 28.21 , 41.18 , 21.47 , 16.18 , 93.68 , 150.59 , 17.79 , 207.86 , 39.10 , 58.39 , 53.79 , 485.16 , 100.09 , 180.92 , 895.18 , 154.56 , 290.48 , 497.71 , 572.92 , 119.20 , 521.27 , 307.55 , 231.71 , 265.21 , 98.35 
9/17/24, 253.55 , 34.07 , 246.24 , 84.97 , 89.65 , 116.73 , 104.21 , 104.54 , 40.20 , 64.50 , 28.32 , 40.82 , 21.56 , 16.02 , 94.66 , 152.02 , 17.69 , 209.25 , 39.55 , 59.29 , 54.51 , 485.39 , 99.84 , 181.49 , 904.52 , 155.05 , 291.56 , 500.99 , 567.01 , 118.73 , 520.75 , 303.85 , 229.71 , 265.41 , 97.77 
9/18/24, 251.20 , 34.05 , 249.29 , 84.28 , 89.01 , 115.88 , 103.22 , 103.41 , 39.50 , 64.36 , 28.21 , 40.52 , 21.61 , 16.11 , 93.90 , 152.19 , 17.87 , 207.53 , 39.62 , 59.90 , 54.26 , 484.58 , 99.30 , 182.57 , 922.71 , 154.93 , 288.48 , 494.76 , 565.49 , 118.04 , 521.63 , 302.38 , 229.71 , 269.02 , 97.09 
9/19/24, 248.44 , 34.80 , 251.86 , 82.29 , 88.86 , 115.14 , 101.74 , 102.12 , 39.29 , 64.06 , 28.26 , 40.39 , 21.59 , 16.17 , 93.77 , 152.21 , 17.75 , 210.48 , 40.87 , 63.02 , 55.80 , 503.83 , 100.73 , 187.20 , 934.87 , 159.66 , 285.24 , 493.01 , 565.18 , 118.82 , 522.26 , 304.73 , 230.46 , 268.03 , 98.02 
9/20/24, 245.39 , 34.93 , 247.86 , 82.76 , 89.70 , 116.37 , 102.15 , 103.35 , 40.27 , 64.13 , 28.17 , 40.52 , 21.79 , 16.20 , 93.97 , 152.83 , 18.03 , 211.09 , 40.27 , 62.14 , 56.29 , 498.43 , 102.47 , 186.36 , 928.79 , 158.12 , 284.77 , 492.74 , 571.92 , 118.15 , 525.13 , 306.87 , 233.21 , 267.51 , 102.84 
9/23/24, 244.00 , 34.02 , 246.00 , 84.82 , 90.52 , 117.31 , 102.53 , 104.02 , 40.40 , 63.96 , 28.93 , 40.88 , 22.18 , 16.28 , 95.27 , 155.53 , 18.07 , 211.44 , 39.87 , 62.58 , 55.11 , 497.41 , 102.47 , 185.09 , 937.61 , 157.21 , 288.63 , 497.14 , 580.51 , 120.27 , 533.14 , 308.09 , 237.73 , 268.13 , 105.62 
9/24/24, 248.96 , 34.14 , 246.93 , 84.29 , 89.73 , 115.98 , 101.41 , 102.82 , 39.99 , 64.17 , 28.68 , 40.86 , 22.22 , 16.21 , 95.23 , 156.46 , 18.03 , 211.59 , 39.45 , 61.37 , 54.16 , 498.02 , 102.58 , 184.62 , 941.23 , 157.55 , 272.78 , 487.41 , 578.63 , 120.04 , 529.86 , 304.67 , 234.74 , 257.32 , 106.71 
9/25/24, 245.50 , 33.52 , 243.30 , 84.62 , 89.35 , 116.21 , 101.15 , 103.16 , 39.99 , 64.19 , 28.62 , 41.09 , 22.09 , 16.20 , 94.69 , 155.55 , 17.30 , 210.19 , 39.25 , 60.38 , 53.61 , 491.14 , 102.34 , 181.77 , 936.80 , 152.77 , 269.63 , 489.45 , 577.94 , 120.90 , 528.11 , 301.69 , 233.32 , 257.02 , 106.29 
9/26/24, 243.23 , 33.90 , 244.34 , 83.46 , 88.95 , 115.17 , 100.74 , 103.12 , 39.93 , 63.98 , 28.94 , 40.78 , 21.68 , 15.92 , 89.15 , 146.31 , 17.49 , 209.78 , 39.52 , 61.71 , 56.39 , 496.92 , 104.60 , 183.32 , 945.02 , 153.47 , 271.69 , 491.27 , 577.40 , 120.32 , 524.31 , 300.49 , 231.56 , 260.36 , 107.31 
9/27/24, 244.22 , 34.53 , 246.47 , 84.54 , 90.10 , 115.97 , 101.84 , 104.05 , 40.38 , 64.57 , 29.10 , 40.71 , 21.79 , 16.07 , 90.24 , 146.80 , 17.37 , 210.50 , 39.40 , 61.87 , 55.90 , 498.51 , 104.11 , 183.07 , 945.21 , 154.94 , 275.17 , 493.64 , 582.36 , 120.39 , 526.79 , 300.13 , 234.99 , 263.07 , 108.59 
9/30/24, 246.48 , 34.53 , 248.50 , 84.53 , 90.18 , 115.30 , 102.60 , 104.13 , 40.55 , 65.30 , 29.42 , 40.61 , 22.09 , 16.05 , 91.13 , 148.01 , 17.51 , 210.86 , 39.68 , 62.60 , 56.49 , 495.11 , 104.24 , 184.85 , 949.51 , 153.13 , 274.95 , 493.80 , 584.56 , 121.16 , 528.07 , 302.20 , 237.87 , 264.38 , 108.70 
10/1/24, 245.55 , 34.52 , 248.14 , 85.27 , 90.88 , 116.22 , 102.22 , 105.15 , 40.77 , 65.32 , 29.89 , 41.14 , 22.59 , 16.10 , 92.28 , 150.58 , 17.34 , 207.04 , 39.22 , 61.81 , 55.39 , 490.17 , 104.42 , 179.89 , 934.02 , 151.85 , 277.60 , 496.38 , 605.86 , 124.39 , 543.88 , 305.33 , 245.29 , 264.65 , 111.65 
10/2/24, 243.35 , 34.17 , 247.03 , 85.43 , 91.59 , 116.68 , 101.81 , 104.45 , 40.95 , 65.15 , 30.05 , 41.06 , 22.94 , 16.05 , 93.40 , 153.24 , 17.62 , 207.29 , 39.23 , 62.03 , 55.30 , 491.99 , 104.52 , 179.40 , 957.25 , 152.21 , 277.00 , 495.57 , 603.20 , 124.04 , 538.87 , 303.92 , 244.66 , 261.52 , 113.28 
10/3/24, 240.63 , 34.12 , 244.88 , 85.05 , 90.70 , 115.76 , 101.37 , 104.02 , 40.78 , 64.40 , 30.30 , 40.75 , 23.35 , 16.31 , 94.71 , 155.50 , 17.68 , 205.23 , 39.25 , 61.31 , 54.98 , 486.10 , 104.57 , 178.39 , 951.49 , 151.20 , 276.86 , 494.97 , 605.82 , 123.67 , 537.58 , 299.61 , 243.11 , 257.45 , 117.15 
10/4/24, 238.86 , 34.49 , 247.92 , 83.85 , 90.31 , 114.05 , 100.28 , 103.15 , 40.21 , 63.73 , 30.52 , 41.08 , 23.62 , 16.30 , 95.23 , 158.02 , 17.53 , 211.22 , 40.11 , 62.64 , 56.96 , 495.16 , 107.88 , 182.26 , 949.19 , 151.92 , 277.93 , 497.70 , 605.13 , 124.91 , 536.74 , 300.66 , 243.66 , 258.30 , 117.71 
10/7/24, 236.87 , 33.65 , 243.76 , 80.29 , 88.89 , 110.23 , 98.06 , 101.14 , 39.54 , 63.01 , 29.64 , 40.82 , 23.58 , 16.22 , 94.84 , 158.08 , 17.43 , 210.93 , 39.96 , 62.60 , 57.16 , 494.62 , 107.64 , 182.23 , 940.67 , 149.07 , 273.79 , 491.30 , 605.54 , 125.05 , 533.97 , 297.29 , 241.76 , 256.38 , 116.24 
10/8/24, 237.56 , 33.87 , 243.20 , 80.50 , 89.29 , 110.67 , 98.20 , 102.11 , 39.61 , 62.93 , 29.47 , 40.61 , 23.32 , 16.17 , 93.60 , 158.29 , 17.67 , 210.75 , 39.93 , 63.24 , 57.30 , 496.57 , 107.49 , 180.86 , 949.07 , 149.44 , 274.96 , 497.06 , 608.05 , 123.50 , 532.65 , 296.90 , 241.28 , 257.91 , 116.82 
10/9/24, 237.68 , 34.26 , 245.16 , 80.58 , 88.93 , 111.32 , 97.72 , 102.37 , 39.60 , 62.58 , 29.49 , 40.89 , 23.48 , 16.27 , 94.75 , 163.40 , 17.61 , 213.42 , 40.19 , 64.12 , 57.54 , 505.18 , 109.04 , 183.27 , 955.92 , 148.42 , 276.93 , 499.95 , 605.11 , 123.95 , 532.23 , 298.69 , 242.22 , 258.08 , 118.30 
10/10/24, 238.82 , 34.53 , 245.91 , 80.94 , 88.26 , 113.12 , 97.22 , 101.58 , 39.27 , 62.16 , 29.49 , 40.88 , 23.72 , 16.36 , 94.69 , 162.52 , 17.69 , 212.84 , 39.97 , 63.48 , 57.75 , 503.72 , 108.08 , 183.37 , 955.59 , 149.03 , 277.47 , 498.02 , 597.49 , 122.94 , 527.09 , 296.05 , 242.35 , 252.85 , 115.83 
10/11/24, 242.31 , 34.96 , 250.17 , 81.86 , 88.96 , 114.17 , 98.25 , 102.32 , 39.74 , 62.31 , 29.57 , 41.07 , 24.70 , 16.52 , 96.61 , 165.76 , 17.67 , 222.29 , 41.95 , 65.74 , 60.99 , 516.30 , 110.46 , 187.77 , 990.26 , 153.04 , 277.84 , 502.26 , 604.17 , 123.93 , 528.70 , 299.44 , 246.04 , 259.39 , 117.42 
10/14/24, 245.27 , 35.29 , 253.84 , 82.91 , 89.84 , 115.09 , 98.79 , 103.04 , 39.93 , 63.02 , 29.78 , 41.15 , 24.88 , 16.55 , 97.50 , 166.66 , 17.38 , 221.48 , 41.91 , 66.01 , 62.16 , 522.75 , 112.28 , 188.52 , 991.72 , 155.49 , 280.68 , 506.66 , 610.87 , 124.64 , 534.07 , 301.86 , 248.23 , 260.84 , 119.32 
10/15/24, 245.79 , 35.50 , 254.33 , 82.79 , 90.71 , 117.12 , 99.66 , 105.45 , 40.56 , 63.43 , 29.96 , 41.29 , 24.76 , 16.37 , 94.98 , 161.87 , 17.47 , 222.39 , 42.14 , 62.64 , 63.03 , 522.38 , 112.22 , 192.34 ," 1,007.00 ", 156.32 , 279.29 , 507.23 , 605.00 , 125.03 , 526.93 , 300.21 , 245.30 , 259.33 , 118.92 
10/16/24, 248.10 , 35.47 , 255.65 , 84.39 , 92.29 , 119.78 , 101.32 , 106.14 , 40.97 , 64.01 , 30.11 , 41.81 , 24.93 , 16.40 , 95.65 , 162.63 , 17.35 , 223.64 , 42.80 , 64.25 , 63.89 , 529.86 , 119.51 , 189.93 ," 1,015.75 ", 159.71 , 287.52 , 514.07 , 612.83 , 126.22 , 531.43 , 304.87 , 248.14 , 260.66 , 124.70 
10/17/24, 241.72 , 33.09 , 248.24 , 83.78 , 92.70 , 120.58 , 100.91 , 105.66 , 40.77 , 63.25 , 30.18 , 41.84 , 24.82 , 16.49 , 96.44 , 161.92 , 17.27 , 224.42 , 42.60 , 63.97 , 64.38 , 529.00 , 119.44 , 188.80 ," 1,002.50 ", 169.73 , 290.39 , 513.76 , 609.62 , 125.75 , 527.97 , 308.23 , 248.28 , 261.87 , 125.10 
10/18/24, 244.10 , 34.12 , 252.37 , 84.38 , 93.24 , 120.76 , 100.69 , 106.76 , 40.95 , 64.07 , 30.11 , 41.98 , 24.95 , 16.41 , 97.23 , 162.75 , 17.11 , 225.37 , 42.32 , 62.85 , 64.36 , 528.50 , 121.06 , 189.38 ," 1,007.02 ", 172.36 , 290.62 , 516.34 , 611.81 , 125.92 , 530.79 , 308.48 , 248.78 , 261.53 , 126.21 
10/21/24, 240.35 , 33.66 , 248.16 , 84.03 , 92.73 , 119.89 , 100.16 , 106.26 , 40.50 , 63.43 , 30.09 , 41.54 , 24.74 , 16.40 , 96.82 , 161.71 , 17.11 , 223.00 , 41.76 , 61.83 , 64.02 , 517.80 , 118.28 , 185.64 ," 1,000.53 ", 170.77 , 286.85 , 515.01 , 614.61 , 125.90 , 529.65 , 308.08 , 248.15 , 261.24 , 126.75 
10/22/24, 241.45 , 33.85 , 260.43 , 83.70 , 93.08 , 119.88 , 99.89 , 105.70 , 40.53 , 63.68 , 29.79 , 41.45 , 24.81 , 16.38 , 97.37 , 165.12 , 17.06 , 224.12 , 42.30 , 63.56 , 64.81 , 518.30 , 118.32 , 186.28 ," 1,000.81 ", 168.50 , 284.79 , 513.02 , 576.98 , 125.53 , 520.20 , 305.99 , 244.93 , 257.11 , 123.63 
10/23/24, 241.35 , 33.59 , 256.98 , 84.96 , 94.15 , 120.57 , 100.83 , 107.40 , 40.74 , 64.32 , 29.75 , 41.22 , 24.77 , 16.38 , 96.76 , 165.84 , 17.10 , 223.41 , 42.34 , 63.10 , 64.56 , 517.20 , 118.28 , 188.21 , 988.16 , 166.92 , 283.76 , 513.73 , 571.10 , 127.21 , 516.40 , 304.40 , 245.82 , 256.00 , 122.91 
10/24/24, 230.75 , 33.10 , 253.42 , 82.81 , 93.61 , 119.02 , 99.39 , 107.00 , 40.71 , 65.11 , 29.48 , 41.13 , 24.99 , 16.40 , 97.42 , 168.57 , 16.93 , 224.98 , 42.65 , 63.00 , 65.43 , 524.50 , 119.17 , 188.94 , 984.00 , 169.66 , 283.22 , 510.62 , 564.21 , 125.17 , 523.68 , 301.27 , 244.17 , 254.70 , 122.37 
10/25/24, 230.30 , 33.27 , 251.09 , 81.43 , 91.88 , 117.21 , 98.19 , 104.60 , 40.07 , 64.46 , 29.31 , 40.94 , 24.95 , 16.45 , 96.66 , 165.96 , 16.76 , 222.31 , 41.89 , 61.76 , 64.53 , 512.60 , 116.88 , 185.82 , 974.07 , 167.50 , 281.73 , 507.36 , 562.29 , 125.16 , 519.35 , 302.52 , 252.81 , 253.83 , 123.03 
10/28/24, 231.98 , 33.26 , 253.59 , 82.87 , 91.79 , 117.06 , 99.11 , 104.81 , 40.23 , 64.48 , 29.75 , 40.87 , 24.80 , 16.40 , 96.02 , 164.72 , 16.75 , 225.50 , 42.62 , 64.16 , 65.61 , 523.58 , 119.13 , 189.83 , 986.22 , 169.97 , 284.19 , 508.21 , 555.17 , 125.43 , 512.15 , 303.92 , 248.03 , 255.16 , 123.76 
10/29/24, 231.99 , 33.25 , 252.41 , 79.56 , 89.82 , 114.41 , 97.39 , 102.91 , 39.55 , 63.34 , 29.43 , 40.40 , 24.63 , 16.38 , 95.55 , 164.41 , 16.77 , 222.90 , 42.53 , 64.69 , 65.30 , 524.28 , 119.30 , 187.85 , 983.17 , 169.81 , 281.88 , 506.28 , 546.80 , 122.79 , 504.05 , 301.75 , 245.07 , 253.76 , 125.53 
10/30/24, 232.17 , 33.54 , 252.74 , 79.09 , 89.36 , 114.00 , 97.40 , 102.72 , 39.70 , 63.05 , 29.26 , 40.59 , 24.84 , 16.47 , 96.16 , 166.63 , 16.27 , 224.41 , 42.31 , 64.50 , 65.41 , 524.40 , 117.92 , 190.22 , 979.87 , 171.54 , 290.16 , 513.69 , 545.94 , 121.86 , 505.34 , 301.37 , 245.41 , 250.49 , 124.85 
10/31/24, 232.07 , 33.64 , 250.43 , 79.25 , 91.03 , 115.27 , 98.75 , 101.68 , 39.30 , 66.81 , 29.53 , 40.40 , 24.51 , 16.48 , 96.88 , 166.96 , 16.39 , 221.92 , 41.82 , 64.17 , 64.92 , 517.79 , 116.25 , 188.27 , 981.03 , 167.75 , 289.85 , 499.59 , 546.05 , 120.99 , 509.02 , 291.61 , 247.47 , 184.96 , 121.75 
11/1/24, 232.69 , 33.39 , 250.09 , 77.35 , 88.54 , 112.68 , 97.25 , 100.00 , 38.15 , 66.69 , 28.58 , 40.42 , 24.18 , 16.43 , 93.36 , 165.27 , 16.71 , 222.94 , 41.76 , 63.71 , 64.68 , 519.35 , 116.85 , 187.15 , 985.08 , 168.14 , 290.74 , 508.08 , 545.35 , 118.75 , 506.95 , 292.99 , 247.48 , 189.23 , 122.58 
11/4/24, 229.91 , 33.36 , 247.59 , 78.37 , 88.12 , 112.52 , 98.40 , 99.15 , 37.97 , 65.82 , 29.02 , 40.83 , 24.49 , 16.51 , 95.64 , 169.20 , 16.92 , 219.78 , 41.33 , 62.35 , 63.70 , 511.47 , 116.14 , 185.95 , 991.50 , 167.04 , 291.85 , 505.58 , 543.10 , 118.00 , 507.44 , 293.60 , 247.07 , 191.04 , 119.68 
11/5/24, 233.87 , 34.02 , 252.11 , 78.65 , 88.70 , 114.08 , 100.40 , 99.82 , 38.47 , 66.33 , 29.55 , 41.05 , 24.71 , 16.90 , 98.61 , 177.40 , 17.43 , 221.49 , 41.88 , 63.67 , 64.07 , 526.96 , 117.81 , 188.80 ," 1,014.35 ", 169.62 , 293.29 , 505.56 , 546.75 , 118.98 , 512.90 , 296.65 , 250.95 , 193.24 , 116.95 
11/6/24, 248.49 , 36.88 , 277.00 , 74.52 , 87.42 , 113.63 , 96.25 , 98.96 , 38.32 , 66.49 , 29.02 , 41.53 , 26.35 , 17.42 , 102.20 , 186.04 , 17.78 , 247.06 , 45.41 , 69.03 , 72.47 , 595.98 , 131.49 , 204.97 ," 1,029.82 ", 176.38 , 307.40 , 521.13 , 551.82 , 121.59 , 523.14 , 308.46 , 256.45 , 203.21 , 118.33 
11/7/24, 242.56 , 35.56 , 270.71 , 74.62 , 86.93 , 111.08 , 96.33 , 97.58 , 38.09 , 66.20 , 29.37 , 42.42 , 26.41 , 17.41 , 104.14 , 187.79 , 17.28 , 236.38 , 44.77 , 68.11 , 69.82 , 582.17 , 128.44 , 203.21 ," 1,036.06 ", 176.30 , 305.80 , 517.88 , 551.84 , 120.08 , 520.58 , 306.00 , 254.81 , 197.82 , 121.05 
11/8/24, 241.49 , 36.00 , 271.67 , 76.97 , 88.64 , 113.23 , 96.40 , 98.13 , 38.11 , 67.37 , 30.39 , 42.33 , 26.88 , 17.30 , 107.16 , 192.28 , 17.31 , 236.98 , 45.13 , 68.63 , 70.04 , 589.26 , 129.53 , 203.97 ," 1,039.28 ", 177.46 , 307.87 , 524.76 , 564.56 , 123.55 , 528.99 , 309.47 , 260.60 , 202.66 , 124.57 
11/11/24, 241.95 , 36.52 , 271.11 , 75.91 , 88.33 , 112.46 , 94.51 , 98.48 , 38.40 , 68.65 , 30.06 , 42.78 , 27.27 , 17.24 , 109.04 , 194.96 , 16.90 , 239.29 , 46.08 , 69.80 , 72.56 , 602.34 , 133.52 , 209.71 ," 1,053.84 ", 183.16 , 310.92 , 530.12 , 570.58 , 124.56 , 533.70 , 313.91 , 264.22 , 206.63 , 126.51 
11/12/24, 238.91 , 36.13 , 267.45 , 74.26 , 87.71 , 111.88 , 92.96 , 97.04 , 38.16 , 68.61 , 30.44 , 42.18 , 27.18 , 17.05 , 107.82 , 194.31 , 16.95 , 239.56 , 45.86 , 69.02 , 72.60 , 592.59 , 132.31 , 211.04 ," 1,036.35 ", 180.66 , 309.85 , 529.17 , 565.96 , 123.37 , 531.39 , 312.05 , 261.72 , 204.60 , 126.93 
11/13/24, 240.41 , 36.48 , 269.26 , 74.24 , 87.52 , 111.31 , 93.33 , 95.41 , 38.14 , 68.65 , 30.41 , 42.49 , 26.80 , 17.10 , 108.17 , 193.00 , 17.14 , 241.16 , 45.87 , 68.89 , 72.77 , 594.22 , 132.76 , 209.30 ," 1,030.98 ", 181.56 , 309.48 , 521.88 , 557.73 , 123.75 , 520.42 , 314.03 , 261.65 , 204.00 , 132.11 
11/14/24, 235.58 , 35.63 , 264.76 , 75.28 , 86.78 , 110.68 , 93.76 , 95.24 , 38.12 , 68.91 , 29.98 , 43.09 , 26.76 , 17.15 , 107.88 , 191.57 , 17.18 , 241.87 , 45.90 , 68.15 , 72.80 , 588.61 , 132.43 , 207.96 ," 1,047.08 ", 181.21 , 308.25 , 520.40 , 538.99 , 118.92 , 500.34 , 292.42 , 248.16 , 195.33 , 128.23 
11/15/24, 235.57 , 35.13 , 261.26 , 76.35 , 87.93 , 112.17 , 96.31 , 96.44 , 39.11 , 69.46 , 30.86 , 42.18 , 27.27 , 17.29 , 109.81 , 196.04 , 17.47 , 245.31 , 46.75 , 68.76 , 74.34 , 593.54 , 134.06 , 207.68 ," 1,047.37 ", 181.41 , 309.64 , 521.89 , 534.83 , 118.53 , 493.99 , 287.99 , 247.00 , 193.56 , 126.25 
11/18/24, 234.41 , 34.97 , 262.22 , 76.39 , 88.04 , 113.54 , 96.49 , 96.45 , 39.23 , 69.94 , 31.15 , 42.56 , 27.78 , 17.58 , 112.51 , 199.00 , 17.43 , 245.03 , 46.72 , 69.00 , 74.09 , 587.99 , 133.78 , 206.83 ," 1,049.97 ", 183.01 , 312.16 , 521.63 , 530.96 , 119.39 , 488.68 , 286.00 , 244.27 , 196.30 , 126.19 
11/19/24, 233.29 , 34.60 , 259.71 , 77.08 , 88.29 , 113.58 , 96.70 , 96.97 , 39.10 , 69.57 , 31.40 , 42.98 , 28.08 , 17.96 , 113.11 , 203.57 , 17.56 , 243.09 , 46.41 , 68.60 , 73.43 , 581.38 , 132.24 , 204.86 ," 1,028.11 ", 184.91 , 311.85 , 519.46 , 533.26 , 118.96 , 491.02 , 280.96 , 243.58 , 191.61 , 130.33 
11/20/24, 233.56 , 34.57 , 258.93 , 76.88 , 87.97 , 113.74 , 96.80 , 97.88 , 38.73 , 70.05 , 31.57 , 42.79 , 28.00 , 18.28 , 113.16 , 202.84 , 17.82 , 240.78 , 46.06 , 68.28 , 73.58 , 581.93 , 131.69 , 203.95 ," 1,024.67 ", 185.03 , 307.39 , 512.54 , 534.73 , 119.15 , 491.98 , 280.05 , 244.36 , 190.25 , 129.76 
11/21/24, 239.02 , 35.34 , 264.26 , 77.36 , 88.14 , 114.86 , 98.08 , 98.70 , 39.31 , 71.38 , 31.73 , 43.49 , 28.54 , 18.97 , 116.75 , 207.69 , 17.94 , 244.76 , 46.46 , 68.95 , 74.83 , 596.11 , 134.99 , 205.75 ," 1,028.00 ", 194.01 , 309.90 , 515.10 , 542.01 , 120.53 , 496.41 , 279.93 , 246.60 , 195.30 , 133.28 
11/22/24, 242.39 , 35.78 , 268.95 , 76.00 , 87.60 , 114.70 , 97.59 , 98.36 , 38.71 , 71.35 , 31.93 , 43.26 , 28.49 , 19.07 , 117.05 , 207.31 , 17.57 , 248.55 , 47.00 , 69.84 , 75.96 , 602.78 , 134.69 , 210.07 ," 1,036.46 ", 199.05 , 309.92 , 520.86 , 542.22 , 120.77 , 496.87 , 281.81 , 248.16 , 198.95 , 132.89 
11/25/24, 249.32 , 36.62 , 275.93 , 76.64 , 88.42 , 115.00 , 98.10 , 99.47 , 39.13 , 71.60 , 32.48 , 42.95 , 27.85 , 18.97 , 111.52 , 201.06 , 17.67 , 250.29 , 47.50 , 70.75 , 76.90 , 603.03 , 133.66 , 212.47 ," 1,031.49 ", 193.12 , 313.19 , 526.60 , 521.89 , 118.65 , 485.27 , 281.35 , 240.60 , 198.88 , 130.39 
11/26/24, 245.63 , 36.69 , 276.09 , 77.49 , 89.33 , 117.04 , 99.33 , 101.70 , 39.49 , 71.87 , 32.53 , 42.70 , 28.09 , 19.20 , 113.45 , 203.41 , 18.09 , 249.97 , 47.75 , 69.75 , 77.35 , 605.50 , 131.28 , 214.20 ," 1,026.48 ", 191.66 , 311.82 , 528.48 , 521.45 , 120.61 , 488.43 , 282.02 , 245.58 , 197.98 , 132.36 
11/27/24, 245.23 , 36.58 , 275.38 , 78.52 , 89.74 , 117.42 , 99.89 , 101.58 , 39.51 , 72.92 , 32.66 , 42.90 , 28.07 , 19.42 , 112.59 , 201.39 , 18.67 , 249.79 , 47.77 , 70.16 , 77.21 , 605.43 , 131.21 , 215.00 ," 1,019.45 ", 189.02 , 314.70 , 532.38 , 525.75 , 120.34 , 489.08 , 282.31 , 245.33 , 199.37 , 130.45 
11/29/24, 244.66 , 36.55 , 275.85 , 78.67 , 89.13 , 117.05 , 99.86 , 100.59 , 39.56 , 72.56 , 32.62 , 43.38 , 28.27 , 19.86 , 113.60 , 204.30 , 18.31 , 249.72 , 47.51 , 70.87 , 76.17 , 608.57 , 131.61 , 214.72 ," 1,022.80 ", 191.09 , 315.08 , 532.94 , 529.41 , 121.83 , 489.65 , 284.01 , 246.25 , 197.92 , 130.85 
12/2/24, 240.78 , 36.34 , 272.75 , 77.07 , 87.77 , 115.18 , 98.22 , 98.50 , 38.37 , 71.20 , 31.99 , 43.36 , 27.44 , 19.42 , 110.44 , 194.54 , 18.57 , 246.25 , 47.04 , 71.39 , 75.28 , 601.71 , 131.03 , 211.36 ," 1,020.11 ", 187.05 , 316.65 , 531.36 , 520.34 , 118.68 , 484.75 , 276.44 , 242.82 , 194.84 , 129.13 
12/3/24, 236.99 , 36.00 , 270.12 , 76.29 , 86.26 , 113.64 , 97.02 , 97.53 , 38.14 , 71.00 , 32.13 , 43.49 , 27.42 , 19.26 , 110.51 , 197.13 , 18.16 , 244.82 , 46.82 , 71.42 , 74.14 , 602.08 , 130.44 , 209.01 ," 1,039.00 ", 186.17 , 313.01 , 526.18 , 517.00 , 118.10 , 485.21 , 277.42 , 239.86 , 191.87 , 129.20 
12/4/24, 235.00 , 35.30 , 267.63 , 75.74 , 85.85 , 113.28 , 96.25 , 96.62 , 37.85 , 70.72 , 32.30 , 43.64 , 27.39 , 18.98 , 108.74 , 195.45 , 18.44 , 243.40 , 46.37 , 71.50 , 73.06 , 598.71 , 129.99 , 207.92 ," 1,035.00 ", 185.50 , 309.90 , 521.14 , 517.50 , 119.23 , 486.62 , 277.66 , 240.48 , 192.90 , 130.50 
12/5/24, 234.63 , 34.62 , 264.00 , 76.20 , 86.19 , 114.01 , 97.45 , 96.50 , 37.98 , 70.86 , 31.99 , 43.92 , 27.97 , 19.07 , 110.12 , 198.33 , 18.18 , 245.48 , 47.00 , 72.23 , 73.66 , 596.80 , 130.32 , 208.83 ," 1,044.78 ", 187.20 , 309.08 , 524.77 , 517.48 , 118.52 , 479.57 , 275.15 , 238.14 , 188.88 , 127.97 
12/6/24, 233.57 , 34.45 , 260.78 , 75.24 , 84.81 , 112.10 , 95.85 , 94.82 , 37.85 , 69.74 , 31.66 , 43.14 , 27.77 , 19.26 , 109.00 , 194.34 , 17.89 , 247.36 , 46.75 , 72.15 , 74.33 , 599.68 , 129.96 , 208.63 ," 1,042.87 ", 187.00 , 311.01 , 528.57 , 513.03 , 117.99 , 473.65 , 271.80 , 234.64 , 187.95 , 126.01 
12/9/24, 233.54 , 33.97 , 256.84 , 74.70 , 84.31 , 111.86 , 95.58 , 94.78 , 37.44 , 69.11 , 31.36 , 42.35 , 27.10 , 18.84 , 105.12 , 186.93 , 17.63 , 243.81 , 45.91 , 71.86 , 72.62 , 594.12 , 128.58 , 204.50 ," 1,046.38 ", 185.35 , 308.30 , 522.82 , 510.01 , 116.58 , 479.17 , 269.57 , 229.76 , 193.25 , 122.20 
12/10/24, 237.09 , 34.17 , 256.08 , 74.14 , 84.39 , 111.11 , 95.10 , 94.69 , 37.32 , 69.15 , 31.38 , 42.31 , 26.89 , 18.74 , 104.34 , 185.34 , 17.89 , 242.86 , 45.75 , 72.50 , 72.05 , 585.03 , 126.79 , 204.44 ," 1,057.07 ", 189.57 , 312.38 , 529.01 , 512.94 , 117.61 , 480.18 , 270.43 , 230.68 , 190.98 , 122.10 
12/11/24, 233.78 , 33.61 , 247.25 , 73.98 , 83.25 , 109.59 , 93.63 , 92.75 , 36.76 , 68.36 , 31.41 , 42.34 , 26.95 , 19.18 , 104.33 , 186.28 , 18.05 , 243.53 , 46.08 , 71.96 , 71.60 , 592.56 , 127.59 , 203.38 ," 1,065.26 ", 192.41 , 313.79 , 534.45 , 504.24 , 116.94 , 475.62 , 265.43 , 228.87 , 191.52 , 122.84 
12/12/24, 233.71 , 33.68 , 248.31 , 73.22 , 83.37 , 109.16 , 92.85 , 92.61 , 36.83 , 68.49 , 31.91 , 42.05 , 26.90 , 19.21 , 104.47 , 185.57 , 17.86 , 241.53 , 46.08 , 71.43 , 70.80 , 591.61 , 127.91 , 202.31 ," 1,058.82 ", 190.30 , 314.23 , 532.41 , 496.58 , 116.05 , 481.51 , 263.04 , 224.35 , 190.85 , 122.65 
12/13/24, 234.98 , 33.24 , 246.22 , 73.62 , 83.20 , 108.82 , 92.71 , 92.69 , 36.87 , 68.12 , 31.94 , 41.91 , 26.88 , 19.04 , 104.03 , 184.62 , 17.55 , 239.94 , 45.67 , 71.01 , 70.44 , 585.48 , 127.40 , 201.50 ," 1,056.54 ", 188.42 , 314.74 , 529.00 , 494.65 , 117.75 , 480.00 , 263.11 , 223.16 , 192.14 , 120.91 
12/16/24, 232.89 , 32.94 , 242.82 , 72.79 , 81.88 , 107.44 , 91.77 , 91.26 , 36.22 , 67.66 , 32.07 , 41.53 , 26.56 , 18.70 , 102.85 , 183.40 , 17.44 , 239.58 , 45.47 , 71.49 , 71.98 , 586.33 , 129.03 , 200.53 ," 1,064.65 ", 188.46 , 315.89 , 530.31 , 491.65 , 118.11 , 482.60 , 266.07 , 222.04 , 198.27 , 121.86 
12/17/24, 229.88 , 32.93 , 242.47 , 72.27 , 83.28 , 107.89 , 91.92 , 90.84 , 36.52 , 68.08 , 31.71 , 41.40 , 26.61 , 18.64 , 101.78 , 181.22 , 16.97 , 238.36 , 45.05 , 71.12 , 70.81 , 574.68 , 127.74 , 198.30 ," 1,049.22 ", 183.11 , 318.30 , 531.01 , 490.61 , 117.42 , 480.29 , 265.22 , 218.45 , 193.49 , 118.07 
12/18/24, 224.54 , 32.08 , 237.80 , 70.52 , 81.50 , 105.76 , 90.91 , 88.87 , 36.56 , 66.40 , 31.44 , 40.50 , 25.83 , 18.20 , 97.64 , 171.94 , 16.98 , 230.37 , 43.50 , 68.12 , 68.76 , 550.25 , 121.04 , 191.96 ," 1,020.30 ", 171.70 , 309.78 , 519.96 , 482.94 , 114.45 , 467.66 , 262.27 , 213.42 , 194.44 , 113.72 
12/19/24, 223.15 , 31.58 , 230.60 , 69.77 , 81.78 , 107.08 , 91.24 , 89.07 , 37.19 , 66.65 , 31.76 , 40.71 , 26.24 , 18.27 , 97.66 , 172.53 , 16.94 , 232.96 , 43.38 , 68.42 , 68.85 , 553.99 , 120.50 , 190.03 ," 1,016.33 ", 168.91 , 314.88 , 523.28 , 479.66 , 115.46 , 467.13 , 260.28 , 210.64 , 187.61 , 112.96 
12/20/24, 226.32 , 31.85 , 234.15 , 71.67 , 82.86 , 108.28 , 92.75 , 90.03 , 37.02 , 67.40 , 32.54 , 41.37 , 26.85 , 18.86 , 100.08 , 176.79 , 16.91 , 237.60 , 44.17 , 69.19 , 70.34 , 566.10 , 123.44 , 192.76 ," 1,028.69 ", 170.84 , 317.71 , 528.03 , 489.02 , 116.48 , 469.54 , 263.64 , 213.55 , 190.45 , 113.28 
12/23/24, 227.13 , 32.22 , 235.77 , 72.49 , 83.04 , 108.56 , 92.86 , 89.67 , 37.33 , 67.72 , 32.10 , 41.80 , 27.05 , 19.04 , 100.97 , 178.37 , 17.13 , 238.39 , 43.89 , 69.77 , 70.54 , 570.78 , 124.45 , 193.12 ," 1,039.70 ", 172.19 , 317.22 , 528.96 , 486.49 , 116.63 , 467.20 , 265.19 , 213.03 , 190.41 , 111.88 
12/24/24, 229.75 , 32.57 , 237.92 , 72.91 , 83.16 , 108.97 , 92.37 , 89.58 , 37.52 , 68.21 , 32.39 , 41.87 , 27.33 , 19.60 , 102.19 , 180.72 , 16.84 , 242.31 , 44.38 , 71.00 , 71.59 , 582.79 , 127.06 , 194.08 ," 1,054.83 ", 175.69 , 320.65 , 535.71 , 488.13 , 116.83 , 471.09 , 265.90 , 213.32 , 192.46 , 112.87 
12/26/24, 230.23 , 32.52 , 237.18 , 72.37 , 82.84 , 108.31 , 92.06 , 89.59 , 37.45 , 68.18 , 32.37 , 41.80 , 27.25 , 19.26 , 101.25 , 177.90 , 16.77 , 243.14 , 44.55 , 71.35 , 71.76 , 581.23 , 128.03 , 194.77 ," 1,054.28 ", 176.46 , 320.91 , 536.15 , 489.98 , 117.04 , 472.23 , 266.78 , 213.59 , 191.83 , 113.00 
12/27/24, 229.93 , 32.46 , 235.25 , 72.11 , 83.14 , 108.34 , 92.51 , 89.56 , 37.43 , 68.14 , 32.21 , 41.82 , 27.18 , 19.28 , 100.83 , 177.36 , 16.83 , 241.17 , 44.34 , 71.00 , 71.11 , 576.18 , 126.76 , 193.28 ," 1,044.18 ", 174.01 , 318.66 , 532.20 , 488.97 , 116.71 , 471.35 , 266.14 , 212.37 , 190.42 , 112.52 
12/30/24, 227.79 , 32.15 , 233.49 , 71.76 , 82.38 , 107.71 , 92.06 , 89.16 , 37.63 , 67.59 , 31.83 , 42.12 , 27.36 , 19.57 , 100.78 , 177.76 , 17.08 , 239.32 , 43.91 , 70.39 , 70.41 , 573.55 , 125.75 , 192.53 ," 1,027.43 ", 172.05 , 315.31 , 525.55 , 483.37 , 115.22 , 466.52 , 263.38 , 208.94 , 188.41 , 112.16 
12/31/24, 228.04 , 32.27 , 234.70 , 71.69 , 82.32 , 107.74 , 92.23 , 89.23 , 37.64 , 67.52 , 31.73 , 42.43 , 27.40 , 19.59 , 100.40 , 178.50 , 17.32 , 239.71 , 43.95 , 70.39 , 70.24 , 572.62 , 125.72 , 192.85 ," 1,025.11 ", 172.42 , 316.04 , 526.57 , 485.94 , 115.72 , 469.29 , 263.49 , 210.28 , 188.97 , 111.39 
1/2/25, 229.12 , 32.16 , 234.60 , 71.61 , 82.07 , 107.82 , 91.94 , 89.03 , 37.66 , 66.86 , 31.49 , 42.98 , 28.11 , 19.71 , 101.77 , 183.06 , 17.38 , 240.00 , 44.29 , 69.94 , 70.19 , 574.97 , 124.78 , 191.39 ," 1,017.40 ", 173.75 , 314.40 , 522.40 , 482.25 , 116.01 , 468.01 , 261.01 , 207.36 , 187.61 , 111.48 
1/3/25, 231.50 , 32.34 , 235.88 , 71.99 , 82.32 , 107.78 , 92.05 , 89.24 , 38.05 , 66.69 , 31.64 , 43.09 , 28.27 , 19.64 , 102.90 , 186.17 , 17.58 , 243.28 , 44.81 , 71.00 , 71.31 , 580.13 , 125.94 , 195.63 ," 1,020.83 ", 175.91 , 314.91 , 521.36 , 481.82 , 115.87 , 467.82 , 263.37 , 209.75 , 188.08 , 113.50 
1/6/25, 230.01 , 32.00 , 236.96 , 71.24 , 80.96 , 106.37 , 90.32 , 88.37 , 37.80 , 65.14 , 31.05 , 42.99 , 27.83 , 19.62 , 101.62 , 186.16 , 17.63 , 240.85 , 45.40 , 72.74 , 72.03 , 583.39 , 128.64 , 195.59 ," 1,012.74 ", 174.79 , 313.04 , 511.93 , 466.00 , 114.10 , 455.14 , 257.99 , 204.29 , 186.70 , 114.78 
1/7/25, 230.54 , 32.19 , 237.76 , 70.43 , 81.09 , 106.81 , 90.47 , 88.00 , 37.53 , 65.64 , 30.87 , 43.64 , 27.81 , 19.49 , 101.61 , 187.82 , 18.73 , 243.17 , 46.08 , 73.68 , 71.59 , 580.12 , 126.88 , 194.77 , 980.76 , 171.34 , 311.67 , 511.40 , 463.96 , 114.80 , 452.39 , 259.65 , 203.00 , 189.05 , 115.13 
1/8/25, 231.82 , 32.20 , 236.91 , 70.66 , 83.02 , 108.23 , 92.26 , 89.01 , 38.19 , 66.39 , 31.17 , 44.02 , 28.29 , 19.73 , 102.85 , 191.98 , 18.88 , 243.13 , 46.21 , 73.26 , 71.57 , 580.02 , 127.86 , 194.68 , 986.10 , 173.97 , 312.60 , 516.40 , 468.85 , 115.92 , 462.21 , 261.47 , 207.15 , 189.66 , 114.53 
1/10/25, 225.21 , 31.78 , 233.94 , 67.38 , 81.32 , 105.87 , 93.51 , 88.15 , 37.30 , 63.37 , 31.18 , 43.48 , 28.16 , 19.42 , 101.75 , 193.30 , 19.01 , 239.87 , 45.11 , 71.40 , 69.96 , 560.00 , 123.45 , 189.02 , 955.64 , 164.85 , 307.71 , 504.67 , 468.05 , 115.11 , 458.69 , 259.38 , 208.28 , 190.02 , 114.69 
1/13/25, 226.76 , 31.89 , 237.36 , 66.96 , 81.87 , 106.14 , 94.54 , 88.47 , 37.56 , 63.62 , 31.61 , 43.40 , 28.52 , 19.47 , 103.98 , 197.47 , 19.40 , 244.21 , 45.06 , 72.77 , 70.53 , 562.95 , 123.99 , 192.43 , 955.01 , 165.77 , 306.92 , 504.91 , 483.16 , 117.74 , 472.38 , 263.67 , 213.92 , 195.14 , 114.54 
1/14/25, 229.38 , 32.14 , 239.24 , 67.98 , 82.05 , 106.85 , 94.50 , 89.37 , 37.92 , 64.08 , 31.86 , 44.07 , 29.12 , 19.93 , 106.04 , 201.38 , 19.35 , 247.47 , 45.78 , 73.50 , 71.19 , 571.53 , 124.62 , 195.71 , 963.17 , 169.32 , 309.09 , 509.02 , 484.46 , 119.47 , 475.50 , 265.12 , 214.89 , 197.43 , 117.11 
1/15/25, 230.86 , 32.46 , 240.36 , 69.29 , 82.34 , 106.45 , 95.12 , 90.23 , 38.02 , 64.94 , 31.87 , 44.33 , 29.44 , 20.04 , 106.88 , 205.50 , 20.16 , 252.35 , 47.10 , 78.27 , 75.95 , 605.92 , 130.55 , 200.44 ," 1,013.18 ", 175.14 , 316.28 , 522.35 , 483.97 , 119.09 , 472.30 , 266.09 , 214.14 , 198.70 , 118.51 
1/16/25, 234.89 , 32.97 , 247.11 , 71.37 , 83.89 , 109.06 , 96.82 , 92.22 , 39.34 , 66.20 , 32.80 , 44.03 , 30.06 , 20.25 , 108.66 , 212.95 , 20.06 , 254.27 , 46.64 , 78.51 , 75.95 , 612.99 , 135.81 , 196.54 , 995.72 , 176.72 , 317.25 , 523.14 , 486.86 , 120.46 , 481.19 , 268.83 , 218.48 , 201.02 , 121.13 
1/17/25, 234.26 , 32.73 , 245.34 , 70.76 , 83.90 , 109.26 , 97.25 , 93.65 , 39.42 , 66.72 , 32.56 , 44.51 , 30.31 , 20.29 , 108.96 , 215.72 , 20.57 , 259.16 , 46.53 , 79.99 , 77.08 , 625.94 , 137.87 , 198.54 ," 1,004.96 ", 179.95 , 319.62 , 524.70 , 490.32 , 121.11 , 482.38 , 266.67 , 218.16 , 202.55 , 122.43 
1/21/25, 236.73 , 33.27 , 251.85 , 70.85 , 84.73 , 110.77 , 97.81 , 93.21 , 40.44 , 67.68 , 33.06 , 45.31 , 31.22 , 20.91 , 109.85 , 217.22 , 20.59 , 263.03 , 46.66 , 81.67 , 77.85 , 634.74 , 137.30 , 198.56 ," 1,012.09 ", 181.52 , 323.63 , 528.06 , 506.29 , 125.75 , 504.45 , 271.63 , 222.86 , 208.61 , 126.68 
1/22/25, 235.80 , 33.24 , 251.85 , 68.49 , 82.52 , 108.82 , 97.49 , 90.77 , 39.22 , 66.98 , 32.44 , 44.76 , 30.78 , 20.92 , 106.30 , 211.27 , 20.57 , 262.84 , 45.79 , 81.69 , 77.54 , 632.73 , 136.00 , 196.30 ," 1,006.34 ", 182.77 , 323.56 , 527.18 , 499.34 , 124.38 , 502.41 , 268.84 , 220.06 , 205.17 , 128.33 
1/23/25, 248.05 , 33.67 , 256.14 , 69.23 , 82.26 , 109.34 , 97.47 , 90.76 , 39.24 , 66.06 , 32.44 , 44.86 , 30.48 , 21.06 , 104.89 , 211.39 , 20.39 , 265.95 , 46.39 , 81.98 , 77.43 , 639.50 , 137.80 , 197.65 ," 1,017.73 ", 185.52 , 328.21 , 534.22 , 497.28 , 126.29 , 499.77 , 268.56 , 219.79 , 204.14 , 128.46 
1/24/25, 248.78 , 32.69 , 254.67 , 72.83 , 83.48 , 109.86 , 98.18 , 90.60 , 39.38 , 66.61 , 32.36 , 45.06 , 30.27 , 21.05 , 104.53 , 209.07 , 20.17 , 264.84 , 46.52 , 81.48 , 77.32 , 636.90 , 137.82 , 199.53 ," 1,020.45 ", 186.74 , 330.20 , 533.49 , 496.96 , 125.31 , 497.02 , 266.43 , 218.65 , 202.72 , 127.65 
1/27/25, 254.42 , 33.64 , 259.76 , 73.83 , 86.50 , 112.62 , 102.63 , 94.89 , 40.70 , 67.99 , 32.88 , 44.70 , 27.46 , 19.81 , 100.45 , 199.24 , 20.52 , 265.85 , 47.09 , 81.07 , 77.94 , 633.28 , 136.65 , 202.89 ," 1,029.94 ", 182.52 , 334.54 , 547.64 , 503.69 , 125.05 , 503.23 , 269.84 , 222.29 , 202.99 , 111.46 
1/28/25, 249.16 , 32.68 , 252.32 , 70.54 , 83.54 , 111.31 , 100.00 , 93.39 , 39.81 , 66.43 , 32.31 , 44.46 , 27.46 , 20.35 , 100.60 , 202.37 , 20.64 , 267.14 , 46.84 , 79.94 , 77.88 , 637.80 , 138.54 , 201.72 ," 1,051.20 ", 185.59 , 334.48 , 547.36 , 457.45 , 128.35 , 486.64 , 262.57 , 213.30 , 195.77 , 112.06 
1/29/25, 249.55 , 32.98 , 256.74 , 70.89 , 82.83 , 110.62 , 98.05 , 92.57 , 39.57 , 66.07 , 32.30 , 44.26 , 27.30 , 20.53 , 100.38 , 202.86 , 20.96 , 266.58 , 46.75 , 80.63 , 78.37 , 637.38 , 138.71 , 202.18 ," 1,052.61 ", 185.38 , 335.88 , 548.80 , 454.36 , 125.13 , 481.54 , 251.45 , 211.95 , 192.89 , 112.14 
1/30/25, 249.92 , 32.86 , 257.20 , 71.30 , 84.93 , 112.26 , 98.03 , 93.86 , 40.02 , 66.86 , 32.88 , 44.50 , 28.10 , 21.08 , 99.87 , 205.21 , 19.80 , 268.23 , 46.72 , 81.86 , 78.82 , 645.70 , 139.94 , 202.07 ," 1,071.52 ", 177.78 , 343.05 , 566.01 , 459.65 , 128.98 , 483.37 , 256.93 , 212.06 , 195.50 , 115.24 
1/31/25, 247.79 , 32.87 , 255.30 , 71.56 , 83.95 , 111.99 , 98.36 , 93.74 , 40.00 , 67.20 , 32.57 , 43.24 , 27.48 , 20.48 , 97.17 , 196.80 , 19.90 , 267.30 , 46.30 , 81.43 , 78.80 , 640.40 , 138.43 , 200.95 ," 1,075.50 ", 177.11 , 341.80 , 555.43 , 462.95 , 128.95 , 487.27 , 256.98 , 212.01 , 197.26 , 112.93 
2/3/25, 243.02 , 32.51 , 250.32 , 71.05 , 83.97 , 113.20 , 99.36 , 95.62 , 40.57 , 67.75 , 32.51 , 42.92 , 27.58 , 20.76 , 97.63 , 201.73 , 20.10 , 266.81 , 46.21 , 79.61 , 78.14 , 632.37 , 137.16 , 197.64 ," 1,013.75 ", 173.54 , 345.82 , 563.95 , 455.42 , 129.92 , 487.75 , 256.59 , 212.78 , 196.56 , 112.31 
2/4/25, 243.50 , 32.87 , 252.92 , 69.90 , 83.20 , 112.43 , 97.88 , 94.91 , 40.54 , 67.32 , 32.15 , 43.72 , 27.50 , 20.77 , 97.02 , 199.81 , 20.29 , 267.94 , 46.71 , 78.48 , 79.47 , 634.18 , 136.77 , 198.98 ," 1,015.66 ", 170.83 , 345.15 , 559.11 , 453.68 , 128.37 , 482.39 , 257.43 , 210.71 , 195.76 , 111.35 
2/5/25, 244.48 , 32.88 , 252.51 , 69.20 , 83.87 , 113.86 , 99.39 , 96.19 , 41.04 , 67.95 , 32.27 , 43.93 , 27.64 , 20.79 , 97.91 , 204.44 , 20.01 , 270.43 , 47.11 , 79.46 , 80.05 , 645.45 , 138.93 , 198.89 ," 1,014.50 ", 174.85 , 349.44 , 566.29 , 449.87 , 129.16 , 472.34 , 258.58 , 208.97 , 195.58 , 113.21 
2/6/25, 243.51 , 32.74 , 251.48 , 69.27 , 83.79 , 114.52 , 100.17 , 95.42 , 41.12 , 67.12 , 32.44 , 44.20 , 26.78 , 20.37 , 95.82 , 198.98 , 19.40 , 276.90 , 47.74 , 82.33 , 81.42 , 658.22 , 141.08 , 202.43 ," 1,006.62 ", 174.55 , 347.48 , 567.16 , 448.52 , 128.78 , 466.55 , 255.53 , 206.66 , 159.75 , 112.80 
2/7/25, 242.08 , 32.59 , 249.10 , 68.27 , 84.58 , 114.99 , 100.35 , 96.08 , 41.31 , 66.60 , 32.40 , 44.45 , 27.04 , 19.93 , 95.81 , 201.42 , 19.75 , 275.80 , 47.40 , 81.72 , 80.67 , 655.90 , 139.98 , 200.72 , 992.04 , 170.27 , 348.02 , 562.75 , 444.39 , 127.95 , 468.58 , 254.83 , 206.13 , 168.49 , 114.43 
2/10/25, 244.33 , 33.08 , 253.43 , 69.70 , 85.51 , 115.60 , 100.83 , 96.70 , 41.80 , 66.88 , 32.38 , 44.81 , 27.07 , 20.09 , 98.69 , 205.97 , 19.72 , 271.04 , 46.67 , 80.73 , 79.10 , 650.53 , 137.31 , 197.28 , 985.55 , 168.61 , 351.23 , 565.49 , 448.22 , 128.25 , 474.37 , 256.34 , 208.43 , 168.27 , 114.07 
2/11/25, 247.73 , 33.11 , 256.45 , 70.33 , 86.45 , 116.69 , 101.88 , 96.31 , 42.36 , 67.19 , 32.41 , 45.25 , 26.79 , 19.81 , 98.93 , 203.17 , 19.37 , 274.99 , 46.79 , 81.11 , 79.64 , 647.24 , 137.79 , 199.22 , 988.20 , 164.78 , 350.72 , 564.70 , 449.36 , 129.11 , 473.84 , 256.99 , 206.75 , 167.77 , 111.89 
2/12/25, 248.51 , 32.92 , 253.91 , 69.28 , 86.81 , 116.37 , 102.35 , 94.57 , 42.89 , 67.40 , 32.58 , 45.10 , 26.28 , 19.65 , 97.62 , 200.59 , 19.54 , 275.45 , 46.21 , 81.27 , 79.25 , 649.00 , 137.11 , 195.59 , 973.71 , 160.89 , 351.49 , 564.60 , 441.97 , 126.78 , 470.86 , 251.33 , 200.61 , 163.49 , 109.39 
2/13/25, 250.97 , 33.10 , 257.22 , 68.60 , 86.78 , 113.95 , 100.99 , 95.66 , 42.97 , 68.40 , 33.43 , 45.45 , 26.56 , 19.82 , 98.97 , 204.42 , 19.80 , 276.32 , 46.33 , 82.10 , 78.85 , 648.95 , 136.84 , 195.43 , 980.30 , 160.48 , 355.63 , 566.31 , 434.72 , 125.84 , 455.06 , 246.16 , 200.00 , 160.82 , 109.12 
2/14/25, 249.22 , 33.37 , 255.99 , 68.06 , 85.58 , 111.60 , 101.83 , 94.92 , 42.85 , 68.61 , 33.41 , 43.07 , 26.55 , 19.99 , 97.85 , 205.36 , 20.36 , 276.59 , 46.96 , 84.61 , 79.98 , 660.55 , 138.95 , 193.91 , 973.92 , 164.84 , 353.81 , 564.76 , 423.19 , 122.41 , 438.90 , 241.94 , 197.61 , 161.27 , 106.83 
2/18/25, 251.17 , 33.64 , 258.42 , 68.50 , 85.89 , 110.89 , 102.20 , 95.76 , 42.70 , 68.54 , 33.81 , 42.75 , 26.75 , 20.30 , 98.64 , 209.45 , 20.47 , 279.95 , 46.53 , 84.63 , 80.78 , 672.19 , 140.71 , 196.52 , 977.86 , 166.74 , 356.73 , 568.61 , 428.54 , 123.76 , 441.36 , 242.60 , 195.70 , 169.71 , 106.74 
2/19/25, 247.06 , 32.41 , 249.05 , 69.06 , 86.48 , 111.79 , 103.09 , 95.26 , 42.65 , 69.07 , 34.09 , 42.31 , 26.89 , 20.12 , 99.20 , 210.29 , 20.62 , 279.25 , 46.01 , 83.94 , 80.35 , 668.15 , 140.69 , 194.21 , 986.34 , 166.85 , 355.23 , 568.50 , 432.95 , 125.41 , 433.45 , 244.18 , 194.65 , 173.77 , 107.69 
2/20/25, 247.65 , 32.46 , 249.41 , 70.14 , 87.82 , 113.16 , 104.35 , 95.76 , 43.17 , 69.32 , 33.73 , 41.98 , 26.59 , 19.94 , 98.63 , 204.70 , 20.48 , 266.80 , 45.30 , 81.34 , 78.63 , 642.26 , 134.34 , 191.89 , 989.38 , 163.90 , 350.49 , 563.28 , 436.29 , 125.11 , 438.11 , 246.20 , 197.23 , 177.89 , 104.82 
2/21/25, 245.55 , 32.30 , 247.76 , 71.58 , 88.40 , 115.55 , 105.33 , 98.26 , 43.39 , 69.94 , 34.29 , 41.78 , 26.41 , 19.39 , 98.10 , 200.36 , 20.29 , 264.24 , 44.81 , 79.65 , 77.50 , 625.60 , 131.69 , 188.05 , 974.22 , 158.38 , 348.53 , 557.51 , 440.72 , 123.29 , 447.96 , 243.06 , 199.02 , 170.29 , 101.38 
2/24/25, 242.33 , 31.81 , 244.10 , 70.80 , 88.89 , 115.92 , 106.29 , 99.68 , 43.35 , 70.78 , 34.20 , 41.54 , 26.47 , 18.97 , 98.12 , 198.47 , 20.11 , 261.34 , 44.46 , 78.54 , 77.22 , 626.14 , 129.97 , 186.96 , 952.80 , 157.07 , 349.86 , 559.00 , 440.27 , 125.43 , 449.94 , 246.27 , 199.85 , 168.81 , 99.90 
2/25/25, 245.89 , 32.09 , 245.10 , 71.28 , 89.85 , 117.29 , 107.64 , 100.97 , 44.04 , 70.45 , 34.22 , 41.65 , 26.10 , 18.92 , 95.77 , 194.92 , 20.11 , 257.40 , 43.94 , 78.14 , 76.00 , 614.91 , 129.60 , 186.47 , 958.01 , 157.23 , 352.09 , 564.03 , 448.46 , 127.34 , 461.01 , 249.91 , 203.97 , 175.48 , 104.07 
2/26/25, 245.48 , 31.98 , 242.06 , 71.01 , 88.75 , 116.31 , 106.89 , 99.96 , 44.06 , 69.97 , 34.04 , 41.75 , 26.17 , 19.16 , 95.76 , 198.57 , 19.96 , 258.79 , 43.94 , 79.07 , 76.45 , 617.77 , 131.05 , 187.02 , 953.77 , 159.46 , 350.63 , 561.27 , 441.50 , 127.31 , 454.87 , 249.24 , 202.33 , 173.19 , 106.64 
2/27/25, 245.07 , 32.01 , 242.18 , 69.38 , 88.29 , 115.89 , 105.16 , 99.92 , 43.79 , 70.76 , 33.74 , 41.73 , 26.21 , 18.94 , 96.64 , 195.54 , 20.34 , 259.05 , 44.12 , 78.87 , 76.62 , 608.00 , 129.24 , 188.56 , 944.89 , 157.39 , 355.74 , 564.82 , 446.46 , 130.52 , 459.97 , 251.62 , 204.90 , 174.28 , 102.13 
2/28/25, 246.69 , 32.01 , 245.75 , 70.17 , 89.79 , 117.49 , 106.05 , 101.52 , 44.20 , 72.10 , 34.38 , 42.73 , 27.10 , 19.29 , 100.39 , 201.72 , 19.95 , 264.65 , 46.10 , 79.95 , 78.32 , 622.29 , 133.11 , 191.92 , 977.78 , 161.16 , 362.71 , 576.31 , 450.37 , 132.99 , 461.74 , 252.60 , 206.11 , 175.58 , 103.97 
3/3/25, 245.81 , 31.93 , 245.14 , 71.62 , 90.85 , 118.67 , 107.70 , 104.02 , 44.55 , 71.90 , 34.57 , 42.67 , 27.14 , 19.03 , 96.76 , 195.68 , 19.30 , 260.62 , 45.56 , 77.17 , 77.03 , 605.26 , 129.13 , 189.49 , 966.47 , 158.53 , 361.82 , 574.92 , 451.94 , 133.83 , 473.41 , 254.04 , 207.70 , 172.68 , 101.50 
3/4/25, 241.52 , 31.20 , 238.51 , 70.85 , 89.89 , 116.41 , 105.24 , 102.15 , 43.68 , 70.03 , 33.69 , 41.55 , 26.99 , 18.47 , 93.79 , 190.01 , 18.95 , 250.25 , 42.67 , 72.35 , 73.30 , 581.14 , 121.72 , 180.45 , 951.79 , 150.73 , 352.23 , 555.07 , 448.82 , 128.70 , 463.83 , 250.80 , 207.08 , 172.30 , 101.25 
3/5/25, 243.61 , 30.92 , 238.64 , 70.48 , 88.65 , 115.23 , 103.39 , 100.20 , 43.36 , 68.73 , 33.82 , 42.49 , 26.73 , 18.20 , 91.87 , 186.81 , 19.00 , 251.53 , 42.29 , 72.96 , 74.16 , 593.07 , 123.75 , 180.47 , 968.14 , 152.04 , 352.68 , 558.30 , 460.42 , 129.64 , 474.20 , 262.96 , 210.53 , 193.59 , 103.94 
3/6/25, 245.27 , 30.93 , 238.20 , 70.01 , 88.72 , 114.84 , 102.59 , 100.91 , 42.88 , 67.66 , 33.40 , 41.60 , 26.31 , 17.70 , 89.74 , 181.98 , 19.35 , 246.54 , 41.46 , 70.58 , 72.65 , 567.67 , 119.37 , 178.98 , 959.64 , 145.63 , 344.16 , 549.82 , 461.50 , 128.28 , 475.20 , 264.55 , 213.79 , 193.93 , 100.24 
3/7/25, 249.31 , 31.26 , 242.22 , 72.83 , 91.40 , 116.74 , 104.62 , 103.64 , 43.11 , 68.00 , 34.26 , 42.00 , 26.14 , 17.46 , 89.57 , 181.91 , 19.43 , 242.28 , 41.40 , 70.46 , 71.05 , 559.67 , 119.29 , 179.77 , 946.92 , 145.15 , 345.32 , 546.77 , 473.65 , 128.40 , 486.52 , 271.56 , 220.10 , 195.97 , 99.56 
3/10/25, 248.29 , 30.65 , 239.10 , 76.16 , 92.96 , 118.50 , 107.32 , 106.66 , 43.76 , 69.35 , 34.43 , 42.68 , 26.14 , 17.26 , 91.42 , 178.44 , 19.32 , 232.22 , 39.83 , 67.41 , 66.78 , 531.66 , 111.69 , 174.61 , 915.26 , 139.37 , 341.48 , 537.12 , 479.17 , 128.52 , 495.45 , 271.94 , 217.85 , 197.03 , 96.59 
3/11/25, 237.78 , 29.52 , 232.98 , 74.03 , 90.10 , 117.70 , 104.43 , 103.77 , 43.40 , 68.73 , 34.53 , 42.30 , 26.41 , 17.83 , 92.62 , 181.19 , 19.56 , 229.14 , 39.61 , 67.50 , 67.28 , 531.43 , 112.04 , 170.06 , 910.37 , 138.14 , 332.14 , 525.80 , 468.88 , 128.11 , 494.11 , 264.12 , 212.33 , 195.01 , 96.90 
3/12/25, 237.49 , 29.55 , 230.96 , 72.92 , 88.68 , 116.64 , 102.96 , 102.64 , 42.61 , 68.85 , 34.55 , 42.54 , 26.52 , 18.40 , 92.97 , 187.04 , 19.26 , 227.90 , 39.91 , 67.95 , 68.93 , 535.71 , 114.00 , 171.01 , 910.06 , 140.54 , 332.84 , 524.64 , 461.50 , 127.96 , 475.10 , 260.01 , 208.95 , 191.73 , 98.07 
3/13/25, 234.29 , 29.13 , 227.69 , 72.73 , 89.63 , 118.21 , 104.24 , 104.57 , 43.47 , 68.67 , 34.61 , 42.55 , 26.54 , 18.17 , 93.50 , 182.86 , 19.71 , 225.19 , 39.67 , 67.23 , 68.46 , 524.81 , 111.68 , 168.84 , 900.46 , 136.53 , 328.55 , 519.83 , 467.93 , 129.20 , 490.59 , 261.16 , 211.18 , 195.51 , 97.07 
3/14/25, 237.53 , 30.01 , 232.30 , 73.55 , 90.38 , 120.12 , 105.56 , 106.41 , 44.19 , 69.75 , 35.48 , 42.83 , 27.10 , 18.73 , 96.43 , 190.30 , 19.96 , 232.44 , 40.89 , 68.78 , 70.85 , 541.41 , 115.34 , 172.99 , 928.70 , 140.89 , 331.80 , 527.64 , 466.17 , 129.99 , 484.93 , 262.03 , 211.06 , 196.16 , 98.27 
3/17/25, 237.86 , 30.33 , 234.39 , 72.11 , 90.54 , 120.81 , 105.86 , 107.62 , 44.39 , 69.96 , 35.59 , 43.50 , 27.79 , 18.90 , 98.44 , 196.60 , 19.94 , 233.93 , 41.44 , 69.94 , 70.84 , 551.34 , 117.96 , 174.00 , 958.00 , 147.78 , 334.55 , 531.99 , 467.61 , 132.05 , 490.50 , 265.18 , 212.98 , 207.13 , 100.00 
3/18/25, 237.09 , 30.26 , 234.55 , 70.70 , 90.23 , 120.76 , 105.99 , 107.81 , 44.42 , 70.28 , 35.66 , 43.41 , 27.52 , 18.68 , 98.01 , 194.27 , 20.19 , 234.97 , 41.65 , 70.22 , 71.11 , 551.78 , 118.11 , 173.35 , 958.62 , 146.19 , 334.77 , 530.19 , 469.28 , 132.69 , 489.81 , 267.52 , 212.43 , 208.57 , 98.96 
3/19/25, 236.39 , 30.07 , 234.66 , 70.50 , 89.60 , 119.31 , 105.84 , 107.49 , 44.44 , 70.24 , 35.86 , 43.75 , 27.85 , 18.94 , 100.05 , 198.96 , 20.24 , 239.11 , 42.21 , 71.44 , 72.76 , 557.34 , 119.85 , 173.83 , 957.23 , 149.72 , 339.87 , 536.09 , 470.55 , 135.32 , 491.52 , 267.97 , 213.04 , 207.43 , 102.54 
3/20/25, 234.79 , 29.98 , 233.54 , 71.15 , 89.97 , 120.16 , 106.21 , 108.48 , 44.59 , 70.09 , 35.96 , 44.23 , 28.06 , 18.85 , 100.65 , 199.52 , 19.97 , 239.01 , 42.48 , 71.82 , 72.52 , 562.68 , 120.47 , 173.41 , 954.17 , 148.75 , 339.50 , 536.38 , 466.74 , 134.47 , 489.23 , 265.70 , 209.89 , 201.71 , 100.39 
3/21/25, 233.88 , 29.57 , 231.75 , 70.88 , 89.36 , 119.10 , 105.11 , 107.80 , 43.80 , 69.11 , 35.77 , 43.87 , 27.93 , 18.60 , 99.34 , 197.40 , 20.17 , 241.63 , 42.47 , 71.98 , 72.52 , 565.14 , 120.14 , 173.61 , 951.73 , 148.29 , 335.66 , 535.69 , 439.70 , 132.37 , 490.72 , 263.41 , 207.98 , 201.47 , 99.38 
3/24/25, 235.20 , 29.85 , 235.55 , 70.07 , 88.88 , 118.15 , 104.18 , 106.83 , 43.58 , 68.86 , 35.72 , 44.26 , 28.71 , 18.88 , 102.30 , 204.96 , 20.18 , 248.06 , 43.07 , 74.04 , 74.28 , 580.10 , 124.27 , 176.54 , 963.50 , 152.08 , 343.87 , 543.67 , 434.98 , 134.69 , 495.08 , 265.88 , 210.71 , 205.89 , 104.08 
3/25/25, 235.79 , 29.53 , 234.00 , 68.59 , 87.73 , 116.08 , 102.50 , 105.55 , 42.76 , 67.93 , 35.23 , 44.42 , 28.83 , 18.88 , 102.38 , 205.57 , 20.38 , 251.13 , 43.28 , 74.47 , 74.24 , 585.94 , 125.20 , 176.88 , 973.48 , 151.21 , 344.62 , 545.16 , 442.07 , 135.66 , 506.62 , 267.54 , 212.56 , 206.25 , 104.74 
3/26/25, 238.03 , 29.90 , 235.76 , 69.73 , 89.06 , 117.11 , 103.90 , 107.46 , 44.02 , 68.92 , 35.54 , 44.52 , 28.48 , 18.93 , 101.26 , 202.04 , 20.09 , 251.03 , 42.82 , 73.24 , 73.47 , 573.92 , 122.20 , 176.92 , 968.24 , 146.66 , 344.18 , 549.07 , 445.17 , 134.33 , 507.14 , 269.58 , 211.93 , 203.27 , 102.34 
3/27/25, 235.97 , 29.92 , 235.21 , 70.03 , 90.03 , 117.65 , 105.15 , 107.89 , 44.25 , 69.32 , 35.67 , 44.36 , 28.23 , 18.88 , 98.68 , 199.01 , 20.21 , 248.12 , 42.56 , 71.85 , 72.28 , 558.92 , 119.00 , 174.97 , 967.94 , 144.50 , 349.86 , 557.57 , 442.28 , 133.43 , 513.82 , 269.49 , 212.70 , 203.15 , 101.44 
3/28/25, 232.15 , 29.11 , 230.55 , 70.45 , 91.13 , 119.41 , 106.96 , 108.77 , 44.71 , 69.72 , 36.25 , 44.46 , 28.37 , 18.71 , 98.48 , 197.82 , 20.00 , 242.85 , 41.25 , 70.33 , 70.69 , 543.12 , 115.33 , 171.88 , 946.70 , 138.11 , 342.85 , 540.61 , 441.49 , 131.72 , 512.19 , 269.08 , 207.75 , 205.32 , 99.21 
3/31/25, 236.24 , 29.43 , 236.85 , 70.89 , 91.95 , 121.97 , 109.27 , 110.59 , 46.08 , 70.79 , 36.23 , 44.31 , 28.53 , 18.59 , 99.22 , 200.47 , 20.13 , 245.30 , 41.73 , 70.99 , 71.79 , 546.29 , 116.67 , 175.77 , 946.48 , 139.78 , 350.46 , 548.12 , 446.71 , 132.46 , 512.01 , 272.58 , 209.31 , 204.04 , 98.65 
4/1/25, 237.17 , 29.54 , 236.61 , 70.92 , 91.82 , 121.07 , 108.37 , 110.06 , 45.92 , 70.72 , 36.80 , 44.57 , 28.63 , 18.73 , 99.50 , 203.07 , 20.28 , 243.66 , 41.49 , 70.54 , 71.31 , 548.45 , 115.74 , 174.64 , 944.08 , 142.80 , 346.35 , 548.51 , 448.64 , 132.85 , 513.10 , 274.14 , 209.75 , 202.20 , 100.49 
4/2/25, 238.46 , 29.74 , 238.57 , 70.48 , 91.30 , 120.39 , 107.75 , 109.58 , 45.97 , 70.90 , 36.93 , 45.14 , 28.92 , 18.93 , 100.37 , 205.72 , 19.24 , 245.82 , 41.85 , 71.76 , 72.26 , 563.10 , 119.27 , 177.01 , 961.84 , 147.66 , 346.33 , 547.38 , 452.87 , 133.15 , 512.18 , 276.04 , 211.90 , 204.93 , 101.90 
4/3/25, 223.97 , 27.99 , 220.74 , 72.14 , 92.56 , 124.05 , 109.11 , 112.72 , 47.23 , 72.14 , 37.36 , 45.34 , 27.72 , 17.73 , 92.70 , 180.72 , 17.34 , 228.69 , 37.22 , 63.05 , 65.67 , 511.23 , 107.93 , 161.29 , 887.65 , 133.10 , 339.39 , 530.55 , 454.78 , 130.23 , 515.17 , 269.62 , 209.94 , 199.22 , 95.42 
4/4/25, 213.26 , 27.21 , 210.93 , 66.91 , 88.94 , 118.93 , 104.48 , 109.32 , 45.35 , 67.89 , 36.08 , 43.35 , 25.29 , 16.16 , 80.86 , 161.19 , 16.47 , 210.28 , 34.39 , 58.13 , 60.98 , 470.81 , 99.83 , 153.10 , 822.62 , 125.04 , 313.13 , 489.77 , 432.15 , 117.45 , 485.52 , 250.01 , 202.06 , 184.95 , 89.24 
4/7/25, 209.97 , 27.09 , 208.05 , 65.06 , 87.22 , 116.86 , 101.57 , 105.40 , 44.69 , 67.06 , 35.50 , 41.95 , 25.37 , 15.87 , 80.91 , 165.28 , 16.03 , 214.44 , 35.58 , 58.85 , 62.17 , 465.51 , 100.92 , 152.81 , 817.50 , 124.65 , 312.32 , 485.52 , 430.82 , 117.32 , 481.57 , 247.68 , 200.21 , 183.31 , 90.02 
4/8/25, 208.27 , 26.69 , 206.34 , 64.11 , 86.86 , 115.95 , 101.28 , 106.05 , 44.49 , 67.04 , 35.55 , 41.09 , 25.21 , 15.65 , 78.71 , 160.57 , 17.16 , 216.87 , 35.03 , 58.77 , 62.08 , 462.22 , 100.31 , 149.76 , 815.72 , 120.07 , 308.27 , 479.92 , 443.36 , 120.46 , 491.97 , 254.40 , 200.75 , 187.54 , 93.17 
4/9/25, 223.53 , 28.66 , 222.02 , 67.58 , 87.80 , 116.31 , 102.35 , 105.77 , 44.30 , 68.58 , 36.26 , 41.77 , 26.25 , 16.67 , 84.86 , 173.65 , 16.60 , 234.34 , 37.15 , 64.15 , 66.33 , 516.87 , 111.70 , 160.23 , 897.08 , 137.36 , 332.43 , 515.43 , 462.24 , 128.43 , 512.30 , 271.52 , 214.35 , 200.08 , 104.08 
4/10/25, 219.32 , 27.82 , 215.46 , 66.72 , 88.89 , 116.84 , 103.20 , 108.30 , 45.12 , 68.41 , 36.19 , 41.82 , 25.79 , 15.91 , 81.24 , 162.43 , 16.78 , 227.11 , 35.85 , 61.59 , 63.11 , 489.80 , 106.58 , 152.16 , 858.78 , 127.45 , 324.61 , 499.34 , 463.70 , 127.07 , 516.09 , 271.82 , 213.51 , 200.89 , 101.02 
4/11/25, 218.59 , 28.01 , 218.31 , 65.81 , 89.86 , 118.94 , 104.63 , 109.84 , 46.00 , 69.56 , 36.58 , 43.24 , 26.47 , 16.33 , 82.56 , 163.56 , 17.17 , 236.20 , 35.95 , 61.64 , 62.51 , 494.44 , 108.12 , 151.99 , 878.78 , 127.18 , 333.40 , 509.75 , 474.90 , 128.26 , 533.99 , 276.65 , 222.03 , 215.74 , 103.25 
4/14/25, 222.27 , 28.27 , 221.40 , 67.69 , 91.16 , 120.60 , 106.58 , 112.25 , 46.86 , 70.73 , 37.23 , 44.02 , 26.80 , 16.82 , 83.38 , 164.73 , 17.46 , 234.72 , 36.67 , 63.22 , 63.10 , 503.98 , 109.11 , 155.32 , 889.95 , 130.47 , 335.18 , 512.46 , 475.34 , 129.14 , 535.82 , 278.78 , 222.69 , 219.95 , 103.87 
4/15/25, 220.08 , 27.90 , 217.72 , 67.66 , 91.02 , 120.49 , 106.68 , 111.81 , 46.74 , 70.27 , 37.16 , 44.28 , 27.22 , 17.11 , 84.16 , 168.04 , 17.50 , 233.13 , 37.99 , 64.33 , 64.54 , 507.89 , 110.44 , 155.39 , 888.44 , 133.54 , 335.81 , 517.38 , 469.58 , 128.64 , 529.36 , 277.14 , 220.95 , 217.98 , 104.08 
4/16/25, 216.60 , 27.35 , 214.03 , 65.64 , 90.47 , 120.35 , 105.92 , 111.44 , 46.51 , 69.10 , 36.78 , 44.57 , 26.95 , 16.92 , 84.80 , 172.68 , 17.74 , 229.61 , 37.33 , 62.10 , 63.98 , 499.05 , 107.86 , 151.54 , 865.78 , 129.38 , 331.33 , 513.43 , 477.08 , 129.25 , 537.51 , 276.63 , 218.88 , 215.60 , 103.86 
4/17/25, 220.26 , 27.68 , 219.84 , 66.31 , 91.81 , 121.80 , 107.71 , 112.10 , 47.26 , 70.13 , 37.16 , 45.37 , 27.10 , 17.27 , 86.23 , 174.57 , 17.33 , 231.96 , 37.41 , 63.25 , 64.71 , 509.49 , 109.18 , 152.33 , 875.78 , 130.39 , 329.61 , 517.33 , 464.08 , 128.89 , 540.39 , 276.08 , 218.22 , 219.48 , 103.71 
4/21/25, 216.05 , 27.46 , 218.94 , 64.68 , 90.23 , 120.17 , 105.53 , 110.96 , 46.23 , 68.97 , 36.49 , 44.99 , 25.79 , 16.56 , 81.82 , 164.54 , 17.75 , 228.99 , 36.92 , 62.69 , 64.01 , 501.36 , 106.30 , 150.13 , 854.00 , 120.22 , 320.10 , 509.32 , 458.33 , 126.12 , 531.33 , 273.18 , 214.12 , 217.86 , 100.46 
4/22/25, 216.90 , 27.78 , 220.00 , 66.64 , 91.86 , 122.53 , 108.15 , 113.30 , 47.37 , 71.39 , 37.26 , 45.64 , 26.60 , 16.98 , 84.05 , 170.90 , 17.66 , 235.59 , 38.32 , 64.55 , 66.23 , 519.99 , 110.38 , 154.45 , 887.22 , 124.91 , 331.40 , 527.33 , 462.08 , 113.75 , 464.08 , 274.80 , 215.08 , 217.22 , 102.31 
4/23/25, 219.78 , 27.59 , 221.95 , 67.27 , 91.13 , 121.42 , 107.02 , 112.52 , 46.80 , 71.55 , 37.34 , 45.61 , 26.60 , 17.10 , 84.66 , 172.35 , 18.20 , 240.88 , 38.75 , 66.30 , 67.94 , 529.31 , 112.31 , 157.41 , 892.54 , 127.00 , 334.37 , 530.01 , 463.55 , 120.28 , 472.65 , 265.73 , 216.31 , 217.93 , 104.64 
4/24/25, 215.45 , 28.14 , 226.68 , 66.35 , 91.05 , 120.70 , 106.70 , 111.29 , 46.33 , 70.29 , 37.90 , 46.36 , 26.87 , 17.59 , 86.28 , 177.00 , 18.28 , 244.64 , 39.58 , 68.16 , 69.56 , 545.37 , 115.60 , 159.75 , 916.26 , 134.55 , 335.71 , 535.46 , 466.81 , 121.97 , 463.07 , 271.71 , 216.27 , 221.90 , 107.93 
4/25/25, 213.29 , 27.84 , 221.71 , 66.09 , 90.43 , 119.85 , 106.74 , 110.45 , 46.22 , 69.00 , 38.19 , 46.19 , 26.85 , 17.45 , 86.31 , 177.62 , 18.31 , 243.55 , 39.69 , 68.43 , 69.73 , 544.86 , 116.01 , 158.46 , 907.69 , 132.86 , 335.17 , 533.48 , 477.64 , 125.22 , 473.20 , 271.97 , 216.08 , 226.05 , 108.97 
4/28/25, 212.61 , 27.87 , 221.73 , 66.19 , 90.75 , 120.67 , 107.06 , 111.13 , 46.48 , 69.58 , 38.24 , 46.64 , 27.07 , 17.28 , 87.87 , 179.25 , 18.09 , 243.22 , 39.78 , 68.28 , 69.43 , 546.40 , 115.83 , 159.65 , 913.74 , 133.58 , 337.51 , 534.49 , 476.29 , 124.80 , 483.31 , 271.94 , 218.76 , 228.35 , 108.51 
4/29/25, 214.54 , 28.05 , 223.36 , 67.25 , 91.45 , 121.70 , 108.50 , 112.13 , 46.85 , 70.67 , 38.24 , 46.64 , 27.21 , 17.04 , 87.86 , 178.11 , 17.46 , 244.62 , 39.99 , 68.88 , 71.10 , 548.92 , 116.21 , 160.60 , 920.52 , 133.54 , 341.52 , 539.68 , 475.88 , 125.73 , 482.10 , 272.08 , 221.23 , 230.37 , 109.24 
4/30/25, 215.66 , 28.07 , 224.05 , 66.88 , 91.89 , 122.02 , 108.34 , 112.75 , 46.90 , 70.70 , 38.78 , 46.69 , 26.30 , 16.54 , 82.16 , 170.90 , 16.71 , 244.62 , 39.88 , 68.38 , 71.01 , 547.55 , 115.42 , 160.69 , 914.26 , 131.71 , 345.50 , 548.06 , 477.75 , 126.13 , 486.50 , 272.12 , 220.02 , 230.34 , 109.12 
5/1/25, 214.08 , 28.11 , 221.77 , 66.05 , 91.46 , 121.33 , 107.54 , 112.56 , 46.60 , 70.40 , 38.60 , 46.48 , 26.30 , 16.53 , 80.93 , 162.34 , 16.63 , 246.89 , 40.17 , 68.14 , 71.81 , 553.83 , 116.76 , 160.99 , 916.14 , 133.39 , 342.45 , 546.63 , 477.72 , 127.41 , 486.67 , 271.51 , 219.91 , 227.48 , 111.12 
5/2/25, 218.29 , 28.70 , 224.36 , 67.09 , 91.05 , 121.58 , 107.69 , 110.03 , 46.48 , 70.77 , 38.99 , 46.86 , 26.83 , 16.67 , 82.78 , 161.87 , 16.17 , 252.51 , 41.07 , 70.59 , 73.80 , 566.10 , 120.22 , 165.54 , 929.20 , 137.42 , 347.60 , 559.39 , 472.80 , 130.21 , 491.42 , 273.03 , 219.75 , 230.02 , 112.61 
5/5/25, 216.53 , 28.47 , 222.28 , 66.10 , 91.05 , 120.75 , 107.44 , 109.52 , 46.00 , 70.89 , 38.88 , 46.59 , 26.87 , 16.19 , 80.15 , 158.25 , 16.23 , 252.56 , 41.12 , 70.24 , 73.85 , 559.56 , 119.60 , 165.70 , 920.53 , 136.11 , 348.64 , 561.12 , 471.56 , 128.59 , 493.33 , 272.14 , 218.62 , 233.18 , 112.01 
5/6/25, 213.20 , 28.09 , 218.63 , 66.54 , 91.22 , 122.94 , 107.44 , 110.47 , 46.29 , 71.06 , 38.92 , 46.16 , 27.21 , 15.81 , 79.29 , 157.32 , 16.71 , 249.25 , 40.84 , 69.47 , 73.48 , 549.36 , 118.33 , 163.53 , 914.97 , 134.00 , 347.70 , 558.99 , 468.21 , 128.16 , 487.48 , 270.61 , 216.19 , 232.90 , 108.13 
5/7/25, 213.85 , 28.37 , 219.98 , 67.36 , 92.11 , 122.60 , 107.48 , 111.04 , 46.34 , 71.36 , 39.05 , 46.69 , 27.62 , 16.89 , 80.25 , 158.89 , 16.94 , 249.39 , 40.93 , 70.25 , 73.18 , 551.92 , 119.10 , 163.98 , 920.36 , 136.14 , 349.85 , 566.33 , 471.32 , 127.50 , 486.04 , 269.45 , 218.00 , 230.21 , 107.76 
5/8/25, 216.84 , 28.96 , 224.07 , 68.32 , 90.31 , 120.00 , 105.19 , 107.75 , 45.10 , 70.17 , 37.95 , 45.78 , 27.04 , 17.37 , 82.25 , 160.05 , 16.44 , 253.47 , 41.60 , 71.64 , 73.31 , 565.70 , 121.88 , 166.73 , 928.64 , 139.81 , 351.27 , 567.12 , 474.53 , 128.67 , 484.37 , 271.98 , 218.39 , 232.95 , 107.95 
5/9/25, 216.32 , 28.74 , 223.50 , 70.31 , 90.35 , 120.33 , 104.68 , 107.68 , 45.21 , 70.61 , 37.54 , 46.10 , 27.31 , 17.21 , 82.30 , 159.56 , 17.13 , 253.08 , 41.79 , 71.45 , 72.45 , 567.10 , 121.70 , 166.44 , 923.44 , 139.39 , 352.54 , 568.64 , 473.52 , 128.67 , 482.62 , 271.56 , 219.39 , 231.63 , 108.37 
5/12/25, 230.87 , 30.31 , 239.11 , 69.69 , 87.78 , 115.85 , 100.99 , 103.54 , 43.61 , 67.78 , 36.85 , 44.55 , 27.31 , 17.44 , 85.04 , 166.19 , 17.58 , 260.05 , 43.36 , 74.91 , 74.88 , 591.34 , 127.06 , 175.00 , 958.03 , 149.00 , 355.85 , 578.27 , 473.16 , 130.56 , 479.16 , 276.24 , 218.96 , 229.74 , 107.09 
5/13/25, 228.25 , 30.54 , 240.26 , 72.11 , 85.57 , 113.07 , 99.56 , 100.58 , 42.97 , 68.31 , 36.66 , 44.57 , 27.50 , 18.00 , 86.51 , 169.50 , 17.41 , 263.01 , 44.28 , 75.57 , 75.99 , 603.81 , 129.35 , 177.53 , 959.18 , 148.60 , 356.14 , 576.59 , 459.83 , 130.72 , 470.67 , 273.02 , 218.37 , 225.73 , 107.19 
5/14/25, 228.34 , 31.03 , 241.18 , 72.19 , 84.91 , 112.46 , 98.59 , 99.27 , 42.25 , 68.80 , 36.57 , 44.87 , 27.46 , 18.16 , 86.61 , 168.58 , 17.28 , 265.64 , 44.74 , 75.29 , 76.28 , 611.60 , 131.04 , 177.85 , 967.06 , 148.42 , 356.46 , 573.28 , 449.18 , 130.79 , 456.30 , 270.69 , 219.65 , 223.11 , 107.14 
5/15/25, 230.85 , 31.30 , 243.91 , 74.55 , 87.38 , 115.94 , 101.61 , 102.01 , 43.43 , 71.26 , 37.23 , 44.92 , 28.00 , 17.97 , 86.03 , 166.45 , 17.25 , 267.49 , 44.38 , 75.96 , 75.59 , 615.90 , 132.51 , 179.46 , 983.08 , 146.75 , 362.30 , 582.20 , 465.14 , 135.52 , 469.05 , 278.51 , 226.86 , 228.16 , 108.83 
5/16/25, 231.42 , 31.32 , 246.10 , 75.00 , 88.71 , 116.26 , 103.04 , 104.29 , 44.09 , 72.38 , 37.52 , 44.85 , 28.09 , 17.95 , 85.67 , 165.69 , 17.06 , 267.56 , 44.69 , 75.72 , 76.18 , 619.03 , 132.18 , 179.42 , 989.71 , 146.70 , 365.12 , 583.28 , 468.32 , 135.48 , 473.17 , 280.71 , 230.20 , 230.05 , 109.69 
5/19/25, 229.50 , 31.21 , 243.77 , 73.86 , 89.48 , 116.99 , 103.78 , 105.38 , 44.39 , 72.21 , 37.66 , 44.94 , 28.00 , 18.00 , 84.73 , 164.63 , 17.00 , 264.88 , 44.77 , 76.13 , 76.06 , 612.30 , 130.84 , 178.64 , 993.66 , 145.45 , 367.90 , 586.41 , 473.06 , 137.20 , 471.12 , 281.37 , 230.97 , 229.35 , 109.99 
5/20/25, 228.33 , 31.23 , 244.08 , 74.41 , 90.83 , 117.31 , 103.73 , 105.71 , 44.26 , 72.32 , 37.46 , 45.61 , 27.98 , 18.14 , 83.71 , 161.93 , 16.65 , 265.68 , 44.69 , 75.90 , 75.52 , 606.52 , 129.13 , 177.48 , 997.71 , 144.20 , 366.84 , 581.11 , 475.82 , 137.18 , 476.60 , 281.57 , 230.82 , 228.02 , 110.21 
5/21/25, 223.62 , 30.49 , 239.42 , 71.54 , 89.66 , 116.44 , 102.93 , 105.22 , 44.19 , 69.92 , 37.22 , 45.57 , 27.47 , 17.76 , 81.83 , 160.37 , 16.62 , 261.04 , 43.25 , 73.42 , 73.19 , 593.46 , 125.30 , 172.27 , 972.83 , 137.49 , 358.30 , 569.54 , 470.28 , 134.95 , 473.90 , 277.70 , 232.59 , 223.38 , 107.39 
5/22/25, 222.87 , 30.64 , 239.64 , 66.94 , 88.84 , 115.57 , 101.80 , 103.42 , 43.42 , 69.21 , 37.14 , 45.17 , 27.34 , 17.88 , 81.37 , 159.09 , 16.74 , 260.67 , 43.31 , 73.42 , 73.39 , 598.23 , 126.26 , 172.99 , 969.90 , 136.93 , 357.97 , 570.14 , 470.45 , 134.07 , 472.88 , 277.03 , 239.19 , 224.49 , 107.62 
5/23/25, 222.11 , 30.82 , 240.02 , 67.76 , 89.64 , 116.49 , 102.88 , 104.10 , 43.67 , 69.73 , 37.57 , 46.06 , 27.86 , 17.85 , 81.14 , 160.46 , 16.88 , 260.71 , 43.20 , 73.09 , 72.83 , 598.54 , 126.07 , 171.82 , 963.18 , 136.12 , 353.54 , 563.58 , 468.88 , 132.35 , 471.46 , 274.75 , 237.49 , 224.74 , 119.49 
5/27/25, 224.35 , 31.43 , 244.79 , 68.04 , 89.92 , 116.38 , 102.91 , 103.97 , 43.91 , 69.81 , 37.73 , 46.04 , 28.19 , 17.95 , 81.74 , 161.46 , 16.70 , 265.29 , 44.22 , 75.47 , 73.99 , 615.73 , 129.21 , 176.24 , 981.32 , 139.30 , 359.30 , 574.55 , 476.85 , 134.19 , 475.47 , 279.23 , 247.90 , 227.84 , 122.36 
5/28/25, 222.18 , 31.34 , 242.54 , 67.21 , 88.22 , 114.45 , 101.68 , 102.11 , 43.28 , 68.93 , 37.18 , 45.57 , 27.95 , 17.76 , 80.59 , 159.34 , 16.60 , 263.49 , 44.06 , 75.03 , 73.73 , 608.44 , 127.51 , 173.97 , 971.28 , 138.41 , 359.73 , 575.92 , 469.98 , 132.85 , 475.32 , 273.64 , 244.37 , 225.60 , 126.59 
5/29/25, 222.51 , 31.42 , 246.30 , 68.99 , 88.75 , 115.45 , 102.53 , 103.38 , 43.70 , 69.47 , 37.11 , 45.85 , 27.92 , 17.68 , 80.68 , 158.49 , 16.54 , 264.37 , 44.24 , 75.53 , 74.51 , 604.86 , 128.16 , 175.10 , 976.32 , 138.88 , 362.40 , 577.78 , 473.69 , 134.80 , 479.39 , 275.20 , 243.42 , 223.68 , 125.25 
5/30/25, 221.66 , 31.59 , 247.12 , 70.64 , 90.00 , 117.72 , 103.49 , 104.49 , 43.82 , 70.10 , 37.24 , 46.48 , 28.04 , 17.48 , 80.84 , 157.93 , 16.81 , 264.00 , 44.13 , 75.32 , 74.78 , 600.45 , 128.03 , 173.81 , 979.89 , 138.76 , 365.19 , 585.60 , 482.38 , 136.48 , 484.77 , 278.49 , 244.34 , 223.06 , 125.60 
6/2/25, 218.89 , 31.24 , 245.26 , 70.15 , 89.94 , 117.23 , 103.18 , 103.86 , 43.79 , 69.73 , 37.45 , 47.16 , 28.65 , 17.48 , 82.51 , 162.35 , 17.15 , 264.66 , 44.08 , 75.80 , 74.72 , 598.72 , 128.40 , 173.94 , 978.07 , 138.81 , 365.32 , 581.22 , 478.82 , 137.46 , 483.38 , 275.71 , 243.16 , 222.80 , 126.10 
6/3/25, 221.78 , 31.86 , 247.98 , 70.95 , 89.59 , 116.73 , 102.83 , 103.24 , 43.46 , 69.33 , 37.44 , 47.07 , 28.56 , 17.90 , 83.24 , 164.93 , 16.82 , 266.27 , 44.65 , 76.53 , 75.65 , 603.83 , 128.68 , 176.31 , 982.13 , 139.01 , 365.86 , 581.97 , 480.17 , 137.50 , 488.22 , 276.04 , 243.19 , 227.96 , 128.35 
6/4/25, 220.87 , 31.93 , 247.40 , 69.88 , 88.29 , 115.98 , 101.85 , 102.21 , 42.75 , 68.50 , 37.00 , 46.66 , 28.03 , 17.53 , 80.52 , 160.68 , 17.08 , 264.22 , 44.36 , 76.40 , 75.38 , 599.21 , 128.16 , 174.86 , 988.97 , 138.76 , 368.00 , 584.13 , 482.21 , 138.55 , 491.29 , 275.03 , 242.31 , 224.79 , 128.87 
6/5/25, 220.65 , 31.74 , 246.92 , 71.50 , 88.38 , 115.74 , 101.77 , 102.27 , 42.86 , 68.57 , 36.83 , 46.87 , 28.24 , 17.67 , 81.19 , 164.13 , 17.44 , 261.95 , 44.38 , 76.67 , 74.90 , 605.88 , 130.62 , 174.70 , 985.46 , 137.76 , 366.77 , 585.44 , 478.03 , 139.07 , 488.12 , 274.42 , 242.06 , 224.78 , 128.94 
6/6/25, 223.43 , 32.23 , 250.77 , 72.16 , 88.26 , 115.23 , 101.79 , 101.61 , 42.62 , 68.51 , 36.61 , 46.52 , 28.14 , 17.93 , 81.72 , 167.10 , 17.40 , 265.73 , 44.97 , 78.26 , 76.33 , 614.00 , 131.82 , 178.63 , 989.05 , 140.45 , 370.22 , 590.12 , 481.69 , 139.10 , 489.41 , 276.48 , 244.27 , 226.49 , 129.72 
6/9/25, 224.14 , 31.98 , 250.57 , 71.90 , 88.50 , 115.47 , 101.41 , 101.11 , 42.20 , 68.38 , 36.54 , 45.82 , 27.53 , 17.71 , 81.12 , 162.80 , 17.67 , 266.74 , 44.87 , 78.17 , 76.46 , 613.52 , 131.95 , 178.74 , 988.84 , 139.98 , 366.66 , 584.33 , 480.83 , 140.98 , 491.36 , 277.31 , 245.41 , 228.07 , 132.62 
6/10/25, 226.60 , 32.61 , 252.92 , 72.81 , 89.30 , 116.33 , 101.87 , 102.40 , 42.92 , 68.96 , 36.25 , 45.85 , 27.38 , 17.99 , 81.72 , 165.13 , 17.87 , 268.60 , 45.09 , 78.03 , 75.45 , 614.87 , 131.82 , 179.41 , 991.90 , 142.96 , 370.70 , 589.54 , 476.90 , 138.52 , 488.80 , 277.37 , 244.79 , 223.30 , 131.71 
6/11/25, 225.72 , 32.32 , 251.33 , 73.00 , 89.55 , 116.35 , 101.94 , 102.55 , 42.88 , 68.25 , 36.03 , 45.87 , 27.52 , 18.25 , 82.90 , 169.78 , 17.88 , 268.15 , 44.73 , 78.38 , 74.93 , 624.17 , 131.81 , 177.74 , 993.30 , 141.39 , 373.31 , 590.74 , 456.60 , 141.81 , 488.46 , 275.83 , 246.67 , 226.15 , 135.80 
6/12/25, 225.49 , 32.39 , 251.47 , 73.84 , 90.36 , 117.28 , 103.02 , 103.76 , 43.64 , 69.07 , 36.41 , 46.81 , 27.66 , 18.45 , 82.65 , 169.14 , 18.05 , 268.24 , 44.62 , 78.23 , 74.01 , 625.11 , 131.92 , 177.74 , 988.25 , 140.79 , 371.40 , 589.28 , 469.27 , 140.98 , 497.13 , 279.93 , 250.39 , 229.12 , 137.78 
6/13/25, 223.37 , 32.12 , 248.60 , 74.78 , 90.35 , 116.86 , 102.90 , 103.96 , 43.25 , 67.62 , 36.37 , 46.67 , 27.64 , 18.32 , 83.75 , 174.81 , 17.86 , 264.95 , 44.09 , 76.36 , 72.36 , 613.54 , 129.49 , 173.37 , 971.82 , 136.41 , 352.85 , 562.03 , 486.45 , 145.69 , 516.72 , 283.00 , 256.99 , 232.73 , 138.07 
6/16/25, 224.65 , 32.56 , 252.13 , 73.78 , 88.94 , 115.40 , 101.91 , 101.63 , 42.68 , 66.79 , 35.97 , 45.96 , 27.66 , 18.15 , 82.15 , 171.50 , 17.74 , 270.36 , 44.41 , 78.07 , 73.15 , 627.85 , 130.90 , 175.14 , 982.10 , 138.26 , 355.48 , 568.67 , 467.06 , 146.46 , 497.52 , 279.29 , 247.77 , 229.26 , 139.67 
6/17/25, 220.59 , 32.12 , 250.42 , 71.86 , 88.42 , 114.79 , 101.62 , 101.35 , 42.39 , 65.65 , 35.72 , 45.97 , 27.47 , 17.93 , 81.36 , 169.65 , 18.41 , 269.52 , 44.23 , 77.36 , 72.50 , 624.64 , 130.09 , 173.20 , 969.18 , 135.69 , 357.84 , 569.45 , 479.34 , 148.48 , 503.97 , 281.30 , 250.86 , 234.08 , 141.12 
6/18/25, 222.01 , 32.24 , 252.93 , 71.57 , 88.63 , 114.58 , 101.20 , 100.73 , 42.37 , 66.28 , 35.56 , 44.98 , 27.57 , 17.88 , 81.17 , 169.32 , 18.44 , 273.96 , 45.06 , 78.35 , 74.74 , 635.24 , 132.52 , 175.27 , 979.52 , 137.49 , 340.38 , 538.73 , 468.60 , 145.87 , 494.65 , 278.53 , 248.83 , 234.21 , 140.53 
6/20/25, 222.51 , 32.06 , 253.18 , 71.53 , 89.30 , 115.40 , 101.75 , 100.97 , 42.60 , 66.64 , 35.74 , 44.78 , 28.01 , 17.85 , 82.37 , 170.66 , 18.25 , 275.00 , 45.50 , 78.45 , 75.40 , 640.80 , 132.71 , 177.39 , 974.44 , 137.69 , 338.57 , 532.97 , 470.56 , 146.64 , 497.70 , 278.78 , 249.67 , 234.54 , 142.32 
6/23/25, 225.88 , 32.42 , 256.58 , 70.73 , 90.67 , 116.97 , 103.31 , 101.15 , 43.20 , 67.91 , 36.27 , 44.93 , 28.09 , 17.64 , 79.85 , 164.73 , 18.12 , 278.27 , 46.30 , 79.36 , 77.01 , 646.88 , 134.00 , 180.75 , 986.30 , 138.32 , 343.75 , 542.35 , 472.46 , 145.81 , 499.67 , 282.32 , 251.11 , 237.10 , 142.06 
6/24/25, 227.91 , 32.48 , 257.46 , 71.40 , 90.89 , 116.95 , 103.28 , 100.19 , 43.10 , 68.23 , 36.48 , 45.04 , 28.54 , 17.69 , 80.56 , 167.73 , 17.95 , 281.26 , 46.66 , 81.14 , 78.11 , 662.11 , 135.90 , 182.02 ," 1,004.97 ", 144.05 , 351.63 , 557.53 , 460.20 , 141.85 , 484.00 , 281.05 , 246.65 , 231.63 , 142.31 
6/25/25, 226.81 , 32.49 , 255.21 , 70.34 , 90.40 , 115.95 , 101.41 , 98.05 , 42.29 , 67.32 , 36.30 , 44.48 , 28.31 , 17.67 , 80.19 , 170.49 , 18.26 , 284.06 , 46.85 , 82.63 , 79.07 , 669.87 , 137.72 , 182.51 ," 1,018.08 ", 143.57 , 345.26 , 549.70 , 458.39 , 141.38 , 486.92 , 285.91 , 247.87 , 235.12 , 140.86 
6/26/25, 229.39 , 32.57 , 255.51 , 70.99 , 90.35 , 116.25 , 102.35 , 98.41 , 42.51 , 67.75 , 36.58 , 45.08 , 28.89 , 18.18 , 81.32 , 175.84 , 18.26 , 288.75 , 47.46 , 84.37 , 79.96 , 687.16 , 139.75 , 185.51 ," 1,030.79 ", 148.18 , 346.03 , 545.81 , 457.90 , 142.67 , 493.66 , 291.39 , 246.80 , 239.83 , 141.87 
6/27/25, 231.41 , 32.91 , 255.81 , 70.89 , 90.90 , 116.92 , 102.46 , 98.15 , 42.91 , 67.78 , 36.37 , 44.78 , 28.98 , 18.20 , 81.25 , 174.38 , 18.32 , 287.11 , 47.12 , 84.38 , 79.50 , 690.81 , 140.69 , 185.75 ," 1,047.82 ", 151.11 , 348.61 , 550.32 , 458.59 , 144.66 , 494.00 , 290.74 , 246.98 , 238.65 , 143.19 
6/30/25, 230.08 , 32.63 , 255.97 , 69.42 , 91.83 , 118.00 , 103.76 , 100.35 , 43.42 , 68.10 , 36.74 , 45.32 , 29.40 , 18.13 , 81.63 , 174.08 , 18.08 , 289.91 , 47.32 , 85.12 , 80.12 , 707.75 , 140.86 , 186.42 ," 1,049.25 ", 149.58 , 355.05 , 561.94 , 463.14 , 146.02 , 499.98 , 291.66 , 250.84 , 241.46 , 144.06 
7/1/25, 235.57 , 33.47 , 262.38 , 73.06 , 92.30 , 118.87 , 104.39 , 100.78 , 43.41 , 68.71 , 36.52 , 44.92 , 28.33 , 17.81 , 80.99 , 171.97 , 18.39 , 290.41 , 48.15 , 86.27 , 81.49 , 706.46 , 141.07 , 192.52 ," 1,054.27 ", 152.77 , 355.47 , 564.61 , 465.94 , 144.19 , 503.53 , 294.38 , 252.18 , 246.31 , 140.37 
7/2/25, 237.16 , 33.61 , 262.00 , 73.02 , 91.15 , 117.06 , 103.26 , 99.92 , 42.92 , 67.56 , 35.77 , 44.78 , 28.50 , 17.90 , 82.14 , 173.78 , 18.48 , 292.00 , 48.71 , 86.76 , 82.36 , 715.89 , 142.86 , 195.71 ," 1,070.57 ", 153.56 , 354.22 , 561.52 , 462.55 , 144.52 , 498.90 , 293.92 , 253.56 , 250.15 , 140.77 
7/3/25, 236.28 , 33.60 , 262.50 , 73.88 , 91.51 , 117.31 , 103.86 , 100.31 , 43.13 , 68.19 , 35.94 , 44.74 , 28.41 , 17.97 , 82.14 , 173.52 , 18.36 , 296.00 , 48.93 , 88.72 , 83.60 , 723.68 , 144.14 , 196.57 ," 1,082.15 ", 155.13 , 358.86 , 569.24 , 462.52 , 145.75 , 504.20 , 294.76 , 255.73 , 252.08 , 142.91 
7/7/25, 235.35 , 33.05 , 259.99 , 74.75 , 91.66 , 117.29 , 104.17 , 99.71 , 43.17 , 67.88 , 36.24 , 44.15 , 28.33 , 17.75 , 80.17 , 172.46 , 18.58 , 291.97 , 48.66 , 87.60 , 82.34 , 710.93 , 143.74 , 196.25 ," 1,075.97 ", 152.99 , 356.64 , 565.12 , 469.06 , 145.92 , 507.92 , 294.65 , 256.43 , 253.53 , 143.79 
7/8/25, 236.54 , 33.39 , 261.20 , 72.46 , 91.26 , 116.31 , 103.96 , 99.31 , 43.00 , 67.56 , 35.80 , 44.20 , 28.13 , 17.80 , 81.60 , 174.40 , 18.67 , 282.78 , 47.15 , 85.57 , 81.59 , 697.28 , 141.13 , 198.00 ," 1,075.02 ", 156.35 , 354.55 , 562.44 , 463.01 , 144.91 , 504.85 , 296.65 , 257.09 , 247.95 , 137.37 
7/9/25, 236.49 , 33.33 , 260.04 , 73.65 , 91.96 , 117.17 , 104.74 , 99.97 , 43.14 , 67.84 , 36.07 , 43.79 , 27.80 , 17.64 , 81.16 , 170.69 , 18.76 , 283.16 , 46.84 , 85.79 , 81.79 , 696.56 , 141.55 , 196.14 ," 1,088.75 ", 158.68 , 357.76 , 565.11 , 463.06 , 146.18 , 507.94 , 299.96 , 259.05 , 248.92 , 137.56 
7/10/25, 237.00 , 33.54 , 263.14 , 74.64 , 93.26 , 118.17 , 106.04 , 101.07 , 43.63 , 68.45 , 36.22 , 44.49 , 27.79 , 17.44 , 80.91 , 170.74 , 18.88 , 288.19 , 46.97 , 87.08 , 82.36 , 709.12 , 143.09 , 197.95 ," 1,104.05 ", 164.06 , 355.88 , 563.52 , 464.31 , 146.40 , 513.87 , 303.38 , 260.10 , 258.11 , 136.45 
7/11/25, 235.10 , 34.10 , 266.57 , 74.40 , 92.66 , 117.46 , 105.34 , 100.59 , 43.51 , 68.62 , 36.14 , 44.55 , 27.84 , 17.46 , 81.34 , 171.90 , 18.73 , 286.86 , 46.73 , 86.73 , 82.55 , 704.95 , 142.28 , 197.02 ," 1,101.64 ", 162.00 , 347.93 , 550.18 , 467.51 , 146.87 , 514.60 , 302.20 , 259.55 , 258.18 , 137.06 
7/14/25, 233.31 , 33.98 , 262.89 , 75.04 , 92.68 , 117.93 , 105.02 , 101.01 , 43.43 , 69.17 , 36.21 , 45.21 , 28.32 , 17.49 , 81.58 , 172.46 , 18.70 , 288.70 , 47.07 , 87.50 , 83.43 , 713.30 , 143.97 , 197.39 ," 1,111.46 ", 163.36 , 350.50 , 553.02 , 473.57 , 149.28 , 521.11 , 304.85 , 262.31 , 258.50 , 138.65 
7/15/25, 231.14 , 33.48 , 259.49 , 74.70 , 92.47 , 117.10 , 104.40 , 99.95 , 42.95 , 68.33 , 36.04 , 45.27 , 27.94 , 17.59 , 79.94 , 169.31 , 18.68 , 286.55 , 46.15 , 90.72 , 78.86 , 702.51 , 141.59 , 192.14 ," 1,046.16 ", 159.80 , 347.02 , 550.36 , 470.12 , 148.68 , 516.82 , 300.85 , 261.17 , 253.68 , 137.45 
7/16/25, 231.18 , 33.26 , 260.32 , 74.77 , 93.30 , 117.79 , 105.49 , 100.46 , 42.85 , 69.17 , 36.09 , 45.25 , 27.91 , 17.44 , 79.17 , 165.99 , 18.75 , 285.82 , 46.03 , 90.02 , 79.91 , 708.82 , 139.79 , 193.93 ," 1,082.24 ", 165.92 , 349.90 , 555.52 , 471.47 , 150.17 , 519.70 , 300.00 , 263.66 , 253.82 , 139.85 
7/17/25, 227.49 , 34.50 , 269.81 , 75.18 , 93.33 , 117.46 , 105.93 , 100.60 , 42.95 , 69.65 , 36.50 , 44.76 , 27.49 , 17.54 , 81.24 , 166.48 , 18.91 , 289.90 , 47.02 , 93.09 , 79.71 , 705.84 , 140.90 , 195.99 ," 1,105.38 ", 172.49 , 349.81 , 555.61 , 469.20 , 151.50 , 523.83 , 300.09 , 265.51 , 255.35 , 142.34 
7/18/25, 224.87 , 34.39 , 276.66 , 75.95 , 94.10 , 118.42 , 107.40 , 101.08 , 43.40 , 70.38 , 37.24 , 45.09 , 27.88 , 17.47 , 83.30 , 171.11 , 18.55 , 291.27 , 47.32 , 93.45 , 80.64 , 708.26 , 140.83 , 196.52 ," 1,103.59 ", 168.72 , 349.05 , 552.66 , 463.96 , 151.50 , 519.04 , 298.98 , 264.77 , 254.49 , 142.95 
7/21/25, 225.85 , 34.36 , 277.38 , 76.17 , 94.79 , 119.83 , 108.54 , 102.07 , 43.73 , 71.57 , 37.42 , 44.59 , 27.11 , 17.24 , 80.38 , 163.30 , 18.59 , 290.97 , 47.48 , 92.65 , 80.28 , 706.00 , 140.47 , 196.03 ," 1,093.02 ", 166.69 , 350.94 , 554.65 , 460.53 , 151.56 , 515.29 , 297.05 , 263.09 , 252.93 , 140.36 
7/22/25, 229.24 , 35.23 , 280.26 , 77.54 , 95.85 , 120.73 , 110.16 , 103.59 , 44.45 , 73.06 , 37.76 , 45.20 , 26.97 , 17.33 , 80.74 , 162.53 , 18.69 , 291.43 , 47.77 , 94.00 , 82.38 , 700.41 , 140.04 , 196.78 ," 1,100.39 ", 169.38 , 351.86 , 558.76 , 410.74 , 149.17 , 563.79 , 297.60 , 264.42 , 253.96 , 140.04 
7/23/25, 231.00 , 34.97 , 280.27 , 72.82 , 95.13 , 119.51 , 108.89 , 102.55 , 43.49 , 72.50 , 37.12 , 45.48 , 26.81 , 17.44 , 81.67 , 164.92 , 18.93 , 296.76 , 48.14 , 95.99 , 83.70 , 717.52 , 142.21 , 197.76 ," 1,120.37 ", 171.96 , 355.29 , 562.09 , 419.39 , 156.49 , 568.50 , 316.94 , 269.60 , 265.56 , 143.37 
7/24/25, 220.52 , 35.00 , 278.00 , 71.97 , 95.00 , 119.75 , 108.97 , 102.05 , 43.74 , 72.78 , 37.84 , 45.46 , 27.42 , 17.72 , 82.01 , 165.64 , 18.68 , 296.55 , 48.39 , 95.39 , 83.87 , 719.18 , 142.50 , 196.15 ," 1,118.37 ", 178.11 , 353.97 , 563.50 , 420.55 , 155.22 , 568.48 , 314.24 , 273.22 , 263.33 , 143.84 
7/25/25, 224.74 , 35.76 , 282.38 , 71.85 , 95.35 , 119.93 , 109.79 , 102.26 , 43.99 , 72.66 , 38.36 , 44.97 , 27.39 , 17.72 , 81.54 , 165.60 , 18.46 , 298.62 , 48.45 , 96.07 , 84.32 , 728.98 , 143.01 , 196.05 ," 1,123.28 ", 178.10 , 357.04 , 568.22 , 421.17 , 156.88 , 569.74 , 314.02 , 269.28 , 264.82 , 147.96 
7/28/25, 229.24 , 35.71 , 286.42 , 71.34 , 94.30 , 117.60 , 107.95 , 100.98 , 43.41 , 71.14 , 37.30 , 44.63 , 27.21 , 17.78 , 81.81 , 167.32 , 18.73 , 298.28 , 48.23 , 95.55 , 83.07 , 723.65 , 142.56 , 193.97 ," 1,117.82 ", 176.94 , 355.47 , 568.28 , 421.34 , 156.07 , 568.62 , 313.10 , 269.47 , 262.49 , 149.83 
7/29/25, 223.77 , 35.42 , 277.70 , 71.95 , 95.20 , 119.49 , 109.22 , 102.24 , 44.30 , 72.34 , 38.29 , 45.08 , 27.88 , 18.16 , 83.47 , 169.56 , 18.69 , 297.04 , 47.95 , 94.48 , 82.65 , 731.98 , 143.56 , 193.37 ," 1,121.53 ", 177.04 , 351.29 , 563.32 , 420.13 , 157.12 , 573.22 , 314.70 , 272.31 , 260.84 , 150.28 
7/30/25, 225.28 , 35.29 , 279.00 , 70.99 , 94.90 , 120.48 , 113.25 , 102.59 , 44.26 , 72.39 , 38.46 , 44.98 , 28.01 , 18.05 , 82.19 , 167.37 , 18.25 , 299.63 , 47.96 , 95.81 , 81.78 , 730.75 , 144.94 , 192.55 ," 1,114.65 ", 175.34 , 350.91 , 559.11 , 418.68 , 158.40 , 572.81 , 312.18 , 274.12 , 258.52 , 152.38 
7/31/25, 221.97 , 35.54 , 278.00 , 71.06 , 94.48 , 121.64 , 113.14 , 103.50 , 44.94 , 73.44 , 38.82 , 45.29 , 28.06 , 18.04 , 82.11 , 166.41 , 18.00 , 296.24 , 47.27 , 93.70 , 80.63 , 723.59 , 142.46 , 190.27 ," 1,106.01 ", 172.96 , 345.47 , 566.47 , 420.98 , 157.57 , 576.61 , 311.61 , 274.82 , 278.86 , 151.93 
8/1/25, 219.40 , 35.01 , 274.85 , 70.40 , 94.99 , 122.91 , 113.58 , 104.44 , 44.67 , 73.47 , 38.81 , 46.20 , 28.10 , 17.79 , 78.99 , 162.92 , 17.93 , 289.37 , 45.66 , 91.83 , 77.78 , 709.57 , 139.09 , 185.88 ," 1,091.80 ", 170.40 , 339.35 , 559.89 , 421.01 , 156.81 , 586.44 , 310.74 , 278.26 , 269.83 , 149.50 
8/4/25, 222.06 , 35.46 , 278.12 , 70.53 , 96.00 , 124.17 , 115.00 , 105.36 , 45.17 , 74.24 , 39.16 , 46.62 , 28.28 , 17.79 , 79.83 , 164.82 , 17.76 , 294.26 , 45.85 , 92.08 , 77.58 , 726.03 , 141.36 , 189.07 ," 1,116.06 ", 170.50 , 342.15 , 569.81 , 423.70 , 157.38 , 589.75 , 312.78 , 278.06 , 265.67 , 154.51 
8/5/25, 222.97 , 35.65 , 279.87 , 71.18 , 94.39 , 124.00 , 113.24 , 104.18 , 44.69 , 73.73 , 38.93 , 46.74 , 28.04 , 17.73 , 75.70 , 163.63 , 17.86 , 291.37 , 45.56 , 91.52 , 77.96 , 720.91 , 140.46 , 188.99 ," 1,109.64 ", 167.68 , 337.43 , 566.04 , 428.24 , 156.33 , 589.95 , 313.76 , 278.22 , 270.92 , 182.00 
8/6/25, 225.46 , 36.01 , 282.95 , 70.54 , 94.68 , 125.21 , 113.49 , 104.15 , 45.06 , 73.30 , 38.60 , 47.01 , 26.75 , 17.86 , 75.23 , 163.05 , 17.87 , 291.35 , 45.42 , 92.23 , 77.61 , 724.74 , 141.30 , 188.56 ," 1,120.54 ", 169.35 , 339.74 , 569.13 , 434.85 , 155.75 , 589.29 , 314.99 , 276.88 , 267.49 , 179.74 
8/7/25, 222.66 , 35.25 , 280.47 , 72.58 , 95.35 , 125.93 , 113.73 , 105.00 , 45.54 , 73.23 , 38.87 , 47.08 , 26.76 , 17.62 , 75.48 , 166.89 , 17.86 , 286.94 , 44.92 , 91.23 , 77.05 , 719.74 , 140.92 , 187.12 ," 1,112.83 ", 167.64 , 332.09 , 561.22 , 430.75 , 155.76 , 587.38 , 312.73 , 273.81 , 266.45 , 179.53 
8/8/25, 222.24 , 35.43 , 280.03 , 72.41 , 94.69 , 125.32 , 112.50 , 104.48 , 45.32 , 73.33 , 38.83 , 46.99 , 26.89 , 17.28 , 74.46 , 165.09 , 17.71 , 288.76 , 46.01 , 92.73 , 77.85 , 721.27 , 143.18 , 189.74 ," 1,124.97 ", 168.91 , 336.78 , 574.32 , 425.63 , 154.86 , 581.11 , 314.13 , 269.72 , 264.69 , 179.19 
8/11/25, 219.65 , 35.23 , 278.32 , 72.45 , 94.57 , 125.56 , 112.00 , 104.12 , 44.71 , 72.68 , 38.57 , 47.49 , 26.89 , 17.16 , 73.65 , 166.11 , 17.66 , 289.56 , 46.16 , 92.31 , 77.59 , 719.24 , 143.88 , 188.53 ," 1,127.93 ", 170.07 , 335.90 , 573.59 , 426.26 , 154.80 , 580.24 , 314.93 , 270.32 , 266.65 , 177.89 
8/12/25, 218.80 , 35.82 , 278.24 , 71.86 , 93.96 , 124.47 , 111.99 , 103.69 , 44.61 , 72.39 , 38.47 , 47.32 , 26.56 , 17.39 , 74.05 , 168.04 , 17.78 , 292.85 , 47.50 , 95.74 , 79.48 , 743.38 , 147.29 , 191.23 ," 1,159.61 ", 173.74 , 336.74 , 574.18 , 431.56 , 155.49 , 580.80 , 314.01 , 270.21 , 268.00 , 179.51 
8/13/25, 223.18 , 36.08 , 281.84 , 72.30 , 94.79 , 125.71 , 113.11 , 103.66 , 45.23 , 72.92 , 38.63 , 47.68 , 26.87 , 17.49 , 75.33 , 166.74 , 17.70 , 290.53 , 47.24 , 94.65 , 77.89 , 744.69 , 147.76 , 193.40 ," 1,160.03 ", 176.62 , 342.55 , 577.90 , 442.57 , 155.71 , 582.09 , 317.49 , 270.22 , 269.43 , 176.76 
8/14/25, 221.52 , 36.35 , 282.50 , 72.24 , 94.19 , 124.26 , 112.86 , 102.86 , 44.65 , 72.39 , 38.44 , 48.18 , 26.85 , 17.38 , 74.80 , 165.51 , 17.52 , 294.16 , 47.71 , 95.46 , 79.41 , 747.20 , 148.51 , 194.57 ," 1,160.16 ", 174.68 , 345.49 , 583.76 , 437.32 , 155.08 , 583.72 , 315.84 , 271.05 , 267.46 , 174.70 
8/15/25, 220.78 , 36.32 , 280.74 , 75.41 , 94.07 , 122.45 , 111.99 , 100.77 , 44.58 , 71.93 , 38.12 , 47.04 , 26.67 , 17.24 , 73.93 , 163.19 , 17.49 , 290.49 , 46.94 , 93.69 , 77.10 , 730.72 , 144.63 , 191.27 ," 1,135.01 ", 171.62 , 344.47 , 581.70 , 437.56 , 154.09 , 583.96 , 313.69 , 270.55 , 266.25 , 173.50 
8/18/25, 220.08 , 35.99 , 279.79 , 75.72 , 92.85 , 121.46 , 110.70 , 99.74 , 44.00 , 72.21 , 37.73 , 46.67 , 26.23 , 17.34 , 73.04 , 161.05 , 17.50 , 291.53 , 47.92 , 94.22 , 77.44 , 730.96 , 144.78 , 192.01 ," 1,136.12 ", 169.22 , 342.74 , 584.14 , 440.64 , 155.50 , 584.82 , 313.58 , 271.92 , 267.60 , 170.94 
8/19/25, 223.77 , 36.52 , 285.53 , 76.51 , 94.18 , 123.78 , 112.66 , 101.10 , 44.74 , 73.22 , 38.21 , 47.19 , 26.40 , 17.35 , 73.50 , 160.77 , 17.55 , 290.66 , 48.08 , 93.74 , 77.53 , 721.38 , 144.07 , 192.99 ," 1,128.47 ", 167.29 , 342.45 , 585.51 , 441.10 , 153.66 , 586.23 , 316.40 , 272.23 , 265.40 , 165.76 
8/20/25, 225.68 , 35.99 , 285.49 , 76.18 , 94.93 , 124.48 , 113.55 , 101.76 , 44.88 , 73.17 , 38.50 , 48.03 , 26.57 , 17.33 , 73.68 , 162.87 , 17.59 , 292.24 , 48.35 , 93.17 , 78.16 , 720.68 , 144.12 , 195.00 ," 1,128.46 ", 164.47 , 343.93 , 592.68 , 446.00 , 156.59 , 592.54 , 317.48 , 276.15 , 267.09 , 163.56 
8/21/25, 225.30 , 35.87 , 284.35 , 76.08 , 94.62 , 124.14 , 113.14 , 101.50 , 44.64 , 73.16 , 38.00 , 47.94 , 26.82 , 17.46 , 74.02 , 162.10 , 17.62 , 291.47 , 48.26 , 92.59 , 77.83 , 715.95 , 144.04 , 194.00 ," 1,124.75 ", 163.44 , 343.69 , 591.92 , 447.20 , 156.32 , 597.21 , 316.53 , 276.11 , 266.48 , 165.34 
8/22/25, 227.85 , 34.58 , 284.60 , 76.32 , 94.48 , 124.34 , 114.02 , 101.65 , 44.96 , 74.26 , 38.05 , 47.97 , 26.70 , 17.51 , 74.84 , 163.26 , 17.48 , 296.24 , 49.48 , 95.26 , 79.10 , 741.89 , 148.02 , 201.69 ," 1,148.17 ", 170.50 , 350.04 , 598.96 , 446.20 , 156.24 , 592.44 , 319.61 , 275.77 , 269.98 , 163.09 
8/25/25, 223.32 , 32.81 , 277.39 , 75.32 , 93.13 , 123.11 , 113.01 , 99.95 , 44.60 , 73.03 , 37.70 , 47.60 , 26.48 , 17.52 , 74.43 , 161.18 , 17.37 , 294.90 , 49.48 , 95.00 , 80.19 , 738.79 , 147.65 , 200.70 ," 1,137.10 ", 169.50 , 348.82 , 593.21 , 447.72 , 156.27 , 586.74 , 319.89 , 276.17 , 270.72 , 162.84 
8/26/25, 222.74 , 32.41 , 276.67 , 74.84 , 93.09 , 123.28 , 112.63 , 99.72 , 44.42 , 72.54 , 37.70 , 47.44 , 26.62 , 17.59 , 74.42 , 163.08 , 17.61 , 298.57 , 50.25 , 95.72 , 81.51 , 748.95 , 148.97 , 203.46 ," 1,139.80 ", 171.43 , 351.18 , 591.61 , 455.46 , 159.57 , 593.02 , 322.18 , 277.66 , 271.74 , 166.52 
8/27/25, 220.95 , 32.54 , 272.35 , 73.89 , 93.28 , 123.68 , 112.89 , 100.07 , 44.39 , 72.87 , 37.73 , 47.61 , 26.83 , 17.57 , 75.08 , 165.17 , 17.89 , 299.28 , 50.38 , 96.87 , 82.50 , 749.67 , 149.38 , 206.04 ," 1,131.63 ", 171.64 , 350.35 , 590.66 , 454.47 , 159.84 , 586.61 , 325.46 , 276.76 , 276.39 , 165.60 
8/28/25, 222.35 , 32.66 , 277.80 , 72.09 , 92.24 , 122.37 , 111.78 , 98.17 , 43.76 , 72.34 , 37.48 , 47.81 , 27.01 , 17.66 , 75.89 , 166.96 , 18.00 , 301.07 , 50.49 , 96.82 , 81.98 , 751.22 , 150.18 , 205.62 ," 1,130.48 ", 172.02 , 349.86 , 590.48 , 456.18 , 160.66 , 587.90 , 324.91 , 277.04 , 275.27 , 165.83 
8/29/25, 223.57 , 32.51 , 279.98 , 72.05 , 92.30 , 122.49 , 111.02 , 98.23 , 43.68 , 72.39 , 37.71 , 48.34 , 26.98 , 17.72 , 76.38 , 167.76 , 17.69 , 301.42 , 50.74 , 96.57 , 82.18 , 745.25 , 150.48 , 207.44 ," 1,127.14 ", 171.40 , 351.78 , 595.29 , 455.63 , 158.60 , 590.04 , 324.57 , 277.62 , 270.79 , 162.04 
9/2/25, 221.99 , 32.19 , 278.25 , 72.65 , 92.09 , 121.89 , 110.09 , 97.20 , 43.37 , 72.14 , 37.94 , 48.30 , 26.74 , 17.70 , 74.62 , 166.72 , 17.42 , 299.70 , 50.42 , 94.78 , 81.78 , 730.85 , 148.85 , 205.42 ," 1,114.77 ", 169.55 , 350.07 , 591.87 , 452.50 , 158.01 , 589.32 , 324.39 , 275.12 , 269.71 , 160.03 
9/3/25, 221.76 , 32.28 , 278.19 , 71.63 , 91.66 , 121.50 , 110.03 , 97.85 , 43.38 , 72.43 , 37.62 , 48.32 , 26.73 , 17.57 , 73.87 , 163.55 , 17.44 , 299.51 , 50.06 , 95.03 , 80.51 , 730.56 , 148.53 , 205.00 ," 1,099.49 ", 167.34 , 350.87 , 593.28 , 449.06 , 158.11 , 581.01 , 322.81 , 273.11 , 269.33 , 160.95 
9/4/25, 223.06 , 32.66 , 279.76 , 70.87 , 91.87 , 120.87 , 108.64 , 97.80 , 43.34 , 72.24 , 37.46 , 48.16 , 26.71 , 17.65 , 74.38 , 166.54 , 17.22 , 303.82 , 50.62 , 97.08 , 81.83 , 748.90 , 150.53 , 207.36 ," 1,108.76 ", 169.90 , 350.99 , 595.64 , 456.85 , 158.68 , 579.76 , 322.44 , 272.99 , 269.98 , 163.79 
9/5/25, 220.31 , 32.53 , 277.75 , 70.90 , 91.78 , 120.61 , 108.11 , 98.05 , 43.43 , 72.68 , 37.78 , 48.26 , 26.59 , 17.39 , 72.63 , 162.35 , 17.16 , 294.38 , 49.77 , 95.40 , 78.96 , 738.21 , 148.09 , 204.40 ," 1,099.15 ", 169.99 , 343.22 , 584.22 , 463.90 , 157.52 , 580.80 , 322.86 , 272.39 , 271.13 , 163.64 
9/8/25, 217.26 , 32.43 , 275.59 , 69.77 , 90.83 , 120.17 , 107.55 , 96.65 , 43.02 , 71.75 , 37.32 , 48.32 , 26.48 , 17.15 , 71.36 , 160.52 , 17.25 , 292.91 , 49.46 , 95.87 , 79.14 , 741.85 , 148.79 , 203.77 ," 1,104.92 ", 173.30 , 342.30 , 586.60 , 459.11 , 154.22 , 581.90 , 322.72 , 273.89 , 269.94 , 163.75 
9/9/25, 216.05 , 32.20 , 273.45 , 70.07 , 91.21 , 120.38 , 108.36 , 96.98 , 43.09 , 72.02 , 37.54 , 48.33 , 26.64 , 17.17 , 71.84 , 161.28 , 17.39 , 297.85 , 50.29 , 97.34 , 80.76 , 763.92 , 152.22 , 200.41 ," 1,105.67 ", 173.17 , 343.99 , 584.00 , 457.06 , 151.75 , 571.63 , 321.33 , 270.71 , 267.07 , 162.23 
9/10/25, 215.19 , 32.05 , 272.36 , 71.04 , 91.56 , 121.35 , 108.34 , 97.08 , 43.32 , 72.31 , 37.79 , 48.59 , 27.38 , 17.42 , 73.35 , 163.41 , 17.35 , 300.54 , 50.13 , 97.17 , 80.30 , 769.58 , 154.12 , 201.89 ," 1,102.89 ", 178.23 , 338.12 , 579.38 , 463.87 , 155.00 , 579.87 , 323.05 , 275.64 , 271.93 , 166.13 
9/11/25, 216.04 , 32.85 , 274.00 , 71.32 , 92.13 , 122.11 , 108.74 , 97.70 , 43.50 , 72.85 , 38.24 , 48.81 , 27.57 , 17.49 , 73.30 , 165.24 , 17.46 , 305.56 , 50.75 , 98.82 , 81.25 , 784.73 , 156.48 , 202.75 ," 1,134.18 ", 183.92 , 343.49 , 588.73 , 470.73 , 157.65 , 582.95 , 329.62 , 280.63 , 276.07 , 170.10 
9/12/25, 214.91 , 32.47 , 274.72 , 71.64 , 92.27 , 121.95 , 109.46 , 97.55 , 43.38 , 73.35 , 38.24 , 49.10 , 27.58 , 17.45 , 73.05 , 166.38 , 17.29 , 306.91 , 50.58 , 99.44 , 81.46 , 780.06 , 156.39 , 201.98 ," 1,123.41 ", 181.35 , 339.43 , 580.41 , 471.31 , 155.85 , 575.96 , 326.15 , 279.20 , 274.71 , 168.33 
9/15/25, 216.25 , 32.50 , 277.16 , 71.50 , 92.28 , 122.37 , 109.10 , 97.00 , 43.43 , 73.05 , 38.29 , 49.06 , 27.36 , 17.54 , 72.61 , 163.33 , 17.36 , 308.90 , 50.59 , 99.79 , 81.41 , 786.76 , 156.64 , 202.46 ," 1,115.11 ", 183.80 , 339.05 , 582.96 , 473.25 , 158.37 , 574.54 , 326.98 , 281.89 , 273.02 , 174.30 
9/16/25, 216.00 , 32.47 , 278.09 , 69.83 , 91.36 , 120.25 , 106.84 , 95.57 , 42.73 , 72.11 , 37.65 , 48.89 , 27.21 , 17.58 , 72.58 , 162.94 , 17.41 , 309.19 , 50.66 , 100.64 , 81.39 , 785.53 , 155.81 , 200.94 ," 1,118.89 ", 183.72 , 340.03 , 586.42 , 474.32 , 158.58 , 579.36 , 326.40 , 284.27 , 273.19 , 176.65 
9/17/25, 217.17 , 32.77 , 278.00 , 70.31 , 91.63 , 121.10 , 107.52 , 96.40 , 43.23 , 72.05 , 38.05 , 49.11 , 27.57 , 17.53 , 72.86 , 166.52 , 17.41 , 311.75 , 51.40 , 101.76 , 82.48 , 794.22 , 157.41 , 203.77 ," 1,131.78 ", 183.62 , 346.20 , 598.63 , 473.12 , 158.31 , 577.08 , 325.28 , 281.86 , 272.46 , 168.38 
9/18/25, 220.36 , 33.43 , 282.68 , 70.79 , 91.45 , 120.39 , 106.44 , 96.35 , 43.11 , 72.17 , 38.07 , 49.12 , 27.67 , 17.44 , 73.58 , 170.12 , 17.02 , 313.23 , 52.13 , 102.41 , 83.50 , 804.31 , 159.24 , 206.27 ," 1,137.13 ", 188.68 , 338.18 , 586.05 , 473.62 , 158.19 , 573.75 , 324.57 , 282.73 , 274.69 , 174.03 
9/19/25, 220.61 , 32.98 , 283.71 , 71.08 , 91.80 , 121.08 , 107.06 , 96.33 , 43.41 , 72.11 , 38.02 , 49.46 , 27.42 , 17.30 , 71.55 , 164.43 , 16.88 , 314.78 , 52.25 , 102.68 , 84.64 , 805.00 , 159.91 , 205.52 ," 1,142.85 ", 187.62 , 341.61 , 584.16 , 472.94 , 158.24 , 573.03 , 324.08 , 283.94 , 275.13 , 174.50 
9/22/25, 225.85 , 33.20 , 290.55 , 72.35 , 92.33 , 121.58 , 107.05 , 96.62 , 43.40 , 72.35 , 38.17 , 49.19 , 27.18 , 17.13 , 71.62 , 165.22 , 17.17 , 312.44 , 51.92 , 103.49 , 85.16 , 805.56 , 160.71 , 203.12 ," 1,136.21 ", 185.64 , 344.36 , 584.49 , 480.39 , 159.43 , 576.15 , 322.66 , 284.32 , 276.16 , 178.19 
9/23/25, 227.98 , 34.07 , 292.08 , 72.32 , 93.72 , 123.10 , 108.14 , 98.55 , 44.23 , 73.04 , 38.80 , 49.60 , 27.47 , 17.11 , 72.60 , 170.14 , 17.78 , 312.74 , 51.70 , 103.00 , 84.37 , 806.32 , 160.76 , 203.92 ," 1,131.75 ", 184.91 , 338.70 , 569.97 , 486.67 , 160.54 , 577.08 , 323.20 , 286.19 , 276.01 , 178.02 
9/24/25, 230.36 , 33.82 , 293.32 , 73.83 , 94.41 , 123.64 , 108.88 , 98.81 , 44.23 , 77.93 , 39.01 , 49.98 , 27.82 , 17.40 , 73.67 , 172.19 , 17.69 , 313.42 , 51.70 , 101.65 , 84.11 , 792.43 , 157.88 , 204.08 ," 1,127.98 ", 178.08 , 338.68 , 568.81 , 486.25 , 161.38 , 586.27 , 323.62 , 284.00 , 277.51 , 175.02 
9/25/25, 232.00 , 33.78 , 294.57 , 74.65 , 93.69 , 122.32 , 107.86 , 98.35 , 43.78 , 77.25 , 38.31 , 49.57 , 27.93 , 17.41 , 73.44 , 171.74 , 17.72 , 313.45 , 51.85 , 102.11 , 84.32 , 794.76 , 158.95 , 202.74 ," 1,147.29 ", 175.60 , 334.93 , 567.30 , 484.34 , 160.51 , 585.77 , 324.43 , 289.24 , 271.25 , 176.21 
9/26/25, 235.20 , 34.01 , 297.49 , 75.85 , 94.53 , 123.02 , 109.14 , 99.62 , 44.09 , 79.28 , 38.81 , 49.59 , 28.21 , 17.46 , 73.89 , 174.19 , 17.29 , 316.06 , 52.21 , 103.42 , 85.01 , 802.51 , 160.11 , 203.32 ," 1,156.45 ", 175.32 , 337.37 , 565.13 , 487.44 , 163.35 , 594.52 , 330.34 , 293.56 , 278.77 , 180.62 
9/29/25, 236.18 , 35.83 , 299.62 , 76.21 , 93.91 , 122.80 , 109.78 , 99.57 , 44.27 , 80.05 , 39.13 , 49.72 , 28.37 , 17.20 , 73.10 , 169.09 , 17.06 , 315.69 , 52.42 , 103.16 , 84.65 , 804.12 , 161.16 , 201.85 ," 1,175.56 ", 176.14 , 340.16 , 568.14 , 491.98 , 163.63 , 593.99 , 332.17 , 296.95 , 279.53 , 181.96 
9/30/25, 236.37 , 35.51 , 300.41 , 75.49 , 94.77 , 123.75 , 112.50 , 100.52 , 45.01 , 80.65 , 38.80 , 50.46 , 28.31 , 17.16 , 72.97 , 167.54 , 17.04 , 315.43 , 51.59 , 101.50 , 83.82 , 796.35 , 158.96 , 200.93 ," 1,165.87 ", 170.85 , 341.38 , 568.81 , 499.21 , 167.33 , 609.32 , 341.00 , 305.41 , 287.91 , 184.37 
10/1/25, 234.74 , 35.00 , 298.68 , 78.67 , 94.80 , 122.39 , 112.75 , 98.17 , 45.06 , 80.31 , 38.17 , 49.59 , 28.30 , 16.99 , 72.98 , 168.07 , 16.95 , 310.71 , 50.68 , 98.71 , 80.87 , 785.51 , 156.89 , 198.44 ," 1,141.07 ", 168.10 , 347.83 , 573.77 , 499.00 , 167.20 , 605.42 , 340.75 , 300.47 , 286.01 , 187.18 
10/2/25, 234.52 , 35.57 , 298.30 , 78.18 , 93.89 , 121.57 , 113.46 , 97.64 , 44.97 , 79.60 , 38.29 , 49.70 , 28.22 , 16.92 , 72.47 , 162.65 , 16.82 , 307.55 , 50.48 , 97.34 , 80.50 , 779.38 , 155.30 , 198.16 ," 1,160.54 ", 166.58 , 345.95 , 577.33 , 499.36 , 166.63 , 605.01 , 341.05 , 296.10 , 282.22 , 185.70 
10/3/25, 236.80 , 36.01 , 300.15 , 80.06 , 94.54 , 123.54 , 114.06 , 98.81 , 45.34 , 80.26 , 38.86 , 50.07 , 28.46 , 16.80 , 72.89 , 162.30 , 16.71 , 310.03 , 50.64 , 97.74 , 80.67 , 789.98 , 157.59 , 198.46 ," 1,160.69 ", 168.45 , 349.84 , 580.45 , 504.49 , 166.58 , 609.54 , 343.62 , 297.39 , 284.24 , 186.64 
10/6/25, 237.41 , 36.25 , 299.65 , 82.11 , 95.49 , 124.38 , 115.66 , 99.33 , 45.69 , 81.00 , 39.46 , 49.77 , 27.93 , 16.66 , 72.73 , 162.60 , 16.67 , 309.18 , 50.39 , 98.05 , 80.69 , 796.78 , 158.09 , 195.62 ," 1,179.27 ", 166.89 , 349.28 , 578.81 , 514.24 , 168.80 , 618.52 , 346.50 , 303.01 , 288.49 , 191.38 
10/7/25, 231.86 , 35.99 , 295.86 , 83.21 , 96.42 , 125.56 , 118.16 , 100.04 , 46.79 , 81.85 , 39.43 , 49.45 , 28.01 , 16.67 , 72.45 , 166.44 , 16.44 , 307.69 , 50.29 , 97.80 , 81.14 , 789.65 , 155.97 , 193.81 ," 1,166.23 ", 164.91 , 352.42 , 579.84 , 511.07 , 169.27 , 621.63 , 343.43 , 301.43 , 285.38 , 191.39 
10/8/25, 232.65 , 35.95 , 296.62 , 84.04 , 96.18 , 125.23 , 118.19 , 100.83 , 46.62 , 81.85 , 39.56 , 49.03 , 28.14 , 16.67 , 72.38 , 168.49 , 16.17 , 304.03 , 49.84 , 96.70 , 79.73 , 776.51 , 155.65 , 190.16 ," 1,165.00 ", 162.46 , 351.36 , 576.44 , 514.02 , 168.57 , 637.95 , 346.44 , 306.76 , 290.83 , 197.01 
10/9/25, 231.54 , 36.05 , 294.89 , 83.71 , 96.13 , 124.71 , 116.91 , 100.80 , 46.66 , 81.26 , 39.11 , 47.99 , 27.52 , 16.62 , 71.25 , 161.30 , 15.85 , 305.53 , 49.79 , 95.92 , 79.89 , 779.96 , 156.27 , 190.67 ," 1,167.43 ", 160.65 , 347.04 , 564.55 , 507.76 , 162.18 , 635.01 , 342.77 , 298.20 , 286.14 , 195.60 
10/10/25, 225.45 , 35.49 , 288.37 , 83.35 , 98.29 , 127.02 , 117.04 , 102.39 , 47.07 , 80.93 , 39.24 , 47.69 , 27.10 , 16.29 , 69.09 , 152.41 , 15.96 , 300.89 , 48.65 , 93.93 , 77.62 , 764.36 , 151.86 , 183.95 ," 1,132.36 ", 153.77 , 343.65 , 557.48 , 505.05 , 157.70 , 623.49 , 332.94 , 292.34 , 282.99 , 190.08 
10/13/25, 225.85 , 35.57 , 289.57 , 84.30 , 98.08 , 126.09 , 116.80 , 100.86 , 46.85 , 80.16 , 39.19 , 47.74 , 27.34 , 16.52 , 69.57 , 151.77 , 15.89 , 307.97 , 48.86 , 96.10 , 78.92 , 786.78 , 155.13 , 186.92 ," 1,155.12 ", 158.16 , 343.30 , 559.24 , 503.83 , 158.85 , 618.88 , 334.39 , 293.42 , 287.90 , 197.37 
10/14/25, 227.08 , 36.13 , 290.31 , 84.64 , 99.68 , 127.82 , 118.38 , 101.89 , 47.38 , 80.85 , 39.49 , 47.52 , 27.31 , 16.53 , 69.58 , 150.38 , 16.09 , 302.08 , 50.09 , 99.84 , 84.56 , 770.76 , 155.34 , 189.73 ," 1,194.26 ", 163.98 , 348.38 , 567.92 , 505.18 , 159.40 , 626.93 , 335.50 , 299.99 , 291.94 , 202.46 
10/15/25, 225.72 , 36.24 , 289.70 , 85.79 , 99.72 , 128.67 , 118.53 , 102.29 , 47.83 , 81.80 , 39.86 , 47.61 , 27.61 , 16.90 , 68.92 , 151.06 , 15.92 , 305.69 , 52.28 , 99.78 , 86.46 , 767.93 , 162.65 , 182.34 ," 1,202.59 ", 163.91 , 345.69 , 562.81 , 499.41 , 157.00 , 608.93 , 332.04 , 289.72 , 284.96 , 203.82 
10/16/25, 224.04 , 35.99 , 288.49 , 85.05 , 98.43 , 127.40 , 117.53 , 101.07 , 47.36 , 81.10 , 39.67 , 47.21 , 27.21 , 16.68 , 67.22 , 146.30 , 15.92 , 298.54 , 50.44 , 96.26 , 84.00 , 758.09 , 160.02 , 178.37 ," 1,171.36 ", 157.97 , 335.40 , 549.88 , 493.25 , 157.05 , 598.98 , 330.59 , 284.29 , 282.66 , 209.01 
10/17/25, 226.04 , 36.60 , 289.78 , 84.53 , 97.80 , 128.53 , 117.53 , 101.19 , 47.78 , 81.16 , 39.64 , 47.08 , 27.38 , 16.45 , 68.09 , 148.67 , 16.22 , 297.56 , 51.28 , 97.07 , 83.28 , 750.77 , 158.67 , 179.40 ," 1,161.16 ", 156.31 , 341.89 , 560.97 , 495.15 , 157.95 , 594.50 , 331.15 , 283.87 , 280.02 , 203.12 
10/20/25, 227.30 , 36.67 , 291.15 , 84.77 , 97.69 , 128.94 , 117.82 , 101.72 , 48.24 , 81.28 , 40.22 , 47.21 , 27.52 , 16.77 , 68.53 , 150.94 , 16.47 , 302.36 , 52.04 , 99.30 , 86.02 , 763.32 , 161.97 , 182.17 ," 1,160.00 ", 160.44 , 344.41 , 566.36 , 505.90 , 160.71 , 602.00 , 337.19 , 290.56 , 285.77 , 207.72 
10/21/25, 226.54 , 35.73 , 289.78 , 83.99 , 97.00 , 128.33 , 117.43 , 101.56 , 48.00 , 80.64 , 40.03 , 47.27 , 27.50 , 16.76 , 68.95 , 151.41 , 16.51 , 297.09 , 51.52 , 98.25 , 84.76 , 758.98 , 159.23 , 181.91 ," 1,130.00 ", 161.43 , 347.21 , 572.03 , 489.50 , 173.04 , 599.35 , 340.69 , 292.30 , 287.53 , 205.24 
10/22/25, 225.24 , 35.92 , 288.63 , 82.84 , 97.48 , 129.03 , 117.27 , 101.94 , 48.11 , 80.69 , 40.05 , 47.71 , 27.56 , 16.91 , 69.59 , 154.46 , 16.82 , 294.11 , 51.10 , 96.30 , 83.88 , 744.60 , 158.12 , 181.20 ," 1,129.68 ", 161.72 , 345.36 , 571.36 , 487.14 , 177.98 , 596.48 , 338.24 , 288.97 , 283.64 , 191.17 
10/23/25, 220.04 , 35.53 , 283.83 , 83.25 , 96.15 , 127.26 , 116.18 , 100.77 , 47.60 , 80.41 , 39.60 , 47.18 , 26.25 , 16.85 , 69.76 , 156.80 , 16.76 , 294.54 , 51.76 , 96.69 , 84.46 , 750.78 , 159.31 , 181.95 ," 1,125.00 ", 154.98 , 345.96 , 573.77 , 488.05 , 179.44 , 605.74 , 341.50 , 293.28 , 290.09 , 199.92 
10/24/25, 216.61 , 36.13 , 280.50 , 84.41 , 95.88 , 127.37 , 115.98 , 100.04 , 48.04 , 80.39 , 39.53 , 46.91 , 25.86 , 16.73 , 68.61 , 153.77 , 16.91 , 300.44 , 52.57 , 98.78 , 86.41 , 783.88 , 163.86 , 186.44 ," 1,136.63 ", 154.60 , 347.38 , 573.67 , 485.41 , 178.65 , 605.58 , 350.77 , 293.20 , 299.91 , 203.28 
10/27/25, 218.23 , 36.00 , 281.64 , 86.03 , 95.40 , 127.49 , 116.39 , 100.22 , 48.07 , 80.69 , 39.74 , 47.27 , 26.15 , 16.91 , 69.29 , 153.98 , 16.87 , 304.15 , 53.02 , 100.99 , 87.01 , 789.99 , 166.02 , 184.86 ," 1,131.31 ", 153.85 , 347.82 , 572.36 , 486.91 , 179.24 , 595.95 , 353.77 , 291.14 , 301.69 , 204.03 
10/28/25, 217.59 , 35.68 , 280.40 , 83.57 , 93.91 , 125.65 , 115.11 , 98.55 , 47.70 , 79.82 , 39.52 , 47.09 , 26.08 , 16.99 , 69.10 , 152.54 , 16.90 , 305.36 , 52.87 , 101.39 , 86.90 , 792.09 , 165.21 , 182.84 ," 1,124.95 ", 151.69 , 346.90 , 565.93 , 485.77 , 178.67 , 595.05 , 346.68 , 287.38 , 299.14 , 207.62 
10/29/25, 216.37 , 35.30 , 279.53 , 81.76 , 93.51 , 124.29 , 122.11 , 97.00 , 47.20 , 79.69 , 38.95 , 46.67 , 25.90 , 16.93 , 67.20 , 151.38 , 17.01 , 305.51 , 52.58 , 99.12 , 86.00 , 783.06 , 164.03 , 181.02 ," 1,098.00 ", 148.92 , 341.28 , 554.58 , 485.33 , 176.36 , 584.99 , 343.48 , 286.87 , 298.42 , 213.69 
10/30/25, 218.83 , 35.64 , 281.62 , 81.64 , 95.07 , 125.21 , 121.89 , 98.19 , 47.07 , 81.59 , 38.91 , 46.98 , 26.08 , 16.77 , 66.72 , 151.52 , 16.45 , 309.44 , 53.03 , 100.22 , 85.99 , 790.16 , 165.26 , 182.32 ," 1,098.05 ", 148.39 , 345.03 , 553.68 , 489.72 , 177.42 , 578.60 , 344.66 , 295.90 , 319.07 , 213.80 
10/31/25, 220.37 , 36.02 , 283.38 , 81.40 , 94.04 , 124.30 , 120.26 , 97.41 , 46.12 , 81.17 , 38.24 , 46.62 , 26.19 , 16.83 , 67.00 , 154.04 , 16.30 , 311.12 , 53.45 , 101.23 , 86.97 , 789.37 , 164.00 , 182.55 ," 1,082.81 ", 146.64 , 340.74 , 551.99 , 491.88 , 178.50 , 583.45 , 344.90 , 289.10 , 322.02 , 213.61 
11/3/25, 218.82 , 35.83 , 282.17 , 81.78 , 93.15 , 123.67 , 119.92 , 96.64 , 46.20 , 81.26 , 38.42 , 46.62 , 26.08 , 16.83 , 65.36 , 156.09 , 16.43 , 309.35 , 53.56 , 101.61 , 87.30 , 785.52 , 163.65 , 182.74 ," 1,068.83 ", 144.42 , 336.90 , 544.07 , 487.94 , 177.04 , 575.41 , 341.87 , 288.59 , 317.54 , 215.86 
11/4/25, 220.91 , 35.84 , 283.80 , 81.69 , 92.73 , 123.83 , 120.30 , 97.96 , 46.38 , 81.59 , 38.74 , 46.39 , 25.84 , 16.55 , 64.31 , 154.57 , 16.36 , 309.25 , 53.54 , 101.01 , 87.13 , 790.83 , 164.01 , 182.95 ," 1,059.91 ", 142.85 , 340.30 , 552.75 , 484.98 , 175.61 , 577.14 , 343.47 , 291.12 , 315.90 , 200.39 
11/5/25, 217.38 , 35.32 , 280.77 , 82.14 , 91.41 , 123.77 , 119.76 , 96.11 , 46.15 , 81.19 , 38.86 , 46.56 , 25.92 , 16.91 , 66.27 , 162.69 , 16.42 , 311.68 , 52.45 , 101.69 , 86.95 , 793.09 , 165.18 , 184.15 ," 1,073.57 ", 144.32 , 340.04 , 553.31 , 473.14 , 174.00 , 570.50 , 342.91 , 287.10 , 306.68 , 198.12 
11/6/25, 217.99 , 35.16 , 282.10 , 82.00 , 90.90 , 124.00 , 119.53 , 96.99 , 45.71 , 80.54 , 38.99 , 46.88 , 26.12 , 16.87 , 67.81 , 169.88 , 16.63 , 313.42 , 53.29 , 100.85 , 86.04 , 787.58 , 163.42 , 182.92 ," 1,069.44 ", 143.43 , 336.96 , 553.28 , 468.92 , 175.10 , 571.96 , 340.30 , 285.02 , 305.43 , 193.93 
11/7/25, 221.48 , 35.34 , 284.25 , 83.93 , 91.44 , 123.66 , 121.43 , 98.52 , 46.21 , 80.91 , 39.41 , 47.71 , 26.55 , 16.45 , 68.12 , 172.06 , 16.67 , 314.21 , 53.20 , 100.79 , 86.04 , 786.34 , 162.36 , 184.20 ," 1,082.20 ", 145.94 , 336.02 , 551.97 , 458.35 , 176.97 , 568.61 , 346.34 , 290.66 , 309.56 , 193.55 
11/10/25, 223.88 , 35.12 , 286.92 , 84.77 , 90.76 , 122.93 , 122.56 , 98.24 , 45.46 , 80.40 , 39.48 , 47.92 , 27.06 , 16.69 , 67.90 , 169.48 , 16.72 , 316.89 , 53.42 , 101.49 , 86.10 , 797.20 , 165.05 , 185.09 ," 1,082.63 ", 144.30 , 334.85 , 552.96 , 452.10 , 179.03 , 562.98 , 349.49 , 297.00 , 318.66 , 198.79 
11/11/25, 224.80 , 34.98 , 287.57 , 85.76 , 91.14 , 123.67 , 122.73 , 99.59 , 45.44 , 81.16 , 39.69 , 48.29 , 26.94 , 16.70 , 69.09 , 173.23 , 16.51 , 315.62 , 53.63 , 100.76 , 86.19 , 810.31 , 166.50 , 184.82 ," 1,085.76 ", 144.98 , 338.92 , 558.35 , 457.07 , 179.22 , 566.74 , 352.42 , 301.68 , 324.19 , 195.65 
11/12/25, 223.55 , 35.39 , 286.49 , 85.89 , 91.89 , 123.90 , 122.68 , 100.19 , 45.93 , 80.72 , 39.58 , 48.71 , 27.01 , 16.58 , 68.90 , 170.58 , 16.56 , 320.41 , 54.11 , 102.87 , 86.26 , 838.97 , 169.92 , 186.91 ," 1,093.93 ", 144.36 , 338.88 , 561.23 , 457.04 , 177.69 , 558.57 , 349.45 , 300.24 , 317.89 , 196.77 
11/13/25, 221.48 , 34.88 , 283.53 , 83.99 , 91.17 , 123.59 , 121.48 , 100.95 , 45.45 , 80.14 , 39.58 , 48.26 , 26.89 , 16.63 , 69.44 , 169.71 ,, 309.48 , 52.87 , 100.67 , 84.70 , 805.50 , 165.61 , 183.99 ," 1,069.65 ", 139.53 , 336.08 , 555.57 , 455.85 , 173.96 , 558.00 , 344.06 , 288.37 , 312.67 , 177.88 